"RF,DT,XGBoost,Cubist,SVM,Ensemble_Prediction,POINTID"
"175.95017030864372,165.870895522388,164.15857,193.90111391878943,160.87496281028626,178.41514332484704,28661894"
"147.48793029871766,165.870895522388,163.2187,165.51600114608888,112.11825602513994,145.41165832101086,29361938"
"206.15979361960532,165.870895522388,187.92682,212.63930773954144,202.0243002663751,207.0763306707477,29761754"
"236.4082451752057,195.68,223.10533,176.27492702976056,135.99115027154707,190.87265902357512,29582082"
"104.48269155430829,93.3979381443299,130.697,139.96483615863957,136.0003834856324,124.58809899009017,29662086"
"212.83151220218912,502.7,245.43076,179.25586905590833,146.92959447216973,186.93348964168055,29882084"
"119.40647121456568,93.3979381443299,135.83559,136.6724216798789,101.31054050641089,121.01913765890791,29882098"
"185.49371576888146,165.870895522388,170.80952,191.28708186092692,119.99623176492452,171.45594811412553,30022086"
"162.52496789774588,165.870895522388,171.1858,153.4877924035533,145.0085616819818,155.2194139389649,30062066"
"154.22441276690756,165.870895522388,165.31659,127.50084752244334,105.30280257827434,133.22352323209395,30062074"
"137.75585507515027,165.870895522388,160.87952,124.51390299427307,109.67626360361186,126.66164355878283,30122060"
"126.43815093029727,165.870895522388,143.6399,101.85951868754087,112.0714261205258,114.73272016734623,30142056"
"158.8366149458676,93.3979381443299,148.21167,170.54470045152007,154.69152250988995,161.49412326930155,30162054"
"158.70182937783582,165.870895522388,186.96922,172.7942779424292,116.44559728074445,153.6197722432333,30162072"
"146.39803627485765,165.870895522388,159.94159,134.6665364053468,117.19190626645619,135.44432255431303,30242074"
"156.97201383217924,174.39166666666668,161.37233,145.87944018728427,160.28340836283883,154.03365086906004,30282048"
"124.69510735334141,165.870895522388,137.09972,120.35824840464062,109.98260377746539,119.9270680439262,30302082"
"169.7947907939692,165.870895522388,179.9961,172.64052150237237,128.7122519253735,160.89637920991038,30422084"
"201.92144084807944,165.870895522388,178.04106,196.28237602637978,160.4502284155312,189.56744726373074,30522076"
"200.48642019624492,165.870895522388,215.9867,178.93015905638268,138.71160618836922,177.96511692917557,30582064"
"148.47138149211133,165.870895522388,161.34355,127.49760113330579,120.9446135229191,134.69135931644706,30602044"
"252.20750515563884,165.870895522388,231.76498,227.47371162453982,162.68153856979598,221.34216602483085,30622042"
"128.4550892900115,165.870895522388,149.19728,118.37298040230539,120.22571991149101,123.29541810542834,30622070"
"214.84047214082358,165.870895522388,191.17973,180.1852330946515,126.09823898139433,180.88244216916382,30642062"
"124.90226600556203,93.3979381443299,140.64964,145.8815405838402,135.71025620647364,134.76808406123936,30662054"
"167.91554951929845,165.870895522388,157.78548,144.64653057709032,123.67631416213217,149.02884651065423,30682044"
"137.79034452668347,165.870895522388,170.55807,167.31195415945558,134.29532559929942,147.59858761469857,30682052"
"136.92739230336323,165.870895522388,146.25575,125.99993469179535,112.84036772433231,127.51157115201899,30221962"
"176.42786516818424,165.870895522388,187.43976,181.31283798573938,174.95722386454688,177.7955625718417,30241966"
"188.05358546358744,165.870895522388,180.06468,166.9590583013495,144.00745614474022,169.88112899644972,30261962"
"154.367938702896,165.870895522388,171.8847,149.10026211121837,155.16973740041576,152.91204382140887,30361876"
"190.77280277140397,165.870895522388,154.2474,161.11814328548385,144.6502899934117,168.90209792693452,30441944"
"109.4149596481858,93.3979381443299,126.94081,108.59968484794139,88.97967774583923,104.22730600775655,28282006"
"186.76385229186494,165.870895522388,229.29045,173.89620769379627,143.68956662803498,172.0545379065155,28341858"
"174.9836422301175,165.870895522388,180.01016,169.74302630718918,130.82126788581004,162.4616450604077,28361910"
"135.04496770230432,165.870895522388,183.18166,164.7616544309593,100.14516031931635,137.44508377177863,28381990"
"156.75579083741258,165.870895522388,170.17125,174.83661380242089,162.77222361116858,164.6476514100354,28541964"
"182.43424766596183,165.870895522388,210.16618,189.5603588582781,156.50447518163054,178.7508118660928,28621900"
"223.25325244653337,165.870895522388,228.42625,202.39447581415064,177.54472323614408,204.6710181489902,28721896"
"108.14647009897848,93.3979381443299,124.24258,120.28507831621022,100.87259631521572,110.6490966358129,28802056"
"141.36111091817583,165.870895522388,177.55179,178.26697516659934,133.28384557747572,152.63665827250693,28901850"
"123.29940625497824,165.870895522388,149.3404,136.3158834555734,111.69493976829972,125.42773077877455,28921962"
"110.12391260281397,93.3979381443299,124.041565,128.88254563136087,101.30644778907879,114.5317131949781,28922052"
"210.0504704085971,165.870895522388,200.00816,162.8552602680756,161.45987062874497,181.56423756635343,28941888"
"171.4702051361302,502.7,188.50305,179.36816294146834,111.53258370631,161.556496402316,28962042"
"167.84639372811012,165.870895522388,195.4718,155.7572581287168,149.79257313387433,159.45505937269922,29001862"
"194.0393316544171,165.870895522388,215.49411,189.6852672839789,149.9948301050569,181.87181150769928,29041888"
"195.47679699859236,165.870895522388,212.97581,188.1997255295477,134.47143721236137,178.1522883457494,29062002"
"115.01182774975788,165.870895522388,137.9038,98.70853178178827,121.02176470612076,111.21714881284902,29081976"
"203.78776711547883,165.870895522388,212.92311,188.04462848110705,146.3650499538364,184.2808454778918,29101954"
"169.60209736392176,165.870895522388,179.54271,168.0455741161181,130.38139932972416,159.62097150375942,29141956"
"189.75567995316885,165.870895522388,179.23373,184.97126787507173,151.55549463157175,178.64840544822033,29261832"
"163.52567437969222,165.870895522388,168.8824,175.61885958998255,132.71167825683997,160.32916853420141,29281840"
"231.91123884606367,165.870895522388,199.52727,213.73865336120303,146.09196414647695,204.24755642918643,29281846"
"210.04892895720167,165.870895522388,203.0712,209.69023960219778,153.79202790346434,196.03271353138467,29481906"
"158.8628235281824,165.870895522388,171.5839,161.92731367880887,117.77569713254451,150.11404544181417,29481960"
"102.50666149313878,93.3979381443299,133.68109,124.89693099787465,126.26138875974087,116.22186322359305,29482076"
"151.5532875062014,165.870895522388,169.29085,182.57627043289537,140.2992108225094,159.82881756574994,29541898"
"176.82514774977514,165.870895522388,196.38992,167.0545409931359,127.36665572061753,161.53814381432758,29621940"
"149.94014006059166,165.870895522388,151.27417,156.28882498448203,171.03565576661435,157.34673591093448,29641894"
"192.81633208016757,165.870895522388,199.82892,205.20080938238468,143.0839216471478,185.00314091028602,29701918"
"121.79986324858082,165.870895522388,147.7468,133.61077624834695,152.2588641030019,133.69384258953727,29762010"
"161.71167232048046,165.870895522388,167.5905,173.8070761464554,160.8965538815495,165.78794064406446,29781936"
"143.87257811993769,165.870895522388,166.62021,145.98167206120988,118.90968914866568,138.84165414749003,29902028"
"149.17180429319,165.870895522388,156.79306,132.2171833398688,179.09252386478735,150.65068867254178,29941942"
"173.18507192386906,165.870895522388,183.4144,188.9050291635505,174.43349496173198,178.99355834145942,30001912"
"143.01562071891624,165.870895522388,157.80424,153.32640158426838,157.33636728555123,150.29327400316043,30101894"
"166.36887430041847,165.870895522388,162.32854,163.79655275430383,159.30362332040778,163.7326947824164,28201786"
"147.7385216490529,165.870895522388,184.70187,140.33698438421396,115.49830145181656,137.71668538081755,28201818"
"150.21174463164485,165.870895522388,146.67368,146.95245498844616,159.67572283773723,151.42349144531346,28301756"
"115.95915281761218,165.870895522388,125.3506,133.04217964630624,130.3575626384959,125.7152241479225,28541796"
"122.77449393111279,165.870895522388,141.66818,150.44831099570553,132.2135028623388,135.04896132501418,28641812"
"215.45206091240993,165.870895522388,193.56325,206.3502794761681,193.09318098831187,206.46122460219425,28721676"
"199.22496714279183,165.870895522388,164.37999,194.17507094483523,169.5861707968007,189.87555488689745,28721752"
"159.2188106631271,165.870895522388,148.70207,170.93395174069786,181.91175747625198,168.7478886597411,28741738"
"222.38448936845072,165.870895522388,186.57721,206.99958423468362,173.86149800046456,204.741057193529,28741750"
"201.47628987622437,165.870895522388,199.31454,190.1271834827107,184.3939544553756,193.19216247744936,28821646"
"176.81806034765296,502.7,138.84615,129.73460801940206,169.5137848797045,160.08450999448263,28901658"
"204.76620797158333,165.870895522388,203.81529,189.35492141110134,194.35041776830946,196.6726815093299,28921674"
"219.7002921201425,165.870895522388,193.87347,211.04825812544982,192.73063081722216,209.70039578643653,28941672"
"197.67560166734506,165.870895522388,191.99908,193.43818895142218,183.397515091604,192.54038954940563,28941730"
"161.46417211697636,165.870895522388,178.6172,155.39666126721244,177.23755168235553,163.3131472825238,28961740"
"214.6163531053956,93.3979381443299,158.07411,188.3700260700502,191.29767566405968,198.8081766782234,29041604"
"267.4987883033522,165.870895522388,225.73878,198.21767308980708,180.1364040793009,221.4201840823936,29081716"
"229.28678084196804,165.870895522388,195.94872,212.08708579366092,204.46211441411444,216.72761059128476,29161684"
"176.4484953060277,165.870895522388,148.55083,132.6714894677076,177.75171289773564,161.27307941658503,29201666"
"175.6790806520663,165.870895522388,162.28558,196.11903346233657,188.32335330881762,185.70785945388974,29261730"
"212.99860425031747,165.870895522388,187.92682,212.11025004329323,189.01154227852126,206.46301595047484,29301726"
"178.9860298554891,165.870895522388,160.31262,138.12528466320796,193.48860872984594,168.07173353971726,29321686"
"162.28295312583515,165.870895522388,153.50224,134.01617782003208,180.39691662607007,156.78310175826624,29321746"
"224.78070711680223,502.7,226.66747,199.5337890184572,166.72568311733536,203.40111594839948,29381630"
"209.70340072510436,165.870895522388,197.08263,199.0154714059677,171.3898873150909,196.39532062037316,29381756"
"204.2034848175446,165.870895522388,187.92682,203.25480686482655,199.91079384166704,202.5203070388037,29401708"
"182.52115568946425,165.870895522388,194.53493,208.79673720046804,194.8780520305291,194.65605239738167,29401744"
"194.74561931262727,165.870895522388,187.92682,218.11076595593696,190.79324584212196,201.72425438062902,29621748"
"177.53789788028075,165.870895522388,200.57939,187.34069349470676,166.75033129571148,178.44239916854903,29661680"
"198.5954754904619,165.870895522388,191.99908,205.0732506628774,188.1497523929268,198.10615507597137,29781738"
"133.42088240757295,165.870895522388,134.21019,115.36636037496413,157.11775212462095,133.0443212882226,29801730"
"219.2591791727615,165.870895522388,195.36314,191.4625187664719,175.94708113041548,198.65676710106192,29881742"
"145.6931284602531,165.870895522388,157.06671,159.57283323676643,148.85184380762269,151.4741155382219,29881822"
"171.9136749445188,165.870895522388,179.35168,182.77565493180614,177.56028566774134,177.08222599196995,29901692"
"205.66921574660063,165.870895522388,187.92682,203.86956309358004,191.6880661640534,201.3275006855719,29921750"
"204.52314506852971,165.870895522388,194.53493,192.3707180704722,184.63249905969906,195.20863600939705,30001738"
"257.6478812382768,165.870895522388,201.91115,188.01749717515722,183.4191058754037,214.5778729360389,30061684"
"185.79952006476404,165.870895522388,177.19643,176.38277962110863,191.24292572645203,183.6744257216292,30081718"
"148.16000919397345,165.870895522388,154.55756,167.30646435547325,135.05863655908706,151.7917840073594,30101810"
"219.0595374133248,165.870895522388,185.80484,189.56712310456228,197.892365204477,203.16008977432878,30121722"
"173.62356048038376,109.15555555555555,177.8958,148.02479189732577,123.16845108880987,152.19967590653513,26761786"
"144.01646931707634,109.15555555555555,155.61171,119.55406745401243,126.59898612968422,131.18788032265994,27501780"
"188.3491817445387,165.870895522388,208.4004,158.4015594947534,132.02797914313533,164.32177842385045,27541756"
"173.59075050680607,44.31428571428571,180.44888,149.71866215933312,129.88982580393065,154.08405059765133,27002038"
"100.67674507741712,93.3979381443299,126.096596,93.15730728598545,127.56199207571208,104.70692665118803,27282018"
"132.60284419163222,93.3979381443299,102.62186,108.77626664630235,125.53628771889801,122.18335136224368,27482128"
"94.404888063565,114.64999999999999,121.861,110.66021046016623,92.14711476517299,99.81636065802755,27561988"
"103.11419086868122,93.3979381443299,122.66263,123.00526612638953,101.1870721258585,109.6597078834392,27562118"
"103.46639218308088,114.64999999999999,123.23529,120.62622595802836,108.29963075534229,110.8070794720882,27602032"
"106.89491351415039,93.3979381443299,130.84386,108.79256397849164,101.30380487796809,106.30202881676472,27682000"
"93.9327219277078,93.3979381443299,114.836914,104.73670695535205,96.31779734077006,98.41580678841393,27722128"
"80.34647546641202,93.3979381443299,133.08505,113.35222138508648,88.53740450319324,94.25852323032579,27922124"
"90.33475839844736,93.3979381443299,121.93321,103.833508748727,100.59574228279322,97.75599729906338,28102114"
"100.15898892989773,93.3979381443299,123.236435,101.47623240024197,99.90215001209972,100.68361757918304,28242042"
"97.6773934665725,114.64999999999999,141.58806,135.770235071161,102.31956164671371,112.45937784992434,28262056"
"87.3717208023951,93.3979381443299,126.521164,115.14902102690282,115.85980304491834,104.24246945237057,28262080"
"93.898917162645,93.3979381443299,129.53726,105.60882997762778,110.26158199937429,102.18400694986244,28282118"
"103.91523511353878,93.3979381443299,121.86902,117.96367709423599,85.6475779291967,104.45758761743083,28362076"
"72.3975074940367,93.3979381443299,105.393135,92.20234741048773,95.64929355204595,85.26026634385917,28382062"
"117.38596224897088,93.3979381443299,120.939316,125.44153715592778,82.0888570440979,111.54972856812086,28682118"
"194.99005460915822,165.870895522388,211.92152,172.2114008120273,102.97576604991869,164.76481083413364,28742034"
"155.8117713441366,165.870895522388,191.29503,156.83618939845402,117.65653081842302,147.23926709720524,28762036"
"115.58920166923426,93.3979381443299,125.96553,121.43724419743414,135.70550275223786,122.45066548232907,28882080"
"111.55109285189921,93.3979381443299,125.36357,124.47519669662968,106.26318123449772,114.77384804752917,29022110"
"170.11619578798002,109.15555555555555,159.92764,161.51819650228668,128.4536609071236,156.65351909480418,26521970"
"94.67744616704232,44.31428571428571,110.38419,100.53920646247362,152.7597343156863,110.6218546526733,26841944"
"170.12182243276152,44.31428571428571,132.7753,133.64150115565283,136.54379603784716,148.38087071030012,26881938"
"104.05701169240761,44.31428571428571,100.90144,83.23159185313769,101.29896637199272,95.80799103364512,27101940"
"147.5702112510852,109.15555555555555,150.7845,103.36748358341984,110.95435204134951,123.14695643885403,26761804"
"144.56909287060554,109.15555555555555,133.65727,132.63307967813563,123.94314670586277,135.16227068631684,26841826"
"169.32254751213168,109.15555555555555,164.67195,125.24283621168276,124.52837865710796,142.79458023440682,26941810"
"126.42402718692966,44.31428571428571,120.14353,103.89841865421405,111.7448997565121,114.56036940594124,26961834"
"95.15226211929634,44.31428571428571,123.72711,85.64425736157118,119.02434911886066,97.55731709125165,27001846"
"71.14522954155312,44.31428571428571,91.360954,77.96522301712709,115.86965810229462,84.34505916033748,27041876"
"73.79047754352746,109.15555555555555,96.05069,84.35749824320322,103.36239481334351,84.96552181480455,27061888"
"98.69529562612881,109.15555555555555,128.01785,104.11286677156828,96.90195066304383,100.40903833514156,27081954"
"147.98077508698478,109.15555555555555,151.34723,129.44707160251727,129.407414689517,136.85738727061477,27101814"
"52.377574192652,44.31428571428571,86.950516,77.43362659412672,105.92629662191806,74.25950659910626,27101892"
"140.48624751249665,114.64999999999999,130.40392,126.15697475559357,125.70184301386664,131.71544082346367,27122016"
"148.62881436537424,109.15555555555555,149.34204,150.13817148374252,118.71387150322934,141.71573342736,27141834"
"141.70836310050012,44.31428571428571,138.81401,103.10591196246061,124.96733464471907,123.69420116543318,27181846"
"131.62736565572177,109.15555555555555,151.04979,159.43077675471469,106.20808040268022,135.17552662140483,27241888"
"90.41456174932395,109.15555555555555,108.83837,77.31491071330208,97.49930869582884,87.79672927470449,27241934"
"105.29297088137675,109.15555555555555,96.343216,86.56383703695886,99.76419796946942,97.39243117872478,27281940"
"65.85864270948515,93.3979381443299,105.8226,88.83978218912375,97.85734140840432,82.02682576449229,27281982"
"139.28869413879235,44.31428571428571,120.772446,122.52779253225988,129.89453128494137,130.55708192017443,27321784"
"152.24909160118477,109.15555555555555,167.53539,156.61938445264306,104.79978774049316,142.17341401407663,27381916"
"111.63177235152281,109.15555555555555,109.37417,104.06784499119105,119.46873414168456,110.86632895316856,27421902"
"141.13511453113742,93.3979381443299,112.48633,135.1504192157227,134.72343814610375,137.04980425697758,27422010"
"142.10274685813775,109.15555555555555,149.9496,152.5152826991006,127.95402216718489,142.18814108786268,27461868"
"139.67777357527214,109.15555555555555,136.63013,174.1012892472114,118.62231680683044,146.38539591651605,27461892"
"91.7962615455662,93.3979381443299,115.50078,97.8277239012793,96.31011447309064,95.16409662856172,27462000"
"137.9811839763834,44.31428571428571,123.867805,152.68333886200946,161.114480367755,148.1102506473161,27481828"
"135.62524908463038,44.31428571428571,121.490456,131.31054752118024,141.76872732925372,135.03574994426413,27481840"
"131.17660856096103,109.15555555555555,132.32217,143.37740947702179,116.90807954293464,131.86478294838182,27481894"
"140.2680273833792,44.31428571428571,123.867805,143.89032904040656,136.10729832530023,139.90785225501378,27501802"
"117.25640703131239,44.31428571428571,110.94586,100.73559980736997,123.45819376707836,112.58294482460562,27501892"
"165.64011854293378,109.15555555555555,154.92351,126.8988117349429,135.00476227763517,144.3726139597919,27541792"
"192.77677776502256,165.870895522388,208.4004,166.43004773404198,138.85370681465693,170.5287613825941,27601790"
"157.5252631084487,165.870895522388,178.53618,139.52173559271986,131.27000640737887,145.09743241151477,27601794"
"148.5088200668356,44.31428571428571,134.36378,140.2340115752593,120.13844822606474,138.1224971380862,27641896"
"123.42686338210119,109.15555555555555,128.4266,142.50859085963967,118.22549068469755,128.7717398386403,27641914"
"146.82700824268358,109.15555555555555,137.1932,172.3708542606929,120.17087081489612,149.00475394843542,27661882"
"204.3269992188163,165.870895522388,226.47913,181.59650768956294,125.78576383039095,177.3671002097685,27701848"
"166.8716999765472,165.870895522388,187.9193,194.2904861787731,133.53782607582184,168.49384944091398,27741866"
"160.64243545736173,165.870895522388,178.58391,143.15090698538427,135.97161978432524,148.73830485069104,27781794"
"201.05012051454122,165.870895522388,211.02658,190.76520410891771,159.26479940821955,187.24713348056417,27801810"
"155.29485980718073,165.870895522388,158.8636,127.77795594091896,135.2801532030636,140.95366286555472,27841840"
"149.26584250055205,165.870895522388,177.6966,187.44108386392827,126.1466483054626,157.24755059258626,27881934"
"151.58039932575127,502.7,179.86215,179.62819467211372,129.89661311138985,158.11990888337021,27881938"
"90.22598062289076,93.3979381443299,116.08457,95.3644407234798,109.62049155764244,96.90707347646764,27882010"
"129.65717610840412,165.870895522388,168.3039,197.25758706185215,128.84360265634413,153.45296457643857,27901936"
"198.20525623191455,165.870895522388,192.80968,203.54080796704963,153.65097170656594,189.07554888555848,27921848"
"149.82969854474877,165.870895522388,204.33179,181.7322547655307,145.70768934325568,160.40635663893218,27981828"
"307.61042415989846,502.7,261.34933,228.7252694884466,147.10867592651132,241.99975993387204,28041928"
"142.88543925149833,165.870895522388,160.9393,132.19432204982994,107.00909971220854,130.73003379967918,28101970"
"129.6527195537065,165.870895522388,133.53346,152.3938196208571,143.41388499653993,141.11401108061355,28121858"
"158.45739792210276,165.870895522388,171.08595,184.92225282222918,158.41934030129013,167.78823798745157,28141834"
"120.82543817078341,165.870895522388,135.53636,119.09929198886356,111.92047257636612,118.40784166411969,30342090"
"137.06320300854398,165.870895522388,162.12259,102.96729143006598,125.36421079436806,122.69087191520192,30502088"
"143.92825844741608,165.870895522388,155.453,113.70350759208989,127.72959739765422,129.68319581106,30562086"
"137.18158137955726,165.870895522388,161.34698,141.10540817075236,151.25430557279608,142.27264878303063,30682088"
"106.56076485351754,93.3979381443299,147.5823,139.64280190069286,108.5582754154113,118.78168867505573,28282136"
"283.36220937610034,308.09877300613493,270.98706,255.2129014898726,152.7384065307558,241.99723511066335,33321992"
"210.82518126351252,218.07741935483875,204.92146,203.1801713475466,156.67846652721417,195.05790112697213,33362014"
"442.17205082213496,308.09877300613493,395.27716,377.65305851630256,186.25190398316502,356.7600365496284,33382016"
"377.6958879285384,308.09877300613493,362.80618,355.1691000639029,198.72570155960312,326.0820101166128,33482012"
"228.66657888236324,308.09877300613493,210.34932,197.0699328902519,154.80783409549767,200.07908854041614,33521972"
"192.20162121777287,407.26785714285717,239.20937,241.22558306120467,158.76797240588743,202.62576648318623,33581994"
"309.1483161145258,308.09877300613493,288.12283,256.397710934614,169.88044329832834,256.93312734683985,33582000"
"299.85722393394923,407.26785714285717,302.39166,284.4861966257315,170.3917740982949,263.75532036081694,33582012"
"319.69632059906905,407.26785714285717,256.0042,282.38088505786743,195.3264337987997,276.6169545824614,33582030"
"410.09685544512865,407.26785714285717,378.8191,360.22231902357913,210.93525000760658,344.30838145434683,33601972"
"185.66920091399896,129.02727272727273,172.06163,168.69516561285107,182.89733140251965,178.69957736752804,33602016"
"227.1317256624591,407.26785714285717,224.7886,231.91399892305407,155.8146413594109,212.45833146668403,33622004"
"372.1942421544193,407.26785714285717,302.59976,316.7135030713682,202.87109842768407,311.5999289006025,33622018"
"332.5954003310984,407.26785714285717,336.49777,299.42223658545777,184.15303888957436,285.5445692519727,33641988"
"334.0976439525332,407.26785714285717,278.80603,316.57562907080603,196.60003394121264,294.71633137178173,33642006"
"334.97501340936077,407.26785714285717,281.41507,296.5976232919472,182.2179519409775,284.6494869012084,33642010"
"380.9650591815456,407.26785714285717,313.91138,313.01734670095846,202.99757597111483,313.91187112131786,33642016"
"341.47490928460337,407.26785714285717,332.11142,313.83398293021384,183.1967737657894,293.8298073187625,33642028"
"297.43701208316986,407.26785714285717,300.936,271.65543936503514,169.81909797927247,258.1777424555181,33661990"
"202.9061977643393,294.04999999999995,204.47554,177.4829946162207,174.5232613099818,187.67307439066212,33681992"
"146.15196928769055,129.02727272727273,172.06163,143.55341018071852,168.0082278612181,150.6305349864573,33682010"
"329.1613640834064,407.26785714285717,329.51163,286.61625294838666,173.13245447710938,277.00520042785644,33741998"
"315.96276997827266,407.26785714285717,304.95584,281.21722734573274,176.36338038271882,270.48517708014873,33762000"
"126.43700074222293,129.02727272727273,151.60332,140.83853711303672,149.56391298822373,137.23769801958287,33781948"
"164.68275967565194,170.9923076923077,202.49454,155.53165282593068,176.61695774337284,164.68550803989143,33781984"
"224.47716152804213,407.26785714285717,240.43558,246.03123043727462,161.44607057214887,217.7901823804413,33801996"
"235.02872860475426,308.09877300613493,233.44382,239.9901077622943,175.00419148601725,222.59964089563073,33822024"
"420.59014781600126,308.09877300613493,394.7509,358.3305817808553,179.44936518121645,339.80191097040904,33861962"
"316.4999933008391,407.26785714285717,271.3866,304.86342776016096,193.4194852725142,282.81930022890407,33921966"
"239.08912916106794,308.09877300613493,221.66806,232.13093089422594,178.81756621579441,222.3179949402146,33922016"
"314.0546573331531,407.26785714285717,267.5054,275.78607158423677,196.98415929827257,272.5603980439223,33941964"
"327.912478914186,407.26785714285717,309.61435,300.52492766792886,179.18984252198027,282.6749069951585,33941968"
"109.12252731922337,129.02727272727273,136.32115,118.91298046453535,141.04462441378126,120.55062153325555,33961984"
"323.39972813146795,308.09877300613493,328.87054,283.0896074662893,168.12843376922888,271.7561417708887,34001998"
"129.65961068173155,129.02727272727273,148.23282,136.75241239225852,148.60390011599839,136.840726755198,34021972"
"187.36670559805611,308.09877300613493,215.50636,205.7720115271861,148.7729015492628,185.26083135755582,34041988"
"272.8599595106545,308.09877300613493,248.99321,244.9818889996873,166.63682167454147,237.46685871670013,34062008"
"247.35971665710622,308.09877300613493,226.25114,224.89450694943213,160.31072168277922,218.64230773834035,34062020"
"290.3570332803347,311.8,272.553,274.4731245582291,166.26695553096553,254.7869756942072,34161996"
"294.00967127523427,308.09877300613493,301.81543,301.5172484385752,180.3698265763484,269.25373485377696,34222010"
"199.87961530251562,308.09877300613493,207.99568,203.55936298197557,155.24828907121622,190.98029429276335,34222016"
"214.1528139226871,308.09877300613493,216.2032,227.5842033823251,164.08068108556296,207.21437987997604,34242002"
"199.5997870008936,218.07741935483875,211.71866,200.6024410928354,157.4826204653319,189.939349564526,34382008"
"276.8244070953432,311.8,285.5713,268.1016012772569,203.7069831157483,256.3392240066943,34522014"
"188.149912600114,170.9923076923077,164.867,166.51492429518237,136.3336683585099,167.82700409323206,31302034"
"186.77567505449414,170.9923076923077,206.02301,168.8573608744831,174.4618332434355,177.61317660666342,31402026"
"190.24702467381087,218.07741935483875,183.6411,171.86763254997746,131.68605384498204,169.77695292835216,31422058"
"219.2347010804966,170.9923076923077,210.7008,218.09490743781356,178.00991706709783,208.5518239659334,31482010"
"144.43759393449284,170.9923076923077,148.53978,147.6310521526809,167.20674037486268,151.2256117751328,31482042"
"272.20921786803,407.26785714285717,232.64493,246.17156927351013,192.44062366039518,244.26515249208077,31521980"
"359.0679085044139,407.26785714285717,357.38315,306.85612966764074,192.29445740710545,300.77731210840795,31642000"
"396.7667029998296,407.26785714285717,383.61588,325.6699006631975,189.8901787043809,321.92169290811967,31642018"
"260.7269865696029,308.09877300613493,232.14384,243.86097885671637,172.23911864733526,233.488126018581,31782036"
"158.8509116542045,170.9923076923077,170.78955,167.62843687088878,146.7353358062792,159.12220341910967,31842046"
"266.9603550078103,308.09877300613493,232.99539,261.23640614568177,182.3874801148261,244.47679725012767,31881998"
"271.1988500021844,407.26785714285717,253.80882,254.66115194608818,175.43674109788867,242.85385675768396,32022028"
"266.2497398977503,308.09877300613493,242.72694,252.27478513531958,183.1849015316116,241.33659541566766,32261948"
"159.94226209314917,170.9923076923077,165.7753,186.53030056724762,189.09169735332912,176.34931354702294,32461996"
"195.49368144898526,170.9923076923077,191.6234,216.14963887522563,169.39301587880624,196.21358586191835,33041814"
"361.05441960474406,407.26785714285717,319.8596,289.30005022958704,181.69516225910667,292.62582499465304,33061854"
"354.2203806580198,407.26785714285717,287.1122,292.91787683241654,187.95431329669378,292.450213335905,33101854"
"342.044787766704,407.26785714285717,305.70215,303.36880153153675,187.5895632213854,291.2895860145774,33221838"
"222.96001469517446,170.9923076923077,230.7405,218.85033714551878,175.71140480851898,209.88189617066192,33341814"
"243.2465517566573,218.07741935483875,244.2398,198.10038969818163,169.9978745571288,209.6838294257386,33441780"
"306.8926992379301,311.8,299.33514,299.28534740582745,170.2493074913536,271.15276132654583,34221974"
"170.7611768501045,165.870895522388,159.57684,203.92378531981416,169.9360077919709,182.0005350956685,30762060"
"205.6228145397228,165.870895522388,193.64487,161.49539316617143,159.88047324578042,178.90293481671495,30882072"
"121.5647368460386,165.870895522388,137.63187,113.47506624191055,130.12367404194202,121.16359509243621,30942046"
"173.83309294488797,165.870895522388,167.87083,158.13671771848325,138.14429646936418,159.65010078362462,31042070"
"232.4469320914694,165.870895522388,196.151,195.89057874790586,180.74979284571987,206.6101628754081,30501876"
"209.8608958562815,165.870895522388,160.11426,157.03717181783963,131.5868790610095,171.9528023758835,30541864"
"228.2784138778886,165.870895522388,183.4772,172.298078625576,138.50149473559125,186.4275382235028,30661974"
"153.66209167641108,165.870895522388,162.3079,167.78248441276085,161.50708931964886,160.60012487954515,30781994"
"224.92070245471626,165.870895522388,177.77293,162.2271918576094,169.201752960521,188.9749311175184,30881994"
"146.93909176043778,170.9923076923077,151.78091,170.12747823951662,156.26991301205913,157.42770326046667,30961900"
"252.2652253673316,407.26785714285717,275.68268,234.55916324401147,182.9687800899925,230.30465443269054,30961912"
"164.9691014310435,170.9923076923077,164.87965,147.04681375399613,134.1158201194568,151.29553376437298,30961984"
"326.1493027792674,308.09877300613493,273.71494,291.45250498626683,201.49334980932616,283.44354221180754,31001850"
"254.31730998901975,218.07741935483875,230.18619,199.20468462415033,178.52417066034226,216.43433946367597,31001904"
"383.81400945813317,407.26785714285717,331.56845,306.56185215178965,149.164772042973,299.8966684923551,31001954"
"246.33153966637386,407.26785714285717,226.98747,250.59384589089652,190.80927956205178,235.0790237960533,31041900"
"150.24075171781234,170.9923076923077,130.70845,185.11073508722464,154.3006707892018,163.33052405304275,31081962"
"350.6075333789216,407.26785714285717,316.94846,294.70105883740655,189.0755419142684,292.1167224939966,31121872"
"288.6125183318977,407.26785714285717,270.69583,287.3159748403953,183.80535062933882,263.2900351133187,31201866"
"377.56546485579815,407.26785714285717,346.79526,318.6240428007301,185.0325210382851,310.39734022545224,31201884"
"183.9544498484991,170.9923076923077,182.33807,220.45358836067354,162.29244075120675,191.33911136195934,31261846"
"404.1642456347717,407.26785714285717,352.06903,322.09381399634617,196.7169863828138,325.04723171266164,31261876"
"239.39178635522578,170.9923076923077,217.10233,236.30535703644122,169.44575588372402,220.87953939512647,31281842"
"195.21379816635715,170.9923076923077,212.20686,191.50162206522404,185.36215271954993,191.53233524608345,31281982"
"164.2783781756172,170.9923076923077,202.47455,175.67477042480505,162.04974292568804,168.011326747024,31282014"
"245.50008621770758,170.9923076923077,191.0369,222.42074809677516,183.46179732905944,221.68248565667108,31301844"
"293.50751161211394,407.26785714285717,246.72269,294.4136637902841,188.52009918740038,268.6783860411195,31301872"
"347.903402383128,407.26785714285717,239.30618,277.62510503878866,196.26025237448306,286.28628952346395,31321922"
"142.83841421125805,170.9923076923077,159.74081,158.50872242688834,158.4467202786659,152.3356945074224,31341952"
"163.0601116038284,170.9923076923077,203.50275,173.42537162836751,179.61778885841662,171.0021215522596,31341974"
"319.76321485445277,407.26785714285717,265.01462,281.5757259969697,182.04588630120415,273.213550260682,31361832"
"409.65865582640146,407.26785714285717,356.8309,308.28625946939195,175.36801280033683,317.2937532561329,31361882"
"251.55534670252248,407.26785714285717,191.74625,277.7744023597622,177.26194979086821,243.0901121961695,31381934"
"304.2536090518478,407.26785714285717,268.2236,272.178529085076,177.40418089234046,262.67437329075983,31461834"
"355.1329149102185,407.26785714285717,347.7852,264.1732488353919,177.47787405916196,280.70185250750893,31461892"
"174.2071149119482,170.9923076923077,172.59898,181.06695652877022,166.76519253573298,174.7661488272384,31461986"
"186.66232087229938,170.9923076923077,211.32687,163.60680807646904,192.09236635857008,180.0440717489281,31481970"
"276.44561165714475,407.26785714285717,225.72713,261.08109149450814,187.41302028923246,249.87417950361478,31481998"
"293.69842674641114,407.26785714285717,231.93272,324.4077894443593,190.11551171404503,279.4763260546082,31501868"
"219.273519064626,170.9923076923077,190.48209,214.06809402231244,180.30290145081355,207.57727959223132,31501930"
"173.36392204840752,170.9923076923077,202.99477,161.48452895349578,181.21517359110015,171.32603792884817,31501966"
"306.4890192957048,407.26785714285717,271.7983,308.1466106052822,183.24387443208124,277.52181454126674,31521848"
"201.07289107378855,170.9923076923077,186.48798,238.04614735505703,179.35568814460822,208.4285530435236,31541832"
"290.6471255911454,407.26785714285717,255.73192,270.096785298328,183.79749088855726,257.9974674006981,31541858"
"300.7267081094128,218.07741935483875,227.4522,191.66161730996922,196.48544104437465,236.590917594273,31541994"
"201.31836770113463,170.9923076923077,184.19864,228.61628386700843,170.20562651995434,203.01346126100276,31561848"
"268.4540985422035,407.26785714285717,217.38542,272.6329958959943,189.46451521441904,251.1546829872364,31561974"
"260.59753338741405,407.26785714285717,275.44128,258.237138475882,185.62085387193326,242.50023284792218,31561978"
"196.00919096209793,170.9923076923077,212.87299,217.77116417313334,174.43357734204574,198.3531198972508,31601820"
"282.472374388354,407.26785714285717,218.83913,280.0327200238678,186.99243075677904,258.7171747081451,31601946"
"168.07210520496238,170.9923076923077,165.70392,180.99820093148136,156.92005854048233,169.8714708254176,31601976"
"356.5886861017805,407.26785714285717,304.9325,327.14037232329247,201.95473638805507,308.81838989783205,31621872"
"198.39210259423783,170.9923076923077,177.55981,174.36315474279652,179.7257562190039,185.2213959897989,31621930"
"174.52055865980765,170.9923076923077,161.02325,182.6423863546184,177.52956209106858,177.96192091337184,31621954"
"273.75542875885736,407.26785714285717,240.73515,272.5013332355877,186.7611075530162,252.72815401374888,31641834"
"204.4950251505395,170.9923076923077,177.55981,180.50029822285484,178.90196489949037,189.58527240391243,31641924"
"273.1766858022399,170.9923076923077,249.67847,279.41276942974304,195.03966001249069,255.74355802451296,31661854"
"331.47499652845795,407.26785714285717,296.48367,298.1052530457575,181.8628794770731,283.8031874715472,31661880"
"232.67068351317982,170.9923076923077,210.88843,248.3724735032243,187.37761148455272,226.7022477596887,31681858"
"284.5893439662897,308.09877300613493,237.40395,251.47325084482074,187.73466286919177,249.4138752543696,31701818"
"259.23264632858695,170.9923076923077,244.22339,256.95852616754144,187.60212441341167,240.54407807302522,31701848"
"314.80653062848853,407.26785714285717,314.24606,293.45391897968926,185.19664726882255,276.4880209769392,31701880"
"366.981090200557,407.26785714285717,316.2954,332.2471710017181,203.39203558000008,315.15695336379235,31721966"
"189.61861344119677,170.9923076923077,176.43237,188.86799851239405,171.41785484537428,184.7632081678929,31721984"
"295.66322892773155,407.26785714285717,264.28732,316.06673949078805,195.85679123251106,278.9724822315433,31821942"
"343.4171351074237,407.26785714285717,273.7062,306.2971822729585,192.95525718821148,293.92652016776304,31841890"
"315.7079841938623,407.26785714285717,300.26126,303.68612936080507,162.27394577069558,274.7625873543696,31862056"
"303.1619788263948,407.26785714285717,270.9562,292.1239179043896,191.87113285149434,272.70300821694116,31881872"
"215.2494129929373,170.9923076923077,232.4448,232.3091731628996,168.40492369506768,209.74463888951396,31881902"
"314.476045919597,407.26785714285717,265.8929,289.0149205478962,197.4772196386013,277.44069879827344,31881938"
"361.506977326195,407.26785714285717,320.8856,326.1821287450962,196.2292146794094,309.1681879654469,31881944"
"364.4991404407823,407.26785714285717,320.35373,311.68230899790615,200.7135367535679,306.3921383994019,31901900"
"251.94712576431576,170.9923076923077,223.6023,230.32121362791924,180.86599204013643,226.5987467078784,31921834"
"388.13732703896306,407.26785714285717,340.7075,335.55999500015207,226.22988656570382,330.42217636252815,31921978"
"389.1117939145641,308.09877300613493,324.65955,300.73159204339277,204.91080516716391,312.89915031891934,31961820"
"326.55221936056626,407.26785714285717,292.93997,280.64018905574443,168.23654443854747,272.44386403016597,31982044"
"312.471181993121,308.09877300613493,275.24606,258.422111706348,187.0344595566288,263.0188350386398,32001860"
"266.4971080648484,407.26785714285717,271.69397,258.54059048571315,183.82954010343303,244.49195256008355,32001982"
"249.81902712391104,308.09877300613493,228.28848,227.83597468259526,180.59579129449332,225.567030952284,32021980"
"194.1188377337725,170.9923076923077,199.72641,202.56836538231187,193.64450535904706,196.8648845988868,32022010"
"307.48318827431007,308.09877300613493,263.8519,259.60029536964413,205.1573158829334,265.7499567173728,32041948"
"233.0504140066956,170.9923076923077,195.16837,217.89376476984964,187.29218080617517,216.11195573976522,32041972"
"282.963418052576,308.09877300613493,275.04248,250.30170811821293,177.72848428862753,246.20471537862338,32042008"
"156.332864625811,170.9923076923077,164.76039,158.41241593037856,139.86007864625134,153.2065520877921,32042056"
"288.01807875740076,308.09877300613493,262.4184,261.1453310015741,189.8800260006773,254.840317435062,32062010"
"272.23794286971014,407.26785714285717,240.65967,241.2689014051164,200.44356948516725,244.56322674085882,32062016"
"349.3979180012252,407.26785714285717,308.06427,309.9738430286742,184.45916639056722,295.77208647584575,32062034"
"305.4456455564767,308.09877300613493,283.09174,276.9373883624494,187.71018326100994,266.88904734661037,32102006"
"356.20466921889494,308.09877300613493,292.97745,327.38887056163946,203.47069829664093,308.51948759222097,32102010"
"298.27089486020634,308.09877300613493,261.5211,253.3506075522832,188.91995139834398,255.96559023256268,32142022"
"324.95485096920424,308.09877300613493,305.13892,286.1304811235489,203.42520534848643,281.8059005264087,32161828"
"340.3775694075868,407.26785714285717,284.66904,318.14959431878543,192.0009300493705,296.6901801397947,32161876"
"227.32699148036744,170.9923076923077,227.36427,247.38138189182132,184.92830207709784,223.7562136808731,32181892"
"188.32325114531287,170.9923076923077,196.62372,208.38892355474633,173.5460709574954,191.70103181303284,32181928"
"157.14468285175647,170.9923076923077,161.53577,169.99435362700356,148.04141286123252,159.51777457220683,32221796"
"276.4451089597307,407.26785714285717,252.38281,275.0192219451334,191.8761161657683,255.99434344297077,32222008"
"312.00250722173246,311.8,282.9274,290.8132794692649,173.2924315216163,270.85592050063724,32241758"
"292.7295058317855,308.09877300613493,226.18495,283.73050229481726,183.59432866703875,262.7981274547116,32241830"
"284.03523348809784,308.09877300613493,285.94745,231.69950994764528,186.85776103979484,242.44191595857086,32241866"
"197.61214296222082,218.07741935483875,185.67137,156.8268154974665,158.1425217994742,173.8863467986709,32241956"
"296.0219500929017,308.09877300613493,276.3679,236.50842070168764,177.31558471014358,246.5058204826656,32242034"
"352.2836538093655,308.09877300613493,312.99265,302.50658875887035,199.0476128757327,297.37036536660577,32242052"
"309.0955169595847,407.26785714285717,307.16354,316.6402056557248,194.93680466324577,284.5945753683062,32261904"
"205.00112939337677,218.07741935483875,190.49632,191.23912272824992,152.9403032178167,187.57866084435656,32262002"
"370.55794195487977,308.09877300613493,324.44885,295.496748799447,183.27859109017234,298.4628190978452,32262026"
"312.2666297141703,308.09877300613493,282.69754,267.64508553352016,183.58853894340714,265.36685173694633,32281834"
"301.7128701726213,218.07741935483875,215.85426,243.88544239395324,165.68036597856184,247.6256328310048,32282042"
"328.78741623373224,308.09877300613493,307.60617,256.35745030625816,189.68323888264834,269.65857084403564,32301854"
"262.6305047250769,218.07741935483875,225.28596,203.0966759406337,171.473124008873,219.3541427882891,32302008"
"171.3055397703639,218.07741935483875,166.68065,179.95196630785847,157.76867276211536,171.24983628230095,32321760"
"279.57332761027436,218.07741935483875,241.37085,224.82857512890243,158.31134499878803,230.58548738352115,32321820"
"443.0547113804969,308.09877300613493,346.08984,354.76458108199114,201.20475315924347,352.413765409123,32322030"
"384.43140395470914,308.09877300613493,328.74905,308.6373344044552,185.74890556604768,309.18213390123753,32322036"
"131.8307704981131,129.02727272727273,142.10463,124.75550402447884,152.83915363606474,134.50954823781714,32341750"
"330.9807741867537,308.09877300613493,312.65204,287.11532109122317,195.66646472601116,282.72080956043277,32341846"
"326.728497320253,308.09877300613493,293.16776,271.5971276746216,183.86886839777986,272.63547272931294,32341858"
"309.1397034245776,407.26785714285717,285.67767,286.8285282757264,195.72748691929405,274.27421565944337,32341872"
"240.8047128945147,170.9923076923077,215.85931,213.64544972606868,181.09186329570275,216.36294837409227,32341984"
"299.06116433699174,308.09877300613493,279.26086,240.33501363632087,177.40841856666586,249.08935752152195,32361860"
"313.2049709497846,308.09877300613493,279.26706,280.27013998134476,209.0478389385302,276.2708134146408,32361874"
"241.44237184751665,170.9923076923077,230.5931,253.55963777313673,195.66863177985795,234.141738788525,32361888"
"276.91720346568354,308.09877300613493,242.72694,263.37999509214114,200.62952577438884,253.6654194554444,32361968"
"181.59343248486778,218.07741935483875,152.58507,175.54660277626965,144.35904612206582,170.46299148142305,32401786"
"202.48549282626016,311.8,186.27942,233.36413394475161,160.09491830246313,203.42956247447236,32401810"
"268.6106478045444,407.26785714285717,248.05528,287.74044191945785,185.5747899941905,255.75159568250922,32401912"
"365.2696688929321,308.09877300613493,349.1171,313.2923788485561,195.3440605043911,305.64846383772124,32401972"
"330.1447335195145,308.09877300613493,303.99316,293.75056792452284,204.4944203817713,286.77283362532955,32421926"
"312.0060253122971,308.09877300613493,299.13327,287.42489926140877,186.96343891673416,273.08135838840354,32421998"
"306.8958005134268,407.26785714285717,245.7754,334.53399371822945,183.6621170820946,286.7857670807242,32441768"
"312.10238939893566,407.26785714285717,295.69232,329.94449987973053,198.53790411159127,291.2115695149987,32461888"
"328.90302615016304,308.09877300613493,306.88104,282.6966387413224,214.14518796174107,284.7869385567994,32461916"
"353.40136154366286,308.09877300613493,306.2712,284.22926411532217,184.68956137785582,287.9308526550867,32481836"
"217.21518170737892,170.9923076923077,213.54547,248.03407730418198,193.2310308317372,221.87348726247475,32481900"
"185.17434756802675,258.1296296296297,239.27377,229.06397678868956,177.21876714164333,199.28862145938282,32501940"
"294.53759941328275,308.09877300613493,252.27065,270.88530099053247,199.06442677262635,262.9738390374211,32501950"
"117.9301366046924,258.1296296296297,160.6143,201.24215363258517,180.21958733553774,163.032621639583,32501958"
"354.9705102338011,308.09877300613493,320.43204,320.0702492138576,184.671457803296,301.12661662929884,32501968"
"229.92692260283962,170.9923076923077,227.53271,247.12368953226886,197.9974353768524,227.86397620881797,32521900"
"223.6110072736766,258.1296296296297,277.72525,243.04715393909794,179.7674932553771,220.32992510505102,32521944"
"194.73002335368258,170.9923076923077,189.4197,177.68625874392544,188.69466929280955,187.17602843734906,32522016"
"357.6931186314786,407.26785714285717,258.4141,304.4092417507034,200.05183992113004,300.55535560224337,32541878"
"333.8456746945735,407.26785714285717,293.71664,284.79861283555516,171.92040326209963,277.6886250722217,32561872"
"311.00389476245664,308.09877300613493,277.12793,277.0691615861672,158.54477735908483,262.04582034385476,32562028"
"259.2412563270227,308.09877300613493,235.98172,246.7327869756767,194.04578491776306,239.20071901099354,32581918"
"204.77809757708835,170.9923076923077,189.4197,186.9131928512491,205.5987694349769,198.47394030383035,32582012"
"367.0191522763365,407.26785714285717,310.00937,325.4232657040574,203.054744325323,312.6706407692602,32601908"
"317.75844403907695,407.26785714285717,250.80516,334.77292851035304,192.72189253641062,293.41646702840666,32621882"
"288.42764481884615,407.26785714285717,293.48294,267.8825863642485,189.54024348968196,258.0009281092541,32641790"
"217.66431339558972,258.1296296296297,208.95872,256.4148546086194,177.03679577267312,221.4707568325865,32641952"
"261.9989265633594,308.09877300613493,240.70178,255.9185974893959,181.59012060252974,240.51433644030936,32642006"
"312.6827849454085,170.9923076923077,252.48984,269.83955551072387,207.83477934979877,271.2374392686924,32681928"
"259.4571188238463,308.09877300613493,236.11862,246.36096747079188,186.3075053254353,237.28565589966792,32701918"
"267.02204943931207,170.9923076923077,271.0519,239.26487642875273,178.30168918218237,235.42214267740195,32721780"
"380.76721100358554,407.26785714285717,305.4638,349.6174602035779,190.70725169612518,323.5396315195991,32721856"
"177.09632829038725,170.9923076923077,191.51302,228.00172710563893,173.6530360299634,194.05319209064305,32721874"
"199.42530211405378,170.9923076923077,183.84525,199.2900638008671,169.1065479143603,191.78402664345606,32741830"
"317.15865995216274,308.09877300613493,284.99872,289.68841771130735,195.02786464498953,277.7696091529192,32742006"
"410.55699332845995,308.09877300613493,404.57452,373.1749408706614,214.90465528562913,349.6279641870367,32742034"
"276.54734870119677,407.26785714285717,258.38593,258.3643423599413,192.46459463554407,250.42248604825284,32761900"
"322.3998577354959,308.09877300613493,285.43964,252.47329390009426,185.22014272947933,264.5295572463515,32761912"
"263.350143527666,294.04999999999995,306.5931,247.5342590848225,172.48806241414064,236.32420778118632,32761948"
"140.1539656214664,258.1296296296297,166.4091,181.5452252807482,145.29649920141426,156.60459940382358,32761954"
"146.5231855184551,258.1296296296297,199.7563,221.12261709119932,168.3797096855734,178.73548639201343,32761976"
"322.4722230097702,407.26785714285717,297.45764,305.1180159455634,182.9551470523845,282.93535162673334,32781818"
"353.6028482129383,407.26785714285717,295.61533,300.30004286596426,179.74056957306203,292.846998577182,32781844"
"156.32510300488167,170.9923076923077,177.44211,162.17787807436932,165.36937695106923,160.7764933702424,32801810"
"369.12411981492295,407.26785714285717,279.5901,301.3127514739569,193.42759975264573,302.5702460956883,32821848"
"218.1016129929962,308.09877300613493,224.3193,210.26487988420664,149.9913038115125,199.4042124049808,32842038"
"327.08246813353,308.09877300613493,299.84564,269.4794672116893,169.5107708523936,268.61211153408334,32861932"
"198.86766820799755,170.9923076923077,219.73373,218.05485245328285,172.68983607621448,199.2152197070992,32901878"
"288.6116342687711,407.26785714285717,294.66302,314.5621723083826,191.9166763421627,274.9061967872356,32901910"
"294.6912176707913,407.26785714285717,238.93896,276.6532736047811,189.63447190154778,263.18143197700454,32961808"
"254.27260834522022,407.26785714285717,256.80826,242.84463246152504,175.4940718784686,232.0447392579233,32981912"
"377.0191794975081,407.26785714285717,351.06824,298.0163075777638,179.38959353548955,301.67156176013987,33001852"
"346.22510732563285,308.09877300613493,353.28778,351.6163620855436,220.78487848030295,317.60077519047087,33001952"
"296.91876845536956,308.09877300613493,286.49335,286.88904332884005,187.422637807475,266.916768889398,33001960"
"312.12754260316626,308.09877300613493,291.27274,266.8245155072383,155.5310048952215,258.2974734413322,33002010"
"308.9284154043446,308.09877300613493,281.7906,253.2911236782657,177.58648903340378,257.5841293847738,33021926"
"218.92280487701655,308.09877300613493,227.84204,187.16821052784513,161.44188556284803,194.48669947254174,33021954"
"306.4392253915642,308.09877300613493,287.89972,279.4487109604679,176.88052214114362,265.5718887259561,33022016"
"423.22271760438815,407.26785714285717,352.28336,306.14275970080735,175.13766522003309,321.8536698826741,33041856"
"191.54085707698619,218.07741935483875,167.00992,163.255588615013,152.17619351926436,172.13400816223736,33041958"
"335.6196903134779,308.09877300613493,334.82037,330.9616781845635,194.20109856013596,299.6303980847032,33062038"
"172.31230717861325,170.9923076923077,199.45776,217.96593645303057,176.21619488695697,189.3338344445704,33141890"
"188.91936783456532,170.9923076923077,174.65433,165.14959392724177,172.3356967349526,176.43849657422209,33161828"
"267.5330873537929,218.07741935483875,240.93477,191.7804476845362,180.64055823441973,219.69370253025787,33241840"
"161.39451466984826,170.9923076923077,187.36227,172.21898098734826,173.87243429569236,168.4153663491684,33281826"
"186.49054907441732,170.9923076923077,224.39323,194.50954258196705,170.28114838941187,185.5475011256503,33361816"
"305.641482940757,218.07741935483875,282.76303,252.92590390801817,156.22836654932516,250.52132289034896,33402018"
"188.28778050494293,170.9923076923077,242.90694,191.43001472838898,169.45765991973144,185.12203929257774,33461826"
"112.69102571838265,129.02727272727273,136.00793,120.90396282317849,128.7979273391922,119.69716219054804,33481922"
"137.3927093987726,170.9923076923077,164.27336,181.73078040422794,166.79878916046727,160.30654674877695,33541816"
"176.609519382221,170.9923076923077,192.7485,189.40922196648012,158.25586448158225,176.70898322380182,33641826"
"270.0010176416923,218.07741935483875,246.073,188.0630969495932,180.75184390969537,219.44444259906288,33561954"
"364.59888811598927,407.26785714285717,399.14142,311.80702892564733,226.09548034145772,313.1746573293956,33961828"
"416.336963841497,407.26785714285717,393.67502,315.883485217626,220.5365399635649,333.784345152031,34121838"
"382.4072874936873,407.26785714285717,387.17853,319.5124598916806,254.50506642921232,329.7282949111426,34201858"
"297.28679486810734,218.07741935483875,252.39061,205.27773301789588,168.13562927695077,233.27929160550644,34221826"
"329.24418833784557,311.8,324.01547,302.8131376908464,192.20694881007472,286.75703712081946,34541988"
"248.79528055733235,165.870895522388,182.83492,162.26517600897762,159.62246014116084,196.20019251775213,30061648"
"258.12021285726786,165.870895522388,192.03929,200.5456436342001,171.52240871385794,216.17808387490032,30161670"
"233.10370168329908,165.870895522388,177.2489,208.00583054263024,189.86388740470912,213.16009378661482,30161688"
"220.52960997535413,165.870895522388,177.66957,205.94002104425599,198.75301264041846,209.59460335367925,30201726"
"208.43021597883538,165.870895522388,160.73434,200.3433289827336,187.75901267421995,200.05480039194538,30301704"
"252.0422573436905,165.870895522388,185.3159,166.51128862754052,175.40938541835615,202.80699461301623,30341770"
"303.7599460827189,308.09877300613493,279.9098,260.7243287591977,172.39869814839125,256.8476148001595,30521680"
"252.23893378770507,308.09877300613493,262.2134,242.0089054932559,187.6940775677908,233.42054263623527,30541738"
"256.09710459533903,258.1296296296297,314.11337,248.80284393534205,190.49227022385836,238.1047472417813,30621754"
"214.67161773091553,258.1296296296297,272.70654,240.5279829240116,182.37218108900032,216.49286239445001,30641768"
"270.4472599345265,151.5128205128205,219.80292,277.4615888041701,179.6510907024385,249.94274665173128,30721638"
"212.7242166158569,308.09877300613493,197.87263,218.19014376667718,170.9412208482379,204.90659210214127,30781660"
"318.8886630284679,218.07741935483875,216.24985,214.67746861187683,146.62550755893776,239.68091709306128,30801700"
"276.6588116697337,308.09877300613493,238.25755,244.44034153391587,175.55758523010715,240.871608087032,30901666"
"268.8507941046583,170.9923076923077,216.8698,219.6168583396271,203.6881069080193,235.06934509638998,30941754"
"307.64897432908236,218.07741935483875,255.87624,256.87095090409457,168.8304730898793,255.5519000589455,30981674"
"353.1703623481662,407.26785714285717,316.1434,364.7228483495779,207.22014587981346,321.8945782160303,31061688"
"222.34347464800703,218.07741935483875,231.71594,194.3005371833737,153.35860946498906,195.93378764100038,31081710"
"203.41672732997347,218.07741935483875,199.214,201.62576007155562,158.47369085320847,191.9647213284153,31141652"
"204.03044160846548,218.07741935483875,188.76825,213.11241492597787,171.35761645043496,199.25077590894892,31141666"
"64.19500807684081,65.5,97.906906,90.65699927974093,140.551497764422,92.12771974451044,31281680"
"190.88180012271502,218.07741935483875,185.63156,143.66047303691207,155.42096039017397,165.96801123633816,31321706"
"192.79544610194426,308.09877300613493,196.46353,177.09527303626007,152.4300103221686,178.18768016533227,31321720"
"208.63605296999646,308.09877300613493,190.2103,180.80644333665987,164.16592193492536,188.5742832882318,31341710"
"182.5413780006639,218.07741935483875,175.10547,141.95264195651345,151.05829256281572,160.9266673656211,31341718"
"237.38660425087645,218.07741935483875,219.85875,197.43942788949641,173.32901506274294,207.7569030901185,31421694"
"322.98975744078757,407.26785714285717,304.77032,291.25312314365357,192.5239267649247,280.68206248349054,31421788"
"305.3074875054518,151.5128205128205,283.7139,276.07165196897466,169.60253162720548,261.3426197794337,31441750"
"187.8122480858541,308.09877300613493,204.70773,206.91101899940466,154.87420067575962,187.23438881283752,31501706"
"395.02513180893715,407.26785714285717,377.2722,316.01214987037656,175.3551486005677,314.3053815426632,31621768"
"236.740613024676,407.26785714285717,187.90054,216.27657035605057,172.79669151421425,214.68428546104906,31641672"
"96.87534196836849,65.5,102.27634,124.22290298480857,159.43701139596283,121.40826989019695,31641680"
"225.34283856582908,308.09877300613493,177.42084,177.9140138225976,167.01447488462856,194.809926634423,31661674"
"223.0540479471678,218.07741935483875,216.23868,164.72511304026918,156.128688669324,186.4821575836591,31661692"
"271.1382685991515,407.26785714285717,240.03183,232.37715069505794,168.0438721546675,233.1865260148641,31681666"
"364.57086395517535,407.26785714285717,358.69577,304.0797033046888,185.20039988047282,300.291936068066,31721774"
"94.73957768288481,65.5,102.46383,122.04999518093283,165.08734053491463,121.17112737575914,31741664"
"331.4470435322808,308.09877300613493,296.26965,276.9532836072352,178.89431750675809,275.1945642058826,31741694"
"339.57388845299863,311.8,317.94617,304.6973390769443,174.7508115963311,287.2538292205073,31741740"
"335.22810312389583,218.07741935483875,273.9871,234.74191925386302,167.185713920308,258.5465162810366,31801764"
"77.62992071400826,65.5,106.20338,94.07842837558816,151.64635202513261,101.40467802379423,31821654"
"394.2297527378758,311.8,338.9901,238.36160279107523,162.12919908683455,282.99270414227766,31841704"
"203.1115186849932,218.07741935483875,185.80406,193.1364670175318,156.21256451235837,188.24625296384892,31901732"
"344.33968869595776,407.26785714285717,281.67758,299.8430007481599,177.21837754715833,288.2952936936713,31921700"
"201.01283142789916,218.07741935483875,197.27768,160.98964539620985,152.46148311326166,175.3952352653296,31981678"
"115.65452817460331,65.5,101.674255,117.93761871168553,160.1591697317849,126.85876153199844,31981684"
"114.98313631748975,65.5,103.10928,121.52177279959977,160.85065068207356,128.01685837477302,32041688"
"72.33096086422202,65.5,101.58129,110.82518658552092,154.74005092525147,105.84271406982076,32061656"
"239.29747220960584,407.26785714285717,200.88945,216.92637420342234,161.05067579660303,213.17699289665975,32061692"
"58.54343163541589,65.5,100.86452,107.06829180273358,158.8918873812639,100.05168633255863,32081660"
"254.2493781269594,311.8,224.03505,303.04587064990557,167.95073855427904,250.4380410562143,32081774"
"407.95282259041994,407.26785714285717,371.55118,311.3881593328893,180.44319101357218,319.0273939718388,32101790"
"218.56358532532636,218.07741935483875,232.99591,192.21612557539694,160.77733929847423,195.50927266986025,32121666"
"100.60953055555564,65.5,100.60399,113.93103673446933,163.0758789967236,120.17939813368372,32141694"
"282.1793166359917,407.26785714285717,249.88966,295.5807467341398,186.61246034189563,264.1406124664913,32181726"
"264.55454453274547,218.07741935483875,189.82277,224.65366977338226,165.93690718076533,226.03240843993052,32181730"
"262.28501199850285,311.8,267.5617,252.526950146996,169.6291680436615,236.7626396635563,32181744"
"249.2284959487544,311.8,265.15686,276.9580450445267,174.00972735589224,241.11767694593215,32181780"
"254.64867643751185,308.09877300613493,268.4222,221.55057534543445,162.61749678391388,221.23358847962882,32201704"
"196.00250826003355,151.5128205128205,189.66899,174.1771674021794,148.33467467062587,176.59521196328234,32201782"
"274.44267873308576,308.09877300613493,275.3159,236.87499640158245,171.47600131870325,236.63159961313465,32221702"
"196.0806887545459,218.07741935483875,180.84326,192.62425823600424,164.01492435774045,187.1248664012255,32261768"
"149.90768803242005,129.02727272727273,181.22595,131.05661555693246,149.0260773915286,143.2457683499178,32281722"
"317.73914685526825,311.8,283.16028,254.73152821062988,171.79705737662562,260.2172880570146,32321698"
"257.1662197002418,218.07741935483875,248.24307,225.5913134230052,182.21571939234403,227.77326189175798,32341732"
"98.9620070707072,129.02727272727273,113.32277,126.66198680545243,166.32185142613136,125.16105540284585,32361698"
"217.4732294871796,294.04999999999995,244.87204,207.37724991518598,158.8381289834914,200.3623994561253,32401720"
"374.108781339389,308.09877300613493,320.83118,306.1035237082375,166.71879248102314,299.5343714744341,32401724"
"260.9882052150501,218.07741935483875,248.22424,195.36842203400542,159.75056139878765,213.33676653179168,32401732"
"139.2950864665231,129.02727272727273,157.91414,163.83276011011816,150.16607850659233,150.54538161403053,32461700"
"258.90043538688434,308.09877300613493,224.03685,254.23878803480918,162.88707603340922,234.05386390375998,32461726"
"173.17985717432146,170.9923076923077,171.40714,156.16627723737196,170.3797140136898,166.55612971625487,32581696"
"205.44601118868425,308.09877300613493,192.5855,234.22216573738726,164.86335978972306,206.08478676404832,32441760"
"207.40844756983563,218.07741935483875,187.7449,175.35027370896879,158.25135298496656,184.27086317008332,32461748"
"302.89165079617635,407.26785714285717,269.41006,290.70544739998815,172.52403662753414,267.4093517188525,32521732"
"140.74684548359446,129.02727272727273,162.80316,161.65818587995136,157.74271685601065,152.233691847238,32521764"
"173.4015295784276,129.02727272727273,197.77512,171.1020735264959,159.34565226794513,169.1421268262833,32541730"
"270.54245474668767,407.26785714285717,238.91214,270.3471459109701,167.43966044100995,246.01245544127133,32541738"
"282.9118147049053,308.09877300613493,232.34346,277.67315406702164,177.04997277226641,255.24549641927354,32541766"
"202.58660389406566,218.07741935483875,187.86761,167.8796482644396,148.18365709699117,177.31769094175252,32561746"
"376.31891606842,407.26785714285717,337.0096,330.8404531241894,205.78724952150307,319.1068375861581,33081708"
"223.15601460207137,170.9923076923077,239.93526,215.274923680099,179.9741363009697,209.81182063207456,33161724"
"348.22753385084155,407.26785714285717,322.4944,300.9572332188035,195.67761547675792,294.98476533203035,33301706"
"294.7586501303269,170.9923076923077,312.36823,244.60614195691963,201.43245846062482,254.20077821877004,33441690"
"248.02663324568258,170.9923076923077,217.96394,210.18433542016265,200.77520139896663,222.80779992561554,33461700"
"376.6498126697636,407.26785714285717,331.99637,293.4612806834476,179.6455389788231,299.8660418142096,33481792"
"364.3027351107867,407.26785714285717,366.41064,331.1891542138102,205.83683134712086,314.6699011693315,33521706"
"317.9646665077255,311.8,300.4405,253.3730381345512,201.38921939929006,267.1168890427184,33542032"
"180.44140998721335,218.07741935483875,176.26033,207.15274821479082,155.99274483000625,183.98928884912044,34182024"
"193.68128080237045,165.870895522388,162.56738,121.91807851878171,142.57475549519728,155.9702084408825,31002080"
"96.34530953988673,165.870895522388,143.3156,100.857009256381,122.8767510750344,105.02912225791114,31022078"
"227.987902125241,308.09877300613493,230.01578,240.0380900206699,153.4973185662715,214.58811315511974,31242076"
"178.86264142979172,170.9923076923077,158.1912,169.96840924314304,138.12438868137582,165.72193744751584,31902066"
"271.8446444352741,308.09877300613493,296.1726,279.17891641478815,168.1296625586544,249.66195825994774,33202038"
"346.2596011103062,308.09877300613493,308.63846,300.8343652664507,186.72166893339676,291.37935921690683,33422034"
"391.5253397627181,308.09877300613493,369.90018,361.83814396049263,204.1231862170842,335.25921134444593,34661982"
"280.71244271566485,218.07741935483875,267.6739,273.5200351793586,214.75896454089673,261.8324435852555,34941988"
"368.5965342129145,308.09877300613493,353.54465,303.5205226632465,245.5751038500059,315.7558042416438,35021986"
"72.62541184691588,93.3979381443299,110.0738,115.65859949887454,92.34481568599801,92.7493362109566,28382160"
"157.79767377434607,195.68,185.70145,160.24063713759924,139.9360790706369,154.7202494373959,29482396"
"147.15032220957573,165.870895522388,159.29059,142.2843468093289,126.74629502924263,140.70245489258534,30302136"
"170.54622272712004,165.870895522388,171.52116,164.04443848124902,154.17659002604154,164.30464840707722,30362232"
"146.3932813849855,114.64999999999999,132.58151,139.09973604135212,126.82851224767046,138.85776095471567,27882298"
"58.67026736334486,93.3979381443299,102.762535,85.33009366804717,101.39840915120006,78.78173603828552,27882384"
"59.796080264648545,93.3979381443299,105.3125,97.25433231634544,115.2343612600161,86.74611147365829,27902332"
"85.08809575601792,114.64999999999999,124.55105,120.31230183631,113.491146716417,104.65488233221171,27922412"
"59.260700957688485,93.3979381443299,102.762535,98.72923711337091,90.30642624265504,80.99669685778372,27962388"
"77.96036661999868,93.3979381443299,132.86514,111.33176255616867,96.65129612375361,94.56812220000313,27982368"
"90.58278358621921,93.3979381443299,146.84303,129.4312341302654,123.64802677667726,112.51929034657711,28082404"
"124.08911777120711,174.39166666666668,151.9969,96.73930831042433,154.41498925364277,122.36564392271157,28102384"
"85.4923252921299,114.64999999999999,116.21726,114.41537629521137,101.23401567067697,99.7380923241324,28102420"
"163.2218446649517,195.68,187.80922,155.17119804361425,159.98055945529126,159.97776178835142,28142338"
"84.8240966777243,93.3979381443299,114.493965,116.18440763051368,119.94158444513945,104.49231108871817,28162332"
"69.77139738555692,93.3979381443299,111.04438,97.53584261038569,96.07704295051315,86.21599552306526,28182418"
"132.18159069498716,195.68,172.23253,141.79662298733385,133.7303746161234,136.5164481570909,28222378"
"135.05653228730384,114.64999999999999,148.23694,139.41635200176987,133.58850999784846,136.2062742750823,28262354"
"92.58230633000625,93.3979381443299,124.9053,125.32312918492745,115.86049823950972,109.84478626317583,28282334"
"87.02271585996537,93.3979381443299,152.86421,122.38337135482995,98.21095966272097,102.53784093386314,28302308"
"94.5361844053781,114.64999999999999,152.33412,150.70967008863605,119.67619132633266,120.68638495418013,28322384"
"106.1322919905844,114.64999999999999,122.15382,118.87574788435491,140.40772706082515,119.01949865369045,28322424"
"119.2560083067782,114.64999999999999,153.68336,144.25276109580318,130.37057195833322,130.86634133753117,28382290"
"110.9495331511756,114.64999999999999,161.75871,142.42126729964852,111.49284127804555,122.4148881471169,28482404"
"200.84875530187637,195.68,211.5,167.71546736310256,112.56827336743041,168.00253271158738,28542300"
"186.14754479827934,195.68,200.84108,152.48208619555396,105.68731957103725,155.11330452001178,28542382"
"92.93887388221091,114.64999999999999,117.235085,114.17922476838599,106.42827474984782,103.88120552316326,28542426"
"132.25714542362653,114.64999999999999,163.3102,148.81967909248326,121.27790650690297,135.49413849240543,28562376"
"96.61989217090859,93.3979381443299,118.52525,114.43428636660663,139.71663603273117,113.38745179190593,28562440"
"123.48375803547026,114.64999999999999,150.54202,148.36316315545517,126.89615424848722,133.11542027432174,28622326"
"154.76026026059756,195.68,202.5255,165.57354035819793,122.2588477530123,151.2104026880765,28742296"
"100.11214040080442,114.64999999999999,143.32968,149.1953015077747,118.3990163372093,122.00383938825294,28762374"
"112.86899609788193,114.64999999999999,144.80565,154.28688156095228,124.57541532938352,130.3541113647262,28782384"
"104.33355958838268,93.3979381443299,130.28809,126.57697836411903,122.71574413367932,116.65120349080115,28822460"
"120.21105869072642,93.3979381443299,130.95248,135.57290811243294,107.63124266635442,122.4512316620618,28842314"
"147.49026344236447,114.64999999999999,152.29932,151.24737243221867,126.8384584967423,143.66445510919291,28842386"
"79.44910364727208,93.3979381443299,107.49389,112.46479926436982,130.3043655167814,103.51804529881109,28862294"
"162.4720686684441,114.64999999999999,181.39314,145.92000036153968,135.95165189389354,150.17890026290868,28882422"
"94.06955709718848,93.3979381443299,114.13547,117.52038940091987,108.8373152056837,105.94450662100974,28922268"
"120.96214980547651,114.64999999999999,164.53273,146.72478552518564,102.50745952058497,125.74001313167331,28962388"
"77.53908766693353,93.3979381443299,111.42567,118.8428405173543,100.75826432234061,97.85713429316661,28962438"
"98.95080175112236,93.3979381443299,114.0576,116.91930549256766,101.87198897462774,105.99041904403938,29002312"
"120.65316338119119,195.68,166.43463,152.54510605880094,106.16107739677174,128.96138037145388,29022422"
"103.6011093539982,93.3979381443299,128.64122,122.02170847723744,113.31109364382255,112.48696670813366,29082270"
"152.62756376905972,114.64999999999999,161.06557,149.60407892345535,137.5404506988882,147.78701062161423,29082342"
"212.31247066948367,114.64999999999999,185.23076,166.59870034719708,161.38609289636798,183.37841962979167,29122396"
"132.72647820585763,93.3979381443299,111.0412,104.7241563888394,105.98864502657133,116.15163240198682,29122450"
"108.87708002126541,93.3979381443299,135.58318,131.67420301038763,119.25134774581717,119.43150186579406,29162260"
"158.19440064793835,114.64999999999999,158.63896,148.9472308433009,128.08981413827252,147.46814776669964,29182358"
"115.5472832598612,195.68,173.69255,154.97568080615278,140.08622761325665,136.03731404572682,29242332"
"137.16650492710755,114.64999999999999,144.09589,148.3672478453024,145.6828259342899,143.05823378364056,29262342"
"182.39982608135412,195.68,180.91551,160.64439370981128,144.2362330233353,165.6508909227553,29322340"
"138.60876315258184,93.3979381443299,151.8103,150.38278570575534,156.44741791374656,146.8823592742593,29342336"
"103.31248254469432,93.3979381443299,147.8776,131.14840677024588,126.54966850418768,118.88863999562807,29342404"
"148.34395566791162,195.68,174.73834,157.1102400020878,128.5291070040565,147.0333853306158,29362376"
"154.19918164321848,114.64999999999999,149.74072,158.3964990461387,154.73031902619357,155.55184888971633,29822380"
"175.05131844822859,114.64999999999999,181.11327,154.59575268389617,141.1327460062439,159.45289542843088,29862388"
"175.7055498354173,114.64999999999999,181.88638,178.94614542920002,148.76026304441726,170.0403189888437,30442394"
"154.66915324828787,114.64999999999999,159.51196,155.61991748827361,148.16780818069796,153.25346405220102,30442402"
"140.19597937116066,93.3979381443299,145.50264,151.015752561481,172.0296484267672,151.4596848902368,30582366"
"169.64611775624238,114.64999999999999,167.85228,169.13516549130858,166.09609976172584,168.31101800274575,30642354"
"145.9370685362322,93.3979381443299,152.9678,154.87296517480465,155.39856511688345,151.11397246555282,30702378"
"174.4153963540118,114.64999999999999,174.75484,156.9553595861351,164.37416708207581,165.6001297226223,30782390"
"141.2172638363835,165.870895522388,145.62465,114.03657372290573,118.40106775798496,126.39424505568249,30442240"
"206.92423997470507,165.870895522388,197.8892,184.95405555539804,137.27604465710874,182.14661150584666,30562176"
"107.7357026839402,93.3979381443299,119.50458,127.3252844886847,125.26120561876917,118.8041974456672,29262270"
"108.17765386967079,93.3979381443299,125.16153,120.77465821784139,128.46359566784994,117.51466914836783,29402258"
"99.3051207476377,93.3979381443299,121.83089,118.87638042945296,129.00148632346944,113.43216250688833,29462254"
"104.09771198740958,93.3979381443299,130.51611,126.35005943834935,93.26772779841248,109.35444584179314,29482162"
"118.98389387538313,93.3979381443299,125.05449,130.14752060407886,139.94685951045227,127.85242645312078,29522350"
"104.81464302355238,93.3979381443299,122.018196,115.3390591853705,126.84414656203225,113.8711190003579,29542268"
"148.55751540509544,93.3979381443299,142.99251,170.24940681800445,114.83147965883386,147.62171908418495,29562318"
"90.1518592822282,93.3979381443299,116.04127,118.54939921181703,144.1379847305687,113.30002026159421,29582280"
"131.70269118117739,93.3979381443299,135.22978,146.41749376812655,130.43478517458738,136.34406556668472,29702300"
"96.30751080523127,93.3979381443299,130.66847,133.1890638104112,110.78232792228533,112.8762544885214,29722186"
"106.74344419278376,93.3979381443299,132.685,133.39718813113947,140.58113449881506,124.32347556559711,29782206"
"102.27946195610348,93.3979381443299,129.94093,124.82963081075033,117.62419075483368,113.99165135278187,29782232"
"100.58918386282394,93.3979381443299,130.51611,124.8746652014504,104.16355087282831,110.0821338528642,29842170"
"109.34844085196573,93.3979381443299,130.81708,127.27082802196706,116.37887527289439,117.35737767697023,29842266"
"124.35166103194291,93.3979381443299,135.49084,134.5449200444343,133.6004999274853,130.05593746273013,29862340"
"130.885292582534,93.3979381443299,134.5438,130.2079822797419,125.00252096993826,129.0573252629019,29902286"
"114.47632945352706,93.3979381443299,127.88575,111.50028292601633,118.75539064254339,114.46129236383729,29962290"
"99.28262162147264,93.3979381443299,138.01013,128.67714741440554,137.15644421302468,118.9225692558517,29962314"
"112.92532250109215,93.3979381443299,128.20195,130.7881734229454,117.1913984635193,120.18223511409465,29982166"
"117.49570936893183,93.3979381443299,133.13379,135.0244046424429,115.93784367097328,123.20590414725525,29982246"
"178.5659619364114,165.870895522388,164.90817,136.40927648661534,143.54407420026112,155.25471354699985,30022122"
"115.94406521292882,93.3979381443299,136.03874,113.43390520261613,121.88615411413161,116.5333078029834,30022296"
"145.6938180919787,165.870895522388,151.02242,131.82945970682272,114.81590221085517,133.53865580971225,30042136"
"154.83130779968414,165.870895522388,177.64296,169.40684058597245,126.78427985965563,153.33711265457254,30042222"
"116.15706792741432,165.870895522388,144.08427,114.11299317989067,112.44367687313343,115.00281223170015,30062254"
"112.47685539286971,93.3979381443299,127.21467,112.63493700984958,138.76719996171755,118.89867678997763,30062344"
"139.60042474469654,165.870895522388,159.33313,118.25294772593797,110.54395242723825,125.4147987575865,30082172"
"111.8328691417756,93.3979381443299,130.50966,125.57100385745488,121.16974512398382,118.91073985096105,30082268"
"173.0065942299402,165.870895522388,170.42587,152.37621728463134,133.7817943517101,156.2787376031556,30102128"
"136.06134075550727,165.870895522388,146.04994,112.40939783472427,117.56747324461543,123.578805179378,30102228"
"130.01668462721767,165.870895522388,144.93456,98.99684373350041,112.10008820902775,115.17541439016841,30122158"
"93.30049840505711,93.3979381443299,129.33434,114.15655379372453,117.9713617318827,106.78553096077763,30122294"
"87.46627433682265,93.3979381443299,125.88602,119.24482939056205,118.44523392695783,106.32688785634684,30122298"
"173.11319194635522,165.870895522388,165.4631,151.490027691138,129.88428099049017,155.03443455816708,30142128"
"149.4539534773025,165.870895522388,170.99193,138.50252362089333,138.15630475916535,143.14584964572086,30142200"
"144.45522500646425,165.870895522388,164.36684,140.46332901612678,106.08848045407346,134.03414665395013,30142232"
"135.1907852573092,165.870895522388,151.07892,111.38273449352967,125.40043587218096,124.80619888344857,30162202"
"151.45174769153186,174.39166666666668,160.4146,156.41263046515786,155.1640522136807,154.2594070282708,30162346"
"135.94412340265373,165.870895522388,149.36478,113.6905065182338,111.79345637949812,122.6044480831051,30182170"
"167.2773452567093,165.870895522388,170.9688,167.33644471741647,118.0713277785991,155.4102685599661,30182224"
"111.89180219832025,93.3979381443299,132.95193,137.72618994928675,121.52004633609194,123.26733129611479,30182314"
"132.4985225162104,174.39166666666668,150.64873,135.52329187289826,154.70375184728866,139.27044878518223,30182326"
"121.7909350947387,93.3979381443299,143.1291,142.69442978836722,150.60836396107842,136.04388435251093,30182344"
"141.0232261106591,165.870895522388,169.88368,148.32920973014063,122.06057576739357,139.31124461079355,30202278"
"230.31722497079093,165.870895522388,176.51671,201.00380102753107,133.3258877813361,195.92887017572198,30222190"
"197.1033956305722,165.870895522388,189.66776,187.76699585303678,156.80518501168427,183.8876523313804,30222222"
"286.6864883602942,165.870895522388,287.1727,241.21906291758359,178.81733752055945,244.13456838284887,30242236"
"193.50719295632015,165.870895522388,169.88368,172.6914141409286,124.74761647097215,169.31281565107003,30242254"
"105.05055887527183,93.3979381443299,129.76962,116.19141020694524,109.82386331652572,110.1980691259741,30242300"
"134.19498921186172,165.870895522388,136.79767,126.1154876994648,112.6214592299138,126.34528674320623,30262106"
"144.1094992191453,165.870895522388,147.8167,125.14560844881238,136.21454504286697,135.7372193866968,30262168"
"131.22251524165165,93.3979381443299,143.06895,138.13324308415807,148.72227883017774,137.7499995777094,30262322"
"156.9120009504012,165.870895522388,154.62,148.42522699843968,153.75341172174421,153.22383563944757,30282128"
"143.56665130930998,165.870895522388,147.27939,110.90836844697502,124.55161256203982,127.73959304729136,30282228"
"167.96507512585526,165.870895522388,162.4921,134.45649312102876,154.70642423243407,153.04322053704863,30302208"
"136.97345684533127,165.870895522388,146.10931,122.56769927564346,119.31909056254025,127.90179381434362,30302240"
"184.08286817194139,165.870895522388,175.86191,177.98282291657225,168.54339508599043,178.04663300831146,30302248"
"178.61251089050415,165.870895522388,173.77446,152.5910585612173,156.01309807814272,163.9858652269986,30302288"
"117.18220824400066,93.3979381443299,134.39697,171.6903374989025,128.08691211906566,138.79297247663033,30302302"
"178.86278784910547,165.870895522388,165.53995,160.19296003279408,154.8098427914165,166.38209714436442,30322206"
"242.1930037801493,165.870895522388,230.84247,173.96368417706674,127.1322585883086,190.12494131604714,30322278"
"168.61184795286957,165.870895522388,174.67175,151.0566594182356,117.34059833519848,150.12351431654017,30322286"
"184.7161765515641,165.870895522388,177.18208,170.04058489484402,161.79321861392327,173.90985307062704,30342282"
"147.0832116720616,165.870895522388,158.39911,146.5475478248585,125.7063175026932,141.90179086273523,30362152"
"194.71040513224057,165.870895522388,165.77591,148.90261123914695,143.56416972431055,166.0346384270695,30362188"
"134.9198218906586,165.870895522388,145.572,103.35635419129639,118.78585399781832,120.26501372818225,30362254"
"154.19653952769,165.870895522388,166.64346,132.77682046766134,125.10744855193161,139.85051677653024,30362296"
"145.58068880444245,165.870895522388,151.14973,145.71209202387428,132.1756556874211,142.52755512687122,30382104"
"171.642941971485,165.870895522388,177.51501,157.4298079550794,182.61373989031617,169.3617099215644,30382148"
"141.05024479435576,165.870895522388,155.71486,142.85020858704704,124.14325080640162,137.8184520835079,30402232"
"134.79010710292772,165.870895522388,166.74138,128.95856429753326,131.28440980211678,132.2994688077012,30422164"
"193.00782264349246,165.870895522388,182.59363,176.70265356207017,154.93093148394772,177.90399393814903,30422198"
"195.53618464334232,165.870895522388,184.94942,177.606437148967,160.11889319867353,180.4960554478784,30422296"
"171.18026322985094,165.870895522388,186.97723,160.84329021036993,133.85999123131563,158.63585845022584,30422300"
"129.82702789595731,93.3979381443299,136.1473,147.00140487562606,135.64838691644772,137.06947076213663,30442322"
"154.18436315703846,165.870895522388,157.68173,129.24971373922548,128.84608535101046,139.45912971280342,30462110"
"136.84295187770388,165.870895522388,146.45702,124.33020095256383,127.43391987851425,130.4294289458159,30482108"
"129.49333253557336,165.870895522388,145.38405,140.63999609197293,116.85995743449591,130.61781548500434,30482140"
"172.91020381563695,165.870895522388,173.415,185.7376717984654,157.84720984393346,173.69752584126002,30482230"
"177.37404980714174,93.3979381443299,161.63911,156.00412652567377,148.8320756719653,162.48163866507508,30482324"
"183.22932858834355,93.3979381443299,182.49356,149.62019969608872,154.58904431287053,164.1285535173623,30482334"
"141.2340178838275,165.870895522388,140.23456,134.84787038534068,117.63989384785448,133.42278340367832,30502124"
"156.62759954864916,165.870895522388,175.39215,165.17484038653646,143.4642000852969,156.5984597156685,30502182"
"181.74177021259015,165.870895522388,166.82422,169.654041125829,141.27845621868585,167.55515972221335,30502286"
"149.89618614704077,165.870895522388,160.28998,120.7914685650444,115.75388188988057,131.66014649699704,30502304"
"152.60308193075852,165.870895522388,170.54161,144.3363279042925,123.2148424200218,142.81024228682568,30522198"
"174.17907179384733,165.870895522388,166.3536,155.3106740804095,139.06439839373658,159.01586497800304,30522274"
"205.55396046102473,165.870895522388,197.8892,191.6787077022973,128.9146728824793,181.9192664293908,30542182"
"146.42009877353954,165.870895522388,183.53133,148.0560358726805,120.82492399459849,141.15992793715952,30542196"
"140.24146298738594,165.870895522388,153.70746,148.39326712182304,132.5539407712193,141.44725361149068,30562152"
"165.97051766075367,165.870895522388,181.50893,150.43498704194855,157.08897584000482,158.5231389219619,30562158"
"167.4369366227,165.870895522388,180.75104,116.75024902849373,130.57763866487346,140.9605835521194,30562216"
"142.46571713259127,165.870895522388,166.45801,125.4040215075296,109.98522773021058,128.95869070230563,30562306"
"158.10420685589924,165.870895522388,163.15298,114.85460622409117,142.32901951143788,139.30834386214758,30582240"
"134.3723854728594,165.870895522388,148.17662,148.73124523012112,134.33696158374124,139.6232527695651,30622096"
"225.81668589274415,165.870895522388,181.20673,205.93268078558398,165.2156224363528,203.6044728754924,30622150"
"143.65138255292806,165.870895522388,156.85776,119.68984218913795,143.1239336560363,135.39181936150302,30622276"
"154.1298764638844,165.870895522388,172.03282,158.2505225343865,138.02753452558923,151.85560858056897,30642228"
"201.1069718903331,165.870895522388,195.01895,191.54885433823657,158.46451067664273,187.23556071805055,30642236"
"252.98025698198026,165.870895522388,227.11923,194.0328884383849,131.5191121133638,202.4357121636746,30642296"
"264.72459552062105,165.870895522388,238.0705,226.23005030417522,144.31057809845697,221.48626842324595,30662168"
"222.24288422780268,165.870895522388,195.09576,196.9905167305727,138.30112107421627,192.6563708598523,30662208"
"137.29539478494306,165.870895522388,145.54346,94.79551389075003,107.31463300408635,115.45383717763696,30682308"
"219.46927639408975,165.870895522388,238.22719,186.872127192885,139.96062379047288,188.73815465185507,30722152"
"170.07703136979902,165.870895522388,178.04826,160.71589515373412,144.420332788468,160.64489540055808,30722254"
"128.40787454432768,165.870895522388,149.91997,118.4967454309828,141.9984921417401,128.59324027923407,30722268"
"161.4127473005553,165.870895522388,172.90063,194.70374198189228,142.71933234264,168.58220907653057,30742170"
"276.860068768252,165.870895522388,217.90219,202.79546656780104,186.9284891688795,228.32436164729003,30782134"
"175.8784568566332,165.870895522388,178.27805,205.02229301367086,156.03326252342654,181.18619423115234,30782138"
"176.79032026915152,165.870895522388,175.16524,157.9630606099285,129.97471108242647,158.84046820864464,30782210"
"185.2614109834535,165.870895522388,197.8892,205.0554782787891,138.5468666500796,180.83664025452453,30782218"
"185.87950137772378,165.870895522388,188.3619,187.34315491361218,135.06696356362167,174.0074627658363,30782234"
"136.00140155265035,165.870895522388,145.41083,153.91521512320193,143.7080571986203,144.32351305269916,30802150"
"289.5490896627262,165.870895522388,270.6969,188.1372355739415,194.9429535215741,230.58097108730183,30822210"
"186.3753613258321,165.870895522388,198.48732,184.2333433211631,137.2271974646395,173.71654578569024,30842162"
"189.2880175576419,165.870895522388,189.94812,196.5020222911257,141.08282356627387,180.01792897275288,30842222"
"190.3264255504052,165.870895522388,186.93471,168.94734899748443,145.3525488391609,171.85117313011222,30842234"
"285.61309055032626,165.870895522388,255.36723,198.60600428723203,184.12824509386712,229.9344618844078,30862182"
"137.0893897098715,93.3979381443299,149.51543,149.5736879503055,155.34715518550468,145.71403804203757,30882342"
"173.61264216428688,165.870895522388,175.73938,157.35675302178367,146.2225990659691,161.3013589908979,30902164"
"161.815548351678,165.870895522388,163.3687,159.04325387794262,130.57900385203553,153.3242203194982,30902260"
"214.05217291701203,165.870895522388,199.65062,188.03062982943968,160.30277373490296,191.63637184919028,30922224"
"198.96827591330847,165.870895522388,172.39601,186.93807022468377,171.27677717924558,187.72016926491554,30922278"
"305.4502889283573,165.870895522388,275.44867,200.0897312898107,152.55730465430426,230.84239741357578,30942294"
"141.30774841583514,93.3979381443299,156.41423,172.98690879018426,166.3250236037519,158.24662966083176,30942340"
"131.09455527805812,165.870895522388,152.24698,99.41947464005473,114.36309029150418,116.35050758360639,30962308"
"187.53637949342877,165.870895522388,182.27106,168.25365210337034,135.02833313512247,167.96901128116656,30982250"
"193.33659384702682,165.870895522388,183.98795,158.13566785263774,129.24761395742047,165.36697167142975,31062246"
"156.36437995195828,165.870895522388,170.02702,149.17574025193775,143.43318900458578,150.8791695476587,31062274"
"140.4524136417558,165.870895522388,161.37912,117.86300915190053,133.4583058642715,131.17698705796352,31102296"
"148.00193979583852,165.870895522388,164.38889,127.65784205835298,125.2626278807902,135.62685195514962,31102302"
"174.5425146625649,195.68,166.0042,149.3379566650027,112.962194742696,150.91764148780777,27722242"
"124.36656748549335,195.68,134.82823,139.5993406696823,99.28013825119909,124.04305172795651,27782284"
"241.77547126895897,174.39166666666668,242.31105,159.15764868766362,142.00934987260786,188.5303251382494,27922244"
"78.60389544886151,93.3979381443299,130.43172,110.60030078771719,87.20296282452804,92.26595988199948,27982170"
"84.35229601593905,93.3979381443299,135.3725,131.26174758439117,103.76033566107228,105.78535537941633,28022250"
"81.09295747532116,93.3979381443299,126.8602,109.94132191714499,131.92337696886528,103.82219802326966,28042176"
"68.88905661176284,93.3979381443299,109.67804,89.7201385147869,94.61301002165791,82.78061892077238,28062190"
"100.84990465907978,93.3979381443299,109.95533,109.82402983671705,143.4770558281612,114.31405271393254,28262288"
"123.34240481599699,93.3979381443299,123.81696,127.45377151343568,73.14448979797477,112.47493161308265,28442182"
"68.50694298936824,93.3979381443299,107.49389,104.65041481612133,102.87591502970511,89.80968213726283,28482206"
"102.29656037029247,93.3979381443299,109.05598,123.46165592433547,85.56852620924121,105.61785951328763,28542144"
"85.76088752150714,93.3979381443299,108.51171,109.17317776314516,85.62681509003309,94.07873989225487,28542192"
"73.5370408009108,93.3979381443299,110.28242,107.03069166076513,107.23896541851298,93.71401199547037,28542246"
"78.11744022096842,93.3979381443299,108.51171,109.21812168951512,104.21749093123744,95.55326174143279,28562254"
"71.42123235976992,93.3979381443299,110.75069,108.04010577312795,115.1331393306977,95.13747629029544,28602250"
"79.09279280829794,93.3979381443299,108.51171,108.93663570340699,112.26197258764135,97.78968363366403,28622242"
"93.07003216322028,93.3979381443299,113.93217,115.79353800689753,127.60430450717189,109.48557464095771,28642160"
"115.0601280412248,93.3979381443299,127.02836,127.3094288444499,81.88868351977099,111.2696833179381,28642168"
"81.46496382545187,93.3979381443299,111.523964,107.42549321167061,87.91121672523911,92.33612551542566,28642190"
"100.45782062597786,93.3979381443299,111.50353,124.56244145767499,103.69251093085276,109.67264880266883,28642240"
"120.66925411752956,93.3979381443299,133.06364,127.5763985507167,88.12438922799117,115.1447646270737,28762198"
"118.2760774744939,93.3979381443299,130.09193,135.71891328382276,91.89457797915304,117.9186533489292,28842200"
"90.73630707849271,93.3979381443299,116.80967,108.67302649682927,97.22168061735016,98.74757311627911,28902202"
"120.4843374703083,93.3979381443299,124.06395,135.11361382608146,88.39872632997017,117.69753728349082,29082210"
"149.994158885514,174.39166666666668,178.2294,131.4552624685306,139.37834444788504,141.29875857375305,29082220"
"83.1815085179905,93.3979381443299,112.24662,104.76044818365311,86.02546153039394,91.63987726937916,29102206"
"91.97468097026011,93.3979381443299,119.50458,119.9647885845297,120.20030189357583,108.74984697107789,29202218"
"78.69810045318812,93.3979381443299,113.5828,108.32816057554349,95.53860863109055,93.41023483776588,29342236"
"87.32072907738797,93.3979381443299,114.60063,110.50274075270627,92.34321519149147,96.83012799238043,29382188"
"116.92274652108769,93.3979381443299,147.39032,140.55223600151757,116.61522805348613,125.16706795081042,29522188"
"101.37678201482264,93.3979381443299,132.40894,126.38619433426224,108.37286576612124,111.95341943906367,29582204"
"95.3678503896188,93.3979381443299,135.7172,98.87679816842717,100.10292499603722,98.01043292122687,29642200"
"156.5469669142271,93.3979381443299,144.49872,156.33653546126612,152.82195067547707,155.15921253748502,29662194"
"89.99219791418962,93.3979381443299,126.740555,123.1503416682427,86.09051085805284,100.86794818326473,28662146"
"130.42710036264523,93.3979381443299,136.79353,128.1182020205104,95.52117007234776,121.02994950431065,28682136"
"135.3234954339179,93.3979381443299,148.85236,139.07951730096687,86.82191500218043,124.77299823503725,28782132"
"107.8951917079622,93.3979381443299,144.19844,132.2521437555632,96.48108703760062,113.79343364376244,28862140"
"85.42457699841383,93.3979381443299,136.47092,113.91224682621349,90.7234323446339,97.02578038974615,29022146"
"106.41799764701778,93.3979381443299,125.999084,124.61184000792362,110.75207775175642,113.87083652221386,29042132"
"104.08097854238896,93.3979381443299,123.9707,128.48822833487245,76.02977932263757,105.87463379986417,29062134"
"143.38819271270435,93.3979381443299,167.70003,170.6026240080225,161.06004098772078,157.04991779988964,31302340"
"152.89266944355043,93.3979381443299,159.70331,167.80173397504942,163.90068680822577,160.48531941440217,31322332"
"134.67667079341928,93.3979381443299,139.77774,134.3624712151081,149.06674195210582,137.8710855094222,31502332"
"168.3686059907986,151.5128205128205,162.31544,206.4550866005668,151.49364042302042,177.4125138194875,31802344"
"195.37750707104115,151.5128205128205,165.40692,212.6737974071318,170.39790005277865,194.9139161132398,31982326"
"141.56019221310444,151.5128205128205,146.557,142.71974492311307,145.94272474534907,143.1113167091335,32042344"
"148.37908394712386,151.5128205128205,165.05972,155.61747050120272,136.7319244864115,148.2147597400012,32322346"
"129.4411018187189,151.5128205128205,150.81369,156.56087611258312,140.71921344073655,141.87611114584035,32382340"
"320.65298905132056,311.8,321.51306,318.0285501687093,192.42298318167866,288.6715024994801,32682264"
"139.25399167719124,151.5128205128205,152.4078,147.61107445438122,150.7157212391818,145.09319025567157,32762332"
"136.08138420777553,218.07741935483875,180.51486,184.850577988528,159.17815132966652,159.38650233923153,32762344"
"260.1326543489147,277.28470588235297,258.67084,244.6005748335173,192.0522833479672,238.3312490061317,32822262"
"214.57144455813207,151.5128205128205,198.25572,199.1456109862293,148.06742394973327,192.66685491915146,32842296"
"161.9249442271434,151.5128205128205,166.55818,202.93838621310505,140.40042881343825,170.97174056791826,32902338"
"266.19233705676515,187.4896551724138,260.8148,229.50366811890072,218.15914520196816,241.35198528715597,32942242"
"196.61366068845967,151.5128205128205,184.11458,187.44238522291224,163.9456428472929,185.19384128139217,33142268"
"253.93507560474595,277.28470588235297,243.73476,241.52233937242957,172.8886021483175,230.05237032754738,33162272"
"190.2907859991804,170.9923076923077,200.37796,195.32626880485992,182.00227082262364,190.00920845765808,33282222"
"311.00417080785894,218.07741935483875,260.4505,227.82844122146525,205.79504700040388,255.75350089631468,33442216"
"240.59597549685216,277.28470588235297,222.84955,237.07604177147056,180.4501953736017,224.8819914007943,33442270"
"235.8374584532274,151.5128205128205,199.9975,205.38707216728093,169.74445105945568,208.55379866878073,33582234"
"153.40627135808762,151.5128205128205,156.1738,177.93811745611825,165.29454369438398,164.83196163528828,33582292"
"297.24233982763207,277.28470588235297,249.44882,228.6159705022265,199.79566041046618,249.33285058093017,33602170"
"215.0824311393893,151.5128205128205,202.19159,189.63273290547463,153.9148882162312,191.00149881889587,33602290"
"180.12370553345997,187.4896551724138,179.73526,176.02481491682295,182.82805151030072,179.3867908927047,33622176"
"253.67023082076634,277.28470588235297,236.20866,239.68019635100237,186.80272806911353,232.61937102472314,33622266"
"227.15702404535736,277.28470588235297,241.25648,214.33799200321013,160.24537785830455,206.86416701205627,33642280"
"228.39891267758213,151.5128205128205,222.78453,190.49328054884876,152.44403024776037,196.38643623075833,33662254"
"239.65819968108505,277.28470588235297,236.54506,234.52905127291015,214.94668831532766,232.06661789448225,33702206"
"250.80191575202142,218.07741935483875,216.42943,229.65227551933827,157.3078963388282,220.40377495280308,33722266"
"189.80458678661554,151.5128205128205,189.14172,162.5905080889732,162.56367739366127,173.53658633833575,33722280"
"155.36079731440321,151.5128205128205,156.73662,156.25796310187937,162.1066398459776,157.29515752346882,33742314"
"152.46788310727302,151.5128205128205,158.0346,165.83919807424954,164.93375783995242,160.17314944283876,33762288"
"174.67823739675202,151.5128205128205,183.26997,183.17446774342028,165.9316003858085,175.4597974174538,33802284"
"148.53112051145595,151.5128205128205,161.71587,172.00824083658574,163.00003853108058,160.3131674726722,33822298"
"181.13264103546598,151.5128205128205,190.24698,182.24844720787505,148.58600861579788,173.55640210995585,33862240"
"263.7955070031346,277.28470588235297,246.93446,238.9197810283691,200.64078843013925,239.8055122508652,33922242"
"164.26151229721677,151.5128205128205,164.89555,155.80554054114646,160.2578936704049,160.28760280428827,34082276"
"189.93635284943844,151.5128205128205,192.94226,181.1949391589313,170.2080363587596,181.94163398473898,34242272"
"165.53144778117502,151.5128205128205,170.20056,157.89549264814522,161.77633756878987,161.92508020934005,34362268"
"221.48574996992136,277.28470588235297,232.903,203.45922105596745,162.35246765380103,201.27281751563777,32542242"
"278.0991293277549,277.28470588235297,262.6916,265.8141082573088,181.96564274065435,250.44792593229513,32542260"
"219.2475796804004,218.07741935483875,216.36108,183.22498227244853,153.43708057950087,190.75765229679223,32582246"
"268.4656270794633,277.28470588235297,262.6916,249.32125801799955,198.93712200623494,244.98262040515533,32622242"
"170.34560027992754,187.4896551724138,180.26056,161.86595012104735,165.04515326697162,166.2705526831185,32622246"
"208.71007099605217,258.1296296296297,225.46754,242.5626185641662,173.57260393553912,212.3667454545067,32622254"
"214.00310793831358,258.1296296296297,230.83981,223.5291116205514,179.61386101918603,209.34607235996805,32842232"
"143.9481385340021,151.5128205128205,146.3034,151.524497488862,152.97721782473707,148.82612909566922,33022200"
"246.7161451446968,187.4896551724138,233.4257,202.22238352666096,188.35499969766826,216.70494627644985,33042228"
"152.87567334830487,311.8,155.56581,193.18115311733382,160.18170588886076,169.51765731498608,33062206"
"301.233402538463,187.4896551724138,279.7479,225.9242536936514,216.99955596049048,253.89412888584116,33122224"
"336.9137569670882,277.28470588235297,295.11768,278.09092884544975,230.35222858364227,290.04772999238025,33162228"
"226.4532932286994,187.4896551724138,225.893,217.22922047985915,187.52746140446587,213.6172561514029,33182222"
"330.53497324147133,311.8,337.19986,272.3036641115795,209.29491460120283,280.87842078738765,33322186"
"272.589489867568,277.28470588235297,269.6332,242.37404035909523,187.4278246285019,241.46849431274643,33362216"
"196.60793287909166,170.9923076923077,206.38318,184.69700673657155,187.4892039044259,190.19157696564827,33382196"
"180.7398592491041,170.9923076923077,209.74373,205.21575093249388,200.46593537764707,194.18754383188377,33402202"
"317.68392332250477,308.09877300613493,286.99356,279.53378898785246,182.9131552790288,271.5264604564129,33062092"
"317.74920962752645,407.26785714285717,281.28857,296.1271047771508,190.05065866123627,279.5299735259714,33062106"
"361.55508124970953,308.09877300613493,326.38867,333.0016249888083,207.15065984904493,313.72787298364074,33102118"
"192.76732157632563,170.9923076923077,201.74161,203.6667093378282,183.50468441244627,194.2704671965468,33142106"
"196.93902055621328,170.9923076923077,205.54279,213.85252399315533,171.75454628474867,196.65870173541674,33162102"
"325.1686056427104,407.26785714285717,248.94101,275.20508103312363,199.31283730796167,277.2098709578595,33322114"
"283.29950984034235,308.09877300613493,247.9691,223.91402140569116,160.54961739180396,232.80461531403458,33402066"
"320.9414681311098,308.09877300613493,285.71585,271.53194424632903,168.74388352549508,266.59890073858696,33442076"
"201.2846638961502,308.09877300613493,191.6961,193.59104753151547,159.8279806359695,189.06193598755877,33462046"
"210.00799033928226,308.09877300613493,212.01633,198.33100471062443,159.52263777863405,194.2508050469804,33502070"
"304.222566094964,187.4896551724138,254.53891,224.7844705354831,201.64920822094422,250.79326982508343,33502132"
"204.67984950807855,170.9923076923077,240.75058,188.1554039456372,156.730039422334,187.40576838408467,33522120"
"287.19358875111243,277.28470588235297,245.83284,236.69976739330534,183.93539692203282,244.2873524722601,33522152"
"155.64904471681996,170.9923076923077,164.6395,160.70930542771976,142.21894467649258,154.3040686027597,33602136"
"308.3540284268502,218.07741935483875,232.61365,216.10608164951162,158.75422980947206,239.03957559874397,33622104"
"306.1077306461997,407.26785714285717,314.29202,278.5491248180573,170.68786023778648,264.33018586112547,33642042"
"240.8441868578671,187.4896551724138,207.24493,216.09343910821505,180.5465796210652,217.12349911956943,33642142"
"391.2858982734241,407.26785714285717,340.68124,298.67129594602375,207.8649181316361,314.389660958691,33662110"
"256.901159858345,187.4896551724138,256.28253,218.06256305855197,199.51036149973737,229.13008713215078,33662144"
"138.55204551551859,170.9923076923077,165.88239,173.56516807398825,164.01406769573322,157.26276990028015,33682068"
"317.65083200526374,277.28470588235297,286.38696,269.43120586666925,229.82380916018388,279.18347160474104,33702120"
"289.1316970787573,277.28470588235297,258.77728,257.6756814998822,208.92912267134363,258.4990013437236,33722150"
"301.16069477945695,407.26785714285717,284.24893,273.3272539089608,191.06225612196616,265.26259512159317,33742074"
"136.19169901664694,170.9923076923077,170.78151,153.596714614179,161.65575565364338,148.8373445131552,33762084"
"265.2817778409346,277.28470588235297,254.49469,230.89610824856013,181.234274068005,232.96127333908242,33762162"
"297.4242982206109,308.09877300613493,281.9685,256.80676007128267,190.45145525393676,257.3473040748345,33782062"
"317.5779176534518,407.26785714285717,259.48425,285.1509733310506,183.80995391994077,273.97674630656434,33782074"
"298.62595026630095,407.26785714285717,279.9246,271.02389395013796,194.5152660263368,264.2577544485263,33782092"
"234.3523649556108,308.09877300613493,237.09866,219.61587951104937,158.64937992792224,211.30706470423084,33802040"
"266.6936856980718,277.28470588235297,258.9954,242.46203023667317,185.63877019769458,238.64635337021718,33862160"
"294.03957678192086,277.28470588235297,286.0875,241.30754840736336,199.1534988318359,252.58100684948874,33862190"
"308.8178948955494,277.28470588235297,282.40167,260.07668280687034,236.55577618175104,274.01542195569874,33882128"
"316.6206980962749,277.28470588235297,275.34323,271.99994366403524,222.46051073374508,277.8080868851935,33902140"
"272.77317785018784,277.28470588235297,271.3976,246.5507639846558,190.92447535553072,243.85399985980254,33902172"
"341.44400285884666,308.09877300613493,312.0656,295.99449301272693,173.7394697504229,284.6625739176413,33922038"
"248.61473424679326,277.28470588235297,247.43318,225.21987259355816,176.10272189424361,223.06582129610325,33922200"
"245.26719571840908,277.28470588235297,242.06863,238.9006511164661,193.14026435716892,230.58139818179345,33942144"
"305.78277903295947,277.28470588235297,246.15765,246.44822818742287,210.45755857391887,261.4929217056225,33962116"
"279.03939962852905,187.4896551724138,243.17319,203.99737660093632,202.17304870833686,233.5892707327254,33962128"
"223.614441640663,277.28470588235297,229.24423,224.27095543417454,175.14260121463508,212.43264798725997,33962134"
"265.47928933663184,277.28470588235297,258.58365,239.14669168083677,192.56497430274067,238.68242327371522,33962182"
"280.6101236008223,311.8,262.9099,259.3471927301213,174.02519212399827,247.45477536567967,33982054"
"247.89582381613604,308.09877300613493,221.66806,230.70361464577795,173.74946820951203,224.09695222578088,34002034"
"256.17386411898445,277.28470588235297,243.78902,226.44640808777663,199.41254506696595,232.1133093436327,34022174"
"193.44055701562255,218.07741935483875,189.93927,168.01676009613556,154.33576017432824,175.23164031079224,34062038"
"201.42184276261588,308.09877300613493,210.10088,229.36667452796652,173.65773042198106,205.04633694726874,34062044"
"235.54892481178342,218.07741935483875,186.84889,194.994565617336,173.13475834888405,205.8944118978946,34102106"
"278.3743902401029,277.28470588235297,278.63806,240.35450417761794,216.6301074672761,250.1958532374793,34222172"
"321.81475463410834,407.26785714285717,261.94293,277.3707670408161,214.39234951948913,280.3708673113948,34242074"
"199.50138915139772,170.9923076923077,221.20943,190.45288845064752,204.73913379961445,197.6247271370076,34262082"
"266.97114750115475,277.28470588235297,242.634,252.76931023079254,210.8481392737184,248.32869904518455,34322110"
"278.95952093403923,277.28470588235297,257.9201,259.6308797399123,231.84284565819297,260.6728614803394,34322146"
"276.1953001709955,407.26785714285717,258.62927,272.6867826852853,192.42543701541723,255.26024040486448,34342040"
"323.22918822299454,311.8,313.13867,263.2582068306127,224.75709154512168,278.39560510550376,34362154"
"201.12877742682247,277.28470588235297,214.20607,188.82513182629498,178.9479458194419,191.9668277568436,34362190"
"273.1316235145565,277.28470588235297,242.57384,218.0852901336422,209.48989523657247,238.37625642736464,34382156"
"340.32165637046256,277.28470588235297,292.2573,260.41388998916824,231.72471205124668,285.5615842410962,34402168"
"185.9828475195921,187.4896551724138,172.73991,177.68156175126043,207.0692987165264,188.10965911016615,34402178"
"250.70584742143666,407.26785714285717,240.6713,267.2016997135305,212.71735224397074,247.99758051325475,34422080"
"288.00462918048515,407.26785714285717,245.9169,262.5996129427553,202.2598045993765,258.7348243856716,34442086"
"256.3438707250598,407.26785714285717,201.2432,270.8659319019209,219.07981231083238,252.7755541054786,34442090"
"247.0731510180381,277.28470588235297,251.31555,231.93570283270165,196.54207328996245,229.76373390645205,34462160"
"308.8962174734635,277.28470588235297,255.54196,251.8349067870727,215.5427029050465,265.9029760665083,34482108"
"286.6262737002867,277.28470588235297,256.72113,239.819243544305,210.33919867554806,251.61366570304398,34482120"
"270.42240101922846,277.28470588235297,252.4231,245.8943971419249,213.15399480049246,247.9353034639956,34482166"
"232.280111239046,277.28470588235297,227.90857,215.16472419926592,204.3588581703633,219.7689655354786,34482180"
"222.3543547461713,277.28470588235297,230.66574,237.36638317892888,188.98113299616926,219.84854619206516,34482192"
"284.811958729953,407.26785714285717,335.43253,305.31837042811804,194.96398851994488,271.2034746691567,34502098"
"160.0596629496767,187.4896551724138,143.04434,155.8805802928857,201.057321503857,168.54721720277996,34522176"
"201.1767641845658,187.4896551724138,174.56387,179.9377193551638,184.1801640921142,189.4115045500952,34542132"
"193.88572839480548,218.07741935483875,200.96904,201.15006681779514,173.4037930218523,191.63406497670462,34542186"
"183.58190765932025,170.9923076923077,223.91139,183.55460999827625,201.9758594732776,188.24334453507373,34582064"
"251.98614741708906,277.28470588235297,228.4789,210.77612171386326,174.20662008976808,218.7858119800706,34602156"
"298.52908398719933,277.28470588235297,263.4637,269.7700845769854,225.16322509576173,270.40734854118057,34622108"
"255.46636982508846,407.26785714285717,307.85114,281.61177976853827,217.91380313241763,256.6396398035207,34642088"
"169.59469240781303,187.4896551724138,163.65239,170.50246402842546,199.48824750915236,177.19492785617763,34642160"
"235.31088181135246,218.07741935483875,224.11269,230.17828680717096,176.99759315902,219.2453473600396,34642178"
"349.96418835055306,407.26785714285717,340.35654,304.38467471074614,230.1907165491433,305.34608011785997,34662094"
"301.7771108824152,407.26785714285717,306.08917,275.32513553897195,228.9018180847293,275.51388254294966,34702086"
"216.5072094720976,170.9923076923077,206.03432,201.14368462195802,206.58487701123428,208.4479386665176,34702098"
"309.8976618703385,277.28470588235297,269.82745,261.32950868042514,228.765921817558,272.90696971638266,34742116"
"236.62805536292424,277.28470588235297,250.23795,244.3166935175157,175.62822074868654,224.85157636278802,34762150"
"152.7749717758009,187.4896551724138,150.86398,166.43606447282224,177.23520172993025,163.61566877368492,34782164"
"107.3749894593999,65.5,126.546814,102.75586989144145,122.42443166206098,109.32695981702261,31742078"
"220.25517572218752,151.5128205128205,217.3372,211.5851397413836,163.0044190357972,203.0065750878365,31742100"
"157.53088675885587,308.09877300613493,196.73329,141.65466502608086,122.68791324651716,144.6327534673771,31782094"
"216.2210231381552,151.5128205128205,220.47346,198.13523347744146,148.58961503089455,193.25476464929378,31782102"
"306.9539931828034,407.26785714285717,307.77988,287.68645031633855,149.69564101726704,262.7217054434393,31802070"
"167.6565866241194,151.5128205128205,177.83691,168.8779069952506,134.33382932958213,160.00678913342858,31862098"
"151.2208462393694,151.5128205128205,163.86542,166.92327976692584,125.37822769066274,150.5245479673706,31882096"
"325.55809561033624,308.09877300613493,333.912,298.64073810935275,186.44481074997805,282.4953902528535,31382090"
"166.28455485017722,93.3979381443299,149.68779,181.00719466214042,149.06573239345,166.74698179412675,31382312"
"134.37370829335484,311.8,194.6894,184.93993375953775,145.6712925923842,156.0571836110226,32462208"
"153.080706540549,151.5128205128205,146.17505,144.76834371269192,147.89611384497923,148.87570219484027,32482188"
"334.5117646470737,277.28470588235297,291.75943,313.1740006579641,193.5656819469472,292.37953433729473,32522262"
"198.17869304427006,311.8,184.81224,201.97726705566762,171.0639011247034,193.43522291985852,32862174"
"258.3610528429245,277.28470588235297,232.14598,225.0984834290605,171.8333357956654,225.75806787674267,32902170"
"162.6894984603721,151.5128205128205,152.9683,182.97896667450317,165.353253047114,170.26977945202444,32902202"
"240.2575120207146,218.07741935483875,225.1359,207.72712400719396,156.76033725269863,208.50781663207815,33262130"
"218.61622757445187,151.5128205128205,204.37376,199.02057205729992,158.41536115685582,196.7790250904922,33502280"
"244.56813041256905,165.870895522388,216.79753,192.2074799262128,164.80780071266028,206.43694622020553,30922116"
"222.802034400684,165.870895522388,228.17526,173.05530272070024,147.4776531377276,187.00173236014078,30942150"
"138.76209711413006,165.870895522388,143.53618,144.7615257201805,157.08176417288826,145.4578301416348,31002120"
"193.62471234059888,165.870895522388,162.56738,128.55913591790483,139.46480835138212,157.50688170940813,31022086"
"223.75430397152417,165.870895522388,197.59195,181.37009722648187,153.33747801478228,191.47614023978733,31022198"
"255.6128964558098,165.870895522388,200.18112,193.58412520125063,152.63885594181593,208.24611273212835,31062184"
"155.04979498024716,165.870895522388,155.59877,140.5368737633512,142.35131895607356,146.98537926486273,31082110"
"199.783427496161,165.870895522388,182.88643,149.79496795826108,131.33305700714897,165.52416677978226,31082242"
"235.91228917298497,165.870895522388,192.34734,181.7491494219724,142.82911464879624,193.8630569292966,31102234"
"172.95826089484456,165.870895522388,181.63843,146.97901526575595,136.35819564687904,155.08359051468614,31122250"
"199.73973096552277,165.870895522388,177.36261,189.23401146327822,142.89176817380323,181.99292727562548,31142216"
"157.70541587183826,165.870895522388,156.3129,134.6230355810899,134.65588260778432,144.1258561357676,31142272"
"107.86022826381038,65.5,124.10683,119.96285703141695,134.57691254300263,118.43279896320821,31162082"
"268.793005024512,165.870895522388,210.16075,200.07434923255704,173.82025984907082,220.9425392198362,31162226"
"173.91820799866127,170.9923076923077,192.07599,207.0324746495275,148.8002455203762,179.48046871941108,31182138"
"185.3558871020216,165.870895522388,183.98795,161.58861131693837,123.91322030309856,162.10447239980527,31182246"
"217.5552507845653,165.870895522388,166.06873,171.71174356168135,132.25262314920414,180.3239121596148,31202176"
"256.35398938317974,165.870895522388,182.38889,198.63590289821178,156.2948620870129,211.05800033057753,31202186"
"220.68599960382812,165.870895522388,195.31233,181.12219520865216,146.21867654870027,188.43099776161452,31202252"
"133.23135926766372,170.9923076923077,151.25882,145.29842164768237,122.13569701813651,135.0706157378837,31262106"
"231.64383898013728,187.4896551724138,176.50848,172.85975105831346,141.37259900927228,188.7190099859272,31282184"
"371.32401332330875,277.28470588235297,296.1284,292.18610079349503,196.29706786052898,300.40470157856106,31302196"
"171.7342724647481,165.870895522388,185.99698,167.16819294859906,135.84467304861315,161.5311062873899,31302250"
"272.81356567535533,308.09877300613493,259.17963,244.60922927081094,155.81054959032673,234.771142869672,31322102"
"291.6190125523402,407.26785714285717,278.11664,292.4820114097936,164.68897895269123,261.7107700438311,31322144"
"327.60560772889767,187.4896551724138,284.87784,254.05121195745392,172.47391689558935,263.43456224681125,31322182"
"241.47602327108945,187.4896551724138,220.35313,201.68266027525098,136.53357979822982,201.80138216768313,31322218"
"142.68342368437578,165.870895522388,164.10486,109.94414334748078,131.53987614828975,128.8627926842172,31322300"
"218.0760430760207,165.870895522388,176.94572,175.60956812249253,144.20304774687514,184.8564731070998,31342268"
"190.6732824634528,165.870895522388,168.3015,151.99440401334613,124.43508289180417,160.8946074129036,31342280"
"167.41595304816465,165.870895522388,157.02182,129.27289793753843,154.70612855587578,150.98169846228433,31342286"
"173.48876345691667,170.9923076923077,181.4097,208.28368395234034,162.6995259504626,183.03295908000155,31362156"
"266.54828144697274,407.26785714285717,240.66083,261.7386608665414,165.79524350222454,241.04204941220988,31382126"
"197.54002441478488,187.4896551724138,195.54099,188.63775168403154,143.5874094024713,181.31987511350437,31382252"
"156.55592413689283,165.870895522388,171.8661,153.84885974512406,131.03374679177182,149.59470957219872,31382306"
"217.53312554723993,170.9923076923077,221.25838,189.9363894979925,163.18132373381016,194.56008291319745,31402124"
"285.9641954853635,277.28470588235297,251.58804,254.9336755607009,151.81027829925938,242.41287437798297,31422198"
"307.99367604855996,277.28470588235297,266.09787,267.1438348646676,141.464904307289,253.022928639026,31422234"
"207.4879137519486,187.4896551724138,194.22449,188.41974828145027,138.77331085237446,184.025739474496,31422252"
"190.05259883339232,165.870895522388,164.35902,179.13622017722253,146.57921640901947,175.4259413288848,31422310"
"311.3830709595939,277.28470588235297,281.64838,287.4519107581875,171.3337143460695,268.7773194415769,31442214"
"240.3772169142268,187.4896551724138,225.08606,233.9378958864793,182.59417378437277,223.77103943489948,31442268"
"133.5554168889047,65.5,164.83812,130.43372221391044,146.27269284896707,135.41410935110284,31462112"
"322.5181018837814,407.26785714285717,280.7899,275.61915200789156,162.6065456024641,267.64354465284146,31462148"
"297.79010143842885,277.28470588235297,277.49893,259.9418781213618,164.5386871698911,252.12228751740147,31462238"
"213.86972255194837,277.28470588235297,236.76756,177.5481147152369,139.48933963851408,183.71988725961018,31462302"
"305.1096042355046,407.26785714285717,274.72754,294.0654504559349,152.7911512693043,264.72377908131404,31482142"
"262.4929137904446,277.28470588235297,247.02666,236.415968795093,144.67617561690386,224.8747456894288,31482262"
"241.64143515202267,277.28470588235297,219.80498,232.734421990489,164.63140427736155,219.93720357650454,31482294"
"254.78124842702502,218.07741935483875,228.98991,240.64202929228333,147.9192800679946,223.62878272825623,31502164"
"294.1979195270512,277.28470588235297,274.32565,281.9054825276778,172.23278008161938,260.17840919721175,31522178"
"288.9325159093215,277.28470588235297,272.57758,284.6654401186497,184.4903385481189,261.9988592294239,31522294"
"268.390098349108,277.28470588235297,259.93805,254.59248320270285,156.1350880319226,236.41106389063802,31542174"
"256.58732679286436,277.28470588235297,272.3345,240.47869259969892,153.8469459916778,226.33870291320966,31542236"
"277.7148591471156,277.28470588235297,265.821,256.8303585977861,142.13070067599722,237.5511697474227,31542242"
"289.703616769112,277.28470588235297,256.92038,272.07521730740814,175.91934279294355,255.73818956288636,31562158"
"242.54863406303372,187.4896551724138,244.55923,238.2018616042624,162.12748868630646,221.3042676092092,31562258"
"210.28652311094768,218.07741935483875,216.99254,198.41130211692476,141.29187106430928,189.54602011802294,31602108"
"322.347409644997,407.26785714285717,277.0668,303.84493600081737,174.90368535385582,280.3500004613062,31602148"
"257.4376948474441,187.4896551724138,261.08752,211.11529765127355,167.147665943623,219.12832044665663,31602166"
"222.40167468495127,151.5128205128205,234.43462,219.9334836873198,165.29644166030928,207.44177927111747,31622098"
"182.86631557398795,170.9923076923077,182.61519,173.99568843488913,169.52341689194378,176.48649989312761,31622124"
"318.11022775570575,277.28470588235297,286.0217,280.78860313975053,172.371053584475,269.4150171990465,31622196"
"208.39137815314982,308.09877300613493,243.73868,192.6515469325203,137.90332338195205,186.62425386046385,31642104"
"273.5567033861786,277.28470588235297,278.63632,253.19853706683855,155.5178442464965,237.96343698681832,31662250"
"283.8339019858629,277.28470588235297,273.55734,268.5169838321789,178.64967151633402,252.94384397567677,31682200"
"181.2616901468372,170.9923076923077,197.11288,207.0324746495275,160.51602820254826,185.2712739391862,31702172"
"269.96108602549043,218.07741935483875,233.82776,218.10993812042938,147.05001059220302,221.64600141429153,31702240"
"304.15498019655513,277.28470588235297,280.54425,264.8159095859773,143.25294712510896,251.22099700416956,31702250"
"266.94192285584325,311.8,273.10504,303.770121701816,182.24325211306308,259.5432925675849,31702276"
"258.46726411110757,308.09877300613493,196.82854,207.7626291855609,163.5468063545504,217.67073335020254,31722120"
"274.48033243480137,187.4896551724138,271.6888,224.55573292125248,165.47136801116773,230.25352605786787,31722206"
"227.93948644038107,187.4896551724138,189.90808,229.30491726880348,158.13796548523453,211.04553737490872,31722228"
"278.4210265671474,277.28470588235297,258.80273,265.4183116175405,188.99983946935907,252.11271094727874,31742190"
"119.17327374076181,294.04999999999995,132.06172,110.83240251685997,149.6526671305163,124.64424702913378,31782120"
"214.85908893599387,308.09877300613493,212.02826,199.95024139396506,149.7763201354303,194.38531543463063,31782138"
"278.0912363262394,277.28470588235297,274.4913,253.99224723201496,192.75685804219165,249.02440924746142,31782252"
"236.93366179798093,308.09877300613493,217.35495,220.87885370865877,156.8944667795891,212.20878915465948,31822122"
"87.38286282704887,65.5,120.4683,111.46140917727143,128.5810064702077,105.8537599816054,31822144"
"272.2678686462275,187.4896551724138,234.86829,210.20278727895962,155.99841334281263,221.82474554630633,31822180"
"218.80787035679015,218.07741935483875,208.66376,169.56707795753883,139.533980058022,182.40995999191972,31842150"
"216.15167440721717,170.9923076923077,257.34354,189.80428379881923,162.4515440324091,194.04359324411155,31842178"
"163.23503303118218,170.9923076923077,173.00699,172.72118382172934,146.02560560206265,162.48232154443025,31842214"
"181.97851093101858,170.9923076923077,227.94159,175.734772725226,153.16045140780722,173.10028414157907,31862170"
"189.60074106321298,187.4896551724138,195.13261,184.2415357451669,142.17787865362186,176.28844717154522,31862210"
"180.63979418374657,187.4896551724138,171.06471,178.28612126512567,150.12011016036823,172.40337934940734,31862228"
"277.580259445397,187.4896551724138,241.02588,212.10747797107553,161.26022411218446,225.91711061063867,31882154"
"224.63330222529078,308.09877300613493,211.60294,185.89543856398467,145.25834763556057,192.28361935769655,31902120"
"249.3967805266853,407.26785714285717,250.46303,244.91823282051314,155.7246144677238,225.99901379629694,31902138"
"289.05360574341745,277.28470588235297,285.0678,263.2933568334495,155.1010424390936,247.58462375687836,31922258"
"235.16166761180008,277.28470588235297,256.83203,226.78169891822245,133.62696739404504,208.04823004965888,31922312"
"282.4691195126154,277.28470588235297,258.9645,250.1531587354417,186.33414624450722,247.76497111886184,31962184"
"293.04150362867404,407.26785714285717,266.44742,290.6699658764451,184.84539565642027,266.44037606804244,31982142"
"200.2991315630158,187.4896551724138,192.46132,178.0431928623532,147.963141720524,179.7662200275774,31982206"
"238.42179914796262,218.07741935483875,215.4626,224.9737001875796,144.33915298625456,210.7071296745029,31982278"
"275.28391569483125,218.07741935483875,223.39134,225.80284147659847,161.4265299985452,229.84537820958394,32022132"
"399.74784537967446,407.26785714285717,330.63605,335.42378280931024,184.28713900758243,324.7716170665333,32022142"
"150.96495234520438,170.9923076923077,177.75244,150.63693372248113,156.585368291815,152.50435958751294,32022168"
"134.78202528403972,151.5128205128205,130.66402,134.5358749550375,127.47966887057032,132.98709269995294,32022208"
"214.35994617526458,277.28470588235297,204.57419,226.93776623462838,168.73721706860633,207.9561767515172,32042218"
"157.09653045547654,170.9923076923077,177.14409,179.35329817081978,153.3346108575015,164.14767855832926,32062178"
"231.61237724033242,277.28470588235297,216.8345,238.87424206061638,192.49374785428273,224.80707195566032,32062232"
"296.2272303730757,277.28470588235297,281.18137,254.63381069325496,160.08063843853435,248.6004422096588,32062244"
"123.99484459618037,151.5128205128205,144.1481,153.3644930696189,138.16545426992118,137.9325627138804,32062286"
"105.1981156967652,65.5,136.50778,110.02563847210504,141.14574135306586,115.59237012422852,32102216"
"270.54228623076773,277.28470588235297,269.50342,253.41873010781364,191.05544690028384,245.3758047019309,32102244"
"235.46029422304468,311.8,242.29016,230.2671350426959,165.73434797614448,217.2255817663169,32142120"
"225.9269135963406,187.4896551724138,209.64207,199.58035472507544,158.11740905540677,200.03308552805038,32142162"
"164.9328640733124,187.4896551724138,147.12375,152.80320999228832,148.56155298672033,156.74029666677802,32142246"
"311.1957491423993,218.07741935483875,297.56213,237.96956842572112,154.9257033479828,247.31346396275063,32162128"
"154.05690392838213,187.4896551724138,138.25786,138.32596229305287,149.25913994701756,147.48193336036823,32162236"
"214.61807058361214,277.28470588235297,232.84581,232.93159034670626,170.6166601378047,210.80011812624247,32162304"
"162.39249417466843,170.9923076923077,182.31042,207.60005313632436,152.67412444613706,175.96288554069866,32182144"
"280.1386128274837,277.28470588235297,269.32837,247.73823638733842,144.7756756378553,236.01497267021028,32182176"
"225.97241736270644,218.07741935483875,219.10023,211.99730209120068,149.2346340552789,202.44978253205932,32182292"
"241.04298681266653,170.9923076923077,247.96172,224.54282324781343,159.1769905547393,215.17543425675697,32202154"
"227.68828802820437,277.28470588235297,241.89006,228.11903923871245,159.2063179064025,211.62554563981496,32202208"
"308.70091486751215,277.28470588235297,290.47098,264.85080603053433,167.30136229299174,258.930222998194,32202250"
"276.9271160978311,277.28470588235297,241.07991,248.2502460835148,156.90140188727895,237.65021437522557,32202258"
"264.1109790893238,277.28470588235297,255.86755,268.09936346930994,172.73544079557533,243.39902246046273,32222200"
"233.0839061471888,218.07741935483875,222.10979,204.4651977465849,158.9239834093585,205.0217869351688,32222206"
"190.0718817853852,277.28470588235297,197.24536,194.5655142110554,138.45259995444042,179.6492398992599,32222210"
"297.972131164839,277.28470588235297,292.43793,280.306926677539,171.3818384042655,261.04515449926873,32222272"
"115.53628206390371,65.5,132.15344,113.71044778611865,137.25323345677748,120.01346152904256,32242118"
"235.21038032168184,277.28470588235297,227.51178,223.87709178611578,167.66877598193486,215.08614792228602,32262314"
"348.54952084471756,308.09877300613493,308.54633,292.32654907612306,184.23287901337562,288.72562490406494,32282118"
"262.0464590362797,407.26785714285717,247.99538,292.56602231505207,159.38783926024848,248.48404180839435,32282136"
"367.9121759761494,308.09877300613493,348.105,326.58938773364264,195.4039727133561,311.33519597153145,32302124"
"236.93553179277075,277.28470588235297,236.02687,228.00922202551536,152.75113445190433,213.66116357623298,32302254"
"291.5541826497215,277.28470588235297,285.36365,278.6194991836172,181.01428710660895,260.1862774435057,32302268"
"141.1171651003545,218.07741935483875,167.24846,159.27597996319733,154.18007305164335,151.1834869130048,32322290"
"142.68844134791314,218.07741935483875,164.1757,155.7038683760115,142.02135040954036,147.60109191775595,32322300"
"231.0001876016739,311.8,247.8314,228.22374264915496,168.39863192222168,215.4245672800659,32342232"
"231.45336985030292,277.28470588235297,245.87782,218.81656500920627,162.13927662939082,210.62261351409876,32342304"
"201.43172368228682,151.5128205128205,160.0741,176.26856572117705,149.4195423052608,179.535238672153,32402314"
"308.4851731370086,277.28470588235297,259.7817,265.4260274999485,149.67071243006038,254.56129333783872,32402318"
"136.96635945172318,151.5128205128205,139.53412,145.1234708068532,151.19395857400775,143.34215394705697,32422186"
"240.32795785860216,277.28470588235297,237.44139,231.0682180616075,175.78345023587582,221.65821424259175,32422190"
"362.9923418947652,308.09877300613493,366.4414,353.95794022351487,204.75489632368186,321.2979336506009,32462114"
"88.73472636078155,65.5,101.57492,116.51797047331952,138.81887617556896,110.49502770155385,32462150"
"134.68545723695163,218.07741935483875,145.39305,157.21793958974257,130.87174215076254,142.11475371502542,32462168"
"133.64714529920693,218.07741935483875,143.79054,173.19779469727942,130.52309284177608,147.1685794407199,32462180"
"305.60677274016746,277.28470588235297,284.1843,282.2761907719684,184.4615382399063,267.87317524714365,32482146"
"151.15604458123508,277.28470588235297,178.29416,190.7334247082753,142.2709778695982,163.62957858782246,32522178"
"398.79635421327885,308.09877300613493,344.47537,323.41100532244013,189.33623397453215,321.0165277851551,32542122"
"157.6652879261935,170.9923076923077,179.99509,167.11750515151095,153.36514105358592,160.14226069138576,32542140"
"156.27429863992467,277.28470588235297,178.71344,181.29474327670144,148.2362888805948,163.82582954700976,32542176"
"140.52298911459283,151.5128205128205,141.80336,143.963200870902,145.4507050353121,142.9789857139703,32562186"
"104.30430947987139,187.4896551724138,119.11391,125.35616661505725,123.92947501381593,116.91773114407127,32582174"
"385.61067304774923,308.09877300613493,342.74423,310.10837722892194,186.37752204903634,310.41432226522124,32602106"
"271.7908881811601,308.09877300613493,259.01672,232.94916872541853,153.35476156789747,229.71031714007108,32662124"
"330.86930115193246,308.09877300613493,329.05234,306.33126737379973,190.1456014036903,288.14556768153903,32682112"
"276.6566696160822,308.09877300613493,244.46878,253.41408697987958,175.46341260328214,244.01561215190682,32702098"
"87.27816604395592,65.5,98.81338,107.17008071325515,153.25699361867117,110.13596222467373,32702142"
"267.14688816940185,277.28470588235297,258.0039,252.2131581661905,171.8782119660351,238.88416363416889,32722274"
"290.12175583056796,308.09877300613493,299.2545,284.00367880671774,180.58462356033263,261.64518011180814,32742100"
"388.56061701031643,218.07741935483875,358.8687,272.03317130891435,173.40518360472578,294.84161054008143,32762098"
"322.06427284485335,308.09877300613493,292.9797,271.205086548562,165.15803379122866,266.1153707290497,32762120"
"122.10253895655477,65.5,132.72855,153.49076731948776,155.8334185374187,140.97174884986782,32782118"
"317.1398794082136,277.28470588235297,313.38458,280.5678548866848,188.9397539746096,273.1551582406637,32782154"
"315.0203491489756,308.09877300613493,315.96713,283.1379185442285,185.02034242664575,272.43678597220537,32802128"
"114.20140917416296,65.5,128.1306,151.7628664085892,155.4237032617345,137.0965785230837,32802152"
"270.1141738853454,308.09877300613493,283.93787,255.8817413965869,171.71211547029824,241.64452942055993,32862126"
"77.22404859032159,65.5,111.22846,112.33654163265328,138.89336777804078,104.5484577859111,32862162"
"66.2208813838439,65.5,98.66364,100.87845682113662,141.33903593262465,96.68725313072673,32882170"
"139.59159234462427,277.28470588235297,161.56277,163.45436074351022,141.07119950241622,149.12644758397906,32882182"
"215.73619616170137,308.09877300613493,218.49242,200.77441991315206,149.57472632281667,195.0179788582471,32902116"
"339.3300939956159,277.28470588235297,313.95145,303.5936334013872,200.99562286786195,292.9157191266207,32902134"
"270.7196012238796,277.28470588235297,266.4511,260.84330199512056,182.36699098707726,245.90677021683302,32902162"
"307.2884083394934,187.4896551724138,311.58493,290.0118493951147,173.01921841665788,268.19364224618147,32962142"
"102.76898654373004,129.02727272727273,141.44768,136.08322859377182,155.3605566168387,127.50117275812488,32962154"
"260.9642386157647,277.28470588235297,225.77174,227.76103356594388,170.74776632276223,227.41227757470588,33002132"
"255.64639197429958,277.28470588235297,244.0076,218.75462899411713,156.13694962730747,218.7561822144897,33042156"
"155.95777960292713,311.8,200.5106,199.20963279133778,154.68837453127944,171.83068642494283,33042198"
"286.62082604667717,277.28470588235297,253.57153,252.7243400221414,177.60792487671281,248.16129406206014,33162156"
"185.57378294582477,277.28470588235297,158.16478,171.6124874961243,159.913717909213,174.787112355949,33182168"
"290.14091923260685,277.28470588235297,263.713,259.4244930989721,176.86970310327033,251.78653793250027,33222156"
"260.3762318525067,277.28470588235297,227.63914,202.62632842938982,170.53707311945217,218.39153287199065,33222166"
"170.7947628907852,170.9923076923077,177.9744,167.9075240745637,137.534628944315,161.7935707848823,31982074"
"148.63702526325514,218.07741935483875,152.4085,167.19161257557565,148.88063815376518,155.54187850148514,31982106"
"338.3588473671963,407.26785714285717,316.1396,308.83347341742467,161.63810911841338,285.5203696123593,32162062"
"268.00400481254815,407.26785714285717,257.0516,243.6576249926956,172.67391246941332,237.10757782594317,32202078"
"161.13711783574695,308.09877300613493,175.9865,186.2227732184002,144.32463401632836,166.66918346394763,32202096"
"261.8789598618,407.26785714285717,248.12529,281.17112165350477,175.68315834765855,248.39490700345203,32222062"
"175.46085115199674,407.26785714285717,204.8109,191.55292682262464,132.5208992732289,172.08338515042882,32262092"
"257.14822691298514,311.8,207.97235,283.5304484229029,167.85134143220827,244.65992917163004,32262102"
"293.8911460280832,311.8,285.19043,263.4191358044308,198.0767538882365,260.13112429884666,32282068"
"186.57732576177517,170.9923076923077,198.80467,188.85024411380755,150.99910614421515,178.7652121108685,32282078"
"272.255318347154,308.09877300613493,254.27484,268.86885726941097,186.4237573388393,250.36651008289786,32282108"
"358.5131626883252,308.09877300613493,321.497,324.36622490692724,190.07200168734,305.3451189139589,32342062"
"250.0728996841389,311.8,271.47144,248.58651554044684,194.61632181545707,236.60852734932115,32342070"
"239.43300385128393,407.26785714285717,252.35075,234.67690830904942,152.19219527495585,217.63045948225877,32382082"
"206.02680994361057,170.9923076923077,178.03896,197.96688697531854,179.43748251817328,196.407337289211,32382088"
"230.89018138702207,218.07741935483875,226.49426,201.82475575437786,152.56667833471462,201.72304968397745,32402080"
"137.8349792580007,65.5,175.96332,161.69838819514496,158.2834557151953,150.98390201625043,32402110"
"163.271075832644,218.07741935483875,161.61603,161.21397012081255,142.09548507992977,157.70395549445814,32422106"
"245.21093101171212,218.07741935483875,203.575,206.37039215000075,165.09526859746745,211.86955673943262,32462078"
"347.6016568854793,311.8,325.8944,285.2453521988273,192.79050808646997,288.0965201453679,32462108"
"274.0195423946192,218.07741935483875,214.85864,215.90889903654184,160.99752010852177,225.73438248520517,32562088"
"219.38650693040603,170.9923076923077,229.67667,228.82176171407755,161.54394802499522,208.49613041840237,32582102"
"278.4712687733978,308.09877300613493,262.6825,273.1593361800686,166.67667642445593,249.6131376517406,32722080"
"322.8088982772009,308.09877300613493,300.16925,317.77233076542853,205.15999537879088,292.3513438089035,32782060"
"306.0006146144321,308.09877300613493,296.3922,270.59787861182997,169.77359317183277,260.65701611203923,32802056"
"209.39336684421812,308.09877300613493,195.71822,193.01126979582833,154.40466772173,190.80086474585585,32802074"
"148.8057141349983,218.07741935483875,149.62271,155.2763737061227,142.20398996848616,149.8260978858255,32902068"
"288.7655266702462,308.09877300613493,267.42963,286.73368367960745,189.31857278829057,263.9442315232242,32902080"
"289.02653668566063,308.09877300613493,262.80057,248.5845813446674,163.96665998031878,244.60146748445246,33062062"
"404.3806239528208,308.09877300613493,345.10083,335.7766011145567,179.05093625619867,325.05722604696473,33182064"
"337.319939628279,311.8,288.39325,273.99239824712254,180.82404799591146,276.929766383573,33182082"
"155.91832238007362,129.02727272727273,161.24236,144.58833459808213,179.77524875153517,157.64523898439168,33222058"
"130.60851670408786,129.02727272727273,157.04538,138.82966593107273,146.56959347964877,137.51128422782668,33222072"
"150.15998322665268,129.02727272727273,188.3946,169.301880715331,161.7126022820258,159.77943848011043,33362050"
"178.9509672156211,129.02727272727273,162.27045,189.09874225687452,168.78945880000728,179.64722990859846,33402048"
"92.00832628546178,65.5,110.10343,110.52048903644547,134.34488900026724,108.68695547755377,32702146"
"172.2022866334195,187.4896551724138,161.81456,163.46670845506793,185.11652190620268,172.29223772895483,34822164"
"307.37889683437567,407.26785714285717,320.5856,295.53920541098233,242.6428505704705,288.2054133450172,34842090"
"253.95172387305902,308.09877300613493,237.63795,234.23289286962398,201.336010363367,234.52190801154154,34882040"
"186.88175028428307,187.4896551724138,190.60135,168.01083160411702,192.09620114083828,181.60420092442018,34882144"
"247.19264075133756,218.07741935483875,223.16615,210.96750471063953,196.8997273497766,222.09229700103697,34902136"
"282.3382313398417,407.26785714285717,284.24377,265.4508684348663,202.45025586930768,257.79137186345326,34942070"
"224.79575448349186,277.28470588235297,228.35944,208.28152504480462,176.85200460814738,207.74401317367295,34982150"
"291.24175359903995,407.26785714285717,305.78708,274.21598071429463,214.59319674753334,267.473810665081,35022090"
"265.80806811342757,407.26785714285717,253.8109,265.4618769450494,209.54596987216803,252.72324324680656,35022094"
"292.873051907588,277.28470588235297,275.79868,249.917343076426,192.10615705149303,253.3360145666856,35042146"
"243.1876041223643,277.28470588235297,245.42159,238.52549501298333,168.57410589885717,223.70323825257645,35182124"
"174.42510523041426,187.4896551724138,155.16441,165.82505400557017,166.6987487106285,169.4934365892258,35342172"
"146.82942538700922,218.07741935483875,190.36127,156.0111521820351,153.45286914349342,152.30625507308824,35422176"
"314.7456790477196,277.28470588235297,281.66705,314.0878483352476,197.45903290669565,285.7079600152213,35222098"
"183.86333790811804,151.5128205128205,164.63333,169.57338954208151,163.31882205127104,173.61385779587116,35222116"
"295.7875956525369,277.28470588235297,230.44453,246.3387459550258,201.46335810705284,255.19248531303475,35262100"
"185.68013653434105,170.9923076923077,202.93097,176.15240652397702,175.69602618911088,179.9936053066172,35282080"
"212.809567618287,277.28470588235297,201.67322,196.1211496929306,169.69420873412122,196.82370224125833,35302114"
"180.0173048560383,170.9923076923077,194.65036,181.88399054994088,186.64406546528747,182.32729701980583,35342068"
"251.27951868701962,277.28470588235297,247.26236,261.05048907656237,187.6787975442321,239.397690048647,35382120"
"250.2771245855218,277.28470588235297,226.44965,228.28384485953518,169.02941217852253,222.93335790070313,35462116"
"237.28973663751765,277.28470588235297,217.57883,208.22782081348504,173.37458379452062,211.77600947513432,35502098"
"172.29656838493602,151.5128205128205,180.82973,214.13465048504654,160.90662804889575,184.05645457088855,35582196"
"239.77343034474987,277.28470588235297,245.97934,237.30767125871196,183.24629862231836,225.4758295243358,35642110"
"249.40010204027683,277.28470588235297,242.26564,238.7237844835963,186.9175619682617,230.65902728834405,35642116"
"256.0794390221266,308.09877300613493,247.34906,226.35812006440295,213.33971075659088,235.6001981587983,35662046"
"205.83741907117133,151.5128205128205,188.04187,186.9886607951615,145.2712938554922,184.2130178663006,35662070"
"267.3715517904786,277.28470588235297,258.23135,237.12185567114432,182.72596998088017,236.34682996015698,35662100"
"221.95266068308948,187.4896551724138,202.85898,171.22509426307948,185.445105558833,195.14698218903192,35662118"
"161.2425152304006,151.5128205128205,167.6066,168.12987699593518,161.11319612921855,163.60318196127514,35662186"
"227.62386939558803,187.4896551724138,200.14801,183.36759534559818,190.69546274305384,202.88017143829984,35682092"
"241.4669976166742,151.5128205128205,211.7489,210.54824024692175,182.2745007419057,215.70413923394884,35702140"
"246.37146689705432,218.07741935483875,255.84184,201.1704109735561,159.70581818408186,209.58688839381665,35702144"
"146.64760606366414,151.5128205128205,158.65985,152.04230955962515,155.89303053152798,150.87287652279105,35702180"
"222.83276425547646,311.8,229.48508,213.26063687581618,159.92297715354084,204.78739933660398,35702222"
"153.09951393995723,151.5128205128205,164.98465,167.05941905599522,153.64840638917923,158.16753433591145,35742184"
"239.77008391314723,277.28470588235297,222.3731,194.76760221148592,184.3102690699503,210.7570544085192,35762124"
"207.09627363883905,258.1296296296297,219.92877,211.79812081649354,202.09702064472077,207.87906543443688,35802100"
"177.10682454360725,151.5128205128205,194.45277,200.4637692205429,162.85975785120135,181.77966746427302,35802196"
"253.3727631306866,258.1296296296297,247.93054,233.95818252009414,189.2826849674246,231.0929032054049,35842082"
"152.86320568423312,151.5128205128205,162.18744,156.40711707138584,157.493465417499,155.27619343801797,35842172"
"331.9521198342086,277.28470588235297,277.73914,263.4176125568826,201.0907127754729,275.7635246067367,35862110"
"241.9335759304544,258.1296296296297,229.14583,195.29327628216572,215.7766057634095,219.36284693482622,35882060"
"274.24339289556264,308.09877300613493,277.79474,225.52226480322855,174.5977901749171,233.37350535416635,35922084"
"196.82541390315345,258.1296296296297,198.13579,225.31952990120098,216.84490542223642,211.9156662276237,35942062"
"209.27291702608898,258.1296296296297,221.30428,218.91527416120536,181.459585542318,206.23811337165563,35982064"
"306.3511776675635,277.28470588235297,260.15195,260.95851329500965,182.82947408367653,260.1836870195049,35982118"
"229.42263709221993,277.28470588235297,229.52608,230.700456742343,178.61042290659992,217.82153347554,35982132"
"290.91669235140597,277.28470588235297,273.82507,253.3765940066923,193.45910101024407,254.07557146659792,36002120"
"266.35748003864296,277.28470588235297,235.47403,215.9532279857173,170.0802528494449,225.35396692696457,36042102"
"275.5081854832375,277.28470588235297,257.86746,239.63319003005293,180.0505965424533,239.8067293638813,36062122"
"323.4076528293097,311.8,307.10403,273.04406527445013,169.6479081691359,268.495342786539,36182164"
"295.1111575842486,308.09877300613493,287.72058,233.6735390643401,197.88155506664805,250.21358481750403,36302074"
"183.45489351028894,311.8,180.02483,197.63915806107553,158.2222087610079,182.92878346505626,36362152"
"209.12211862921632,258.1296296296297,217.72289,196.6610832038906,187.62515890524162,199.89821837552404,36382078"
"167.95130349455863,151.5128205128205,176.3029,204.4601419381888,166.49398680087035,180.2808226532557,36482182"
"310.99130479904215,277.28470588235297,308.6769,297.9721395701755,171.79862598558506,272.5873425651422,36522178"
"343.2463379155321,348.45,317.32416,264.2209239927899,171.0227983477411,273.90859497752143,36722152"
"178.8469744116874,151.5128205128205,172.2706,167.21566183951802,157.25957304439757,169.38620804294277,36722164"
"263.15144931236716,348.45,240.3174,188.75119087688827,161.1164035190104,212.84503928381224,36802106"
"248.3759081309023,348.45,231.02495,183.31233479485678,162.793745870534,205.41617383010407,36842110"
"291.8193079783239,277.28470588235297,253.47246,250.96990063444045,198.22513623744686,254.60594024370147,37322140"
"207.3793145147703,187.4896551724138,212.25288,174.10994288823338,201.4370123428535,194.29192505202178,37462124"
"220.75161706763754,187.4896551724138,205.6174,193.96541138102714,196.97635790954476,205.39482062963475,37502154"
