"FID,POINTID,Depth,POINTID_1,EC,OC,Elev,oc1,ec1,LC0_Desc,EVI250,LST250,susm,twi,TH_LAT,TH_LONG,slope250,Prec_World,Temp_Iberi,pr37040,pr37060,pr58040,pr58060,T37040,t37060,t58560,t58540"
"0,28661894,0-10 cm,28661894,1,177.4,343,177.4,1,Cropland,0.195667544,14946.8913,60.15990067,1.558220029,38.68398208,-6.765229741,0.463252991,48.57860184,16.49340057,46.33333333,44.91666667,47.58333333,44.5,10.25,11.39999962,11.44999981,10.39999962"
"1,29361938,0-10 cm,29361938,1.9,84.6,605,84.6,1.9,Shrubland,0.243571268,14858.47826,49.07320023,-3.052050114,39.20837036,-6.073698898,4.934720039,52.75989914,15.22239971,50.08333333,48.83333333,52.08333333,48.83333333,8.800000191,9.949999809,10,9"
"2,29761754,0-10 cm,29761754,1.4,452.3,186,452.3,1.4,Grassland,0.196001239,14976.32609,63.98820114,0.162255004,37.65292859,-5.239352241,0.363407999,47.95410156,17.71269989,43.16666667,41.08333333,44.75,40.5,11.39999962,12.5,12.60000038,11.5"
"3,29582082,0-20 cm,29582082,3.4,345.8,1141,345.8,3.4,Cropland,0.285321809,14533.35897,72.6536026,-2.297669888,40.52129288,-6.144885179,3.328229904,94.53970337,10.46609974,91.33333333,90.83333333,94.66666667,89.91666667,5.5,6.550000191,6.650000095,5.599999905"
"4,29662086,0-20 cm,29662086,2.7,33.2,1111,33.2,2.7,Shrubland,0.208077597,14637.90698,72.6536026,1.015740037,40.57186521,-6.061535348,4.453750134,87.21219635,10.82989979,84.25,83.5,87.5,82.83333333,5.599999905,6.650000095,6.75,5.75"
"5,29882084,0-20 cm,29882084,4.4,318.2,969,318.2,4.4,Grassland,0.295464462,14780.64286,54.42819977,-1.436570048,40.59585554,-5.802445943,1.623280048,61.04719925,11.90789986,58.83333333,58.25,60.91666667,57.75,5.949999809,7.050000191,7.150000095,6.099999905"
"6,29882098,0-20 cm,29882098,1.7,147,1096,147,1.7,Woodland,0.244093805,14631.18182,54.52909851,-3.4296,40.71940442,-5.833951052,4.290770054,66.73040009,11.43420029,64.33333333,63.66666667,66.66666667,63.08333333,5.5,6.599999905,6.650000095,5.699999809"
"7,30022086,0-20 cm,30022086,2.3,105,949,105,2.3,Grassland,0.25909809,14773.22727,55.57180023,-2.46739006,40.63966513,-5.644766982,1.747059941,50.87009811,12.02420044,49,48.41666667,50.66666667,48,5.800000191,6.900000095,6.949999809,5.949999809"
"8,30062066,0-20 cm,30062066,2.7,112.3,1091,112.3,2.7,Grassland,0.168262344,14729.33333,53.29520035,-1.630130053,40.47043446,-5.554207704,7.234680176,54.18349838,11.49580002,52.08333333,51.5,53.91666667,51,5.349999905,6.400000095,6.449999809,5.449999809"
"9,30062074,0-20 cm,30062074,1.3,60.3,1128,60.3,1.3,Cropland,0.22525017,14719.09524,58.85200119,-2.796260118,40.54110427,-5.571848527,3.207509995,51.42419815,11.77509975,49.5,49,51.25,48.58333333,5.5,6.599999905,6.699999809,5.699999809"
"10,30122060,0-20 cm,30122060,1.2,102.2,1098,102.2,1.2,Grassland,0.229839611,14718.16667,56.10300064,-1.709849954,40.42847514,-5.471698136,1.489770055,50.5143013,11.57199955,48.66666667,47.83333333,50.25,47.41666667,5.300000191,6.400000095,6.5,5.5"
"11,30142056,0-20 cm,30142056,0.9,84.9,1114,84.9,0.9,Grassland,0.227625335,14709.44186,54.95190048,-0.386018008,40.39679549,-5.43985703,3.477910042,53.54940033,10.90979958,51.5,50.66666667,53.16666667,50.25,4.900000095,5.949999809,6,5"
"12,30162054,0-20 cm,30162054,4.6,137.9,1269,137.9,4.6,Grassland,0.237469735,14568.82927,54.95190048,-3.32427001,40.38278194,-5.412402567,12.30529976,62.11750031,9.75786972,60,58.83333333,61.83333333,58.33333333,3.900000095,5,5.050000191,4.099999905"
"13,30162072,0-20 cm,30162072,1.8,97.1,1159,97.1,1.8,Grassland,0.239827068,14697.95455,61.7765007,-2.726409912,40.54186268,-5.451715777,2.699569941,53.42300034,10.86190033,51.41666667,50.75,53.25,50.5,4.800000191,5.849999905,5.949999809,4.949999809"
"14,30242074,0-20 cm,30242074,1.3,109.9,1220,109.9,1.3,Woodland,0.218581809,14693.72727,61.7765007,-1.440410018,40.57418218,-5.363460085,1.909369946,52.30550003,10.67870045,50.41666667,49.58333333,52,49.41666667,4.599999905,5.699999809,5.800000191,4.800000191"
"15,30282048,0-20 cm,30282048,2.9,433.3,1336,433.3,2.9,Woodland,0.246205467,14604.80952,58.49750137,5.764150143,40.35158937,-5.26085651,4.258190155,64.50370026,9.248379707,62.16666667,61.08333333,64.33333333,60.75,3.450000048,4.550000191,4.650000095,3.599999905"
"16,30302082,0-20 cm,30302082,0.9,113.5,1138,113.5,0.9,Woodland,0.221629364,14721.56818,61.28250122,-2.067019939,40.65582735,-5.311357413,4.190100193,45.7969017,11.09809971,44.16666667,43.33333333,45.5,43.25,4.800000191,5.900000095,6,5"
"17,30422084,0-20 cm,30422084,2,171.8,1106,171.8,2,Grassland,0.226185788,14790.13636,62.83980179,-2.755650043,40.69525014,-5.176459873,1.665889978,41.20959854,11.29129982,39.75,38.83333333,41.08333333,38.66666667,5,6.050000191,6.150000095,5.150000095"
"18,30522076,0-20 cm,30522076,3.6,158.6,1397,158.6,3.6,Shrubland,0.190540385,14672.69048,70.76129913,-1.104230046,40.6424551,-5.043203029,4.280069828,51.20410156,9.851160049,49.5,48.5,51,48.25,3.849999905,4.949999809,5,4"
"19,30582064,0-20 cm,30582064,2.3,246,1278,246,2.3,Shrubland,0.193396603,14696,46.64659882,-3.376830101,40.54696981,-4.94807274,2.393419981,39.957901,10.77299976,38.5,37.75,39.58333333,37.41666667,4.5,5.599999905,5.699999809,4.699999809"
"20,30602044,0-20 cm,30602044,1.6,98.8,1248,98.8,1.6,Shrubland,0.229292374,14625.66667,50.22689819,-2.660039902,40.37347829,-4.882703063,2.216909885,47.97029877,10.0333004,46.16666667,45.25,47.66666667,44.75,4.099999905,5.199999809,5.25,4.25"
"21,30622042,0-20 cm,30622042,5.5,321.4,1390,321.4,5.5,Woodland,0.223209196,14556.70455,50.22689819,-0.923178971,40.35930264,-4.855391556,7.787960052,57.06689835,9.356169701,55,53.83333333,56.75,53.41666667,3.5,4.599999905,4.699999809,3.700000048"
"22,30622070,0-20 cm,30622070,0.9,99.8,1217,99.8,0.9,Grassland,0.19943704,14708.09091,50.91469955,-1.747099996,40.6071682,-4.914424643,6.617630005,40.64599991,10.6388998,39.25,38.41666667,40.33333333,38.08333333,4.5,5.550000191,5.599999905,4.599999905"
"23,30642062,0-20 cm,30642062,1.7,324.8,1258,324.8,1.7,Grassland,0.21003353,14700.82222,56.1242981,-2.546159983,40.53989958,-4.874320258,3.806119919,53.30970001,9.437350273,51.5,50.33333333,53.08333333,49.91666667,3.5,4.599999905,4.699999809,3.700000048"
"24,30662054,0-20 cm,30662054,2.6,88.8,1312,88.8,2.6,Woodland,0.220453406,14643.60465,62.49530029,-2.286689997,40.47260657,-4.834314461,4.526860237,66.56690216,8.81427002,64.16666667,62.75,66.16666667,62.33333333,3.200000048,4.300000191,4.349999905,3.349999905"
"25,30682044,0-20 cm,30682044,1.4,93.4,975,93.4,1.4,Shrubland,0.210074428,14704,50.22689819,-2.926359892,40.38757776,-4.790226257,3.864520073,31.70949936,12.32409954,30.5,30,31.5,29.66666667,6,7.050000191,7.150000095,6.150000095"
"26,30682052,0-20 cm,30682052,2.2,82,1173,82,2.2,Grassland,0.235634149,14736.64286,62.49530029,-0.469197989,40.45841997,-4.806967944,2.688570023,61.59289932,9.213190079,59.33333333,58.33333333,61.25,57.83333333,3.5,4.650000095,4.699999809,3.700000048"
"27,30221962,0-20 cm,30221962,1.1,68.3,806,68.3,1.1,Shrubland,0.215489519,14746.71739,43.95000076,-3.23548007,39.57969912,-5.147154296,2.72777009,47.58499908,13.28709984,44.75,43.66666667,46.5,43.33333333,7,8.100000381,8.149999619,7.099999905"
"28,30241966,0-20 cm,30241966,1.7,74.2,660,74.2,1.7,Grassland,0.240513007,14914,43.95000076,3.295269966,39.61871085,-5.132691842,0.502563,41.37900162,14.37819958,38.91666667,38,40.33333333,37.83333333,7.900000095,9,9.100000381,8.050000191"
"29,30261962,0-20 cm,30261962,1.2,187.2,686,187.2,1.2,Grassland,0.195991201,14918.26087,43.95000076,-1.41218996,39.58687084,-5.101494358,0.614832997,39.79499817,14.58230019,37.5,36.5,38.91666667,36.25,8.050000191,9.149999619,9.25,8.199999809"
"30,30361876,0-20 cm,30361876,1,69.5,607,69.5,1,Woodland,0.206429479,14853.95455,53.09609985,0.177573994,38.84220507,-4.811938213,1.656960011,44.41590118,15.12010002,40.66666667,39.41666667,42.5,39.08333333,8.399999619,9.550000191,9.649999619,8.550000191"
"31,30441944,0-20 cm,30441944,1.2,80.4,633,80.4,1.2,Woodland,0.175535345,14827.24444,43.01179886,-3.39447999,39.45934184,-4.858951215,3.392780066,37.94670105,14.67010021,35.33333333,34.41666667,36.66666667,34.25,8.149999619,9.300000191,9.350000381,8.300000191"
"32,28282006,0-20 cm,28282006,1.1,103.4,370,103.4,1.1,Woodland,0.252137741,14926.86957,43.07239914,-1.844220042,39.59322669,-7.45592171,2.383419991,64.01010132,16.18059921,60.33333333,59.58333333,62.5,58.83333333,10.39999962,11.5,11.55000019,10.55000019"
"33,28341858,0-20 cm,28341858,2.8,201.5,300,201.5,2.8,Woodland,0.222725652,14960,44.94340134,-2.371870041,38.30258349,-7.041890965,2.582380056,49.10020065,16.19689941,46.75,45.33333333,48,45.33333333,10.80000019,11.89999962,11.89999962,10.85000038"
"34,28361910,0-20 cm,28361910,1,177.3,250,177.3,1,Grassland,0.278223701,14915.13953,62.0481987,-2.752219915,38.76490738,-7.13877147,1.606940031,47.28490067,16.19210052,45,43.83333333,46.16666667,43.5,10.89999962,12,12.05000019,11.05000019"
"35,28381990,0-20 cm,28381990,1.9,117.3,386,117.3,1.9,Woodland,0.272027666,14906.73333,38.8362999,-2.632270098,39.47313329,-7.304031323,3.207509995,59.73239899,16.05349922,56.58333333,55.41666667,58.5,55,10.35000038,11.39999962,11.44999981,10.44999981"
"36,28541964,0-20 cm,28541964,2.1,68.4,394,68.4,2.1,Shrubland,0.236527635,15019.77273,46.59349823,4.029160023,39.27687788,-7.061361194,0.463252991,53.17409897,16.1692009,50.33333333,49,51.83333333,48.83333333,10.30000019,11.35000038,11.44999981,10.44999981"
"37,28621900,0-20 cm,28621900,0.9,242.1,303,242.1,0.9,Cropland,0.157211766,15052.48889,55.32020187,-2.214540005,38.72895988,-6.82374795,1.003409982,47.75979996,16.64450073,45.58333333,44.25,46.83333333,43.91666667,10.39999962,11.55000019,11.60000038,10.55000019"
"38,28721896,0-20 cm,28721896,1,308.6,326,308.6,1,Cropland,0.125562152,15096.44444,59.76290131,-1.281010032,38.71349386,-6.702347735,0.63073498,46.87820053,16.8390007,44.66666667,43.33333333,46.16666667,43.08333333,10.39999962,11.55000019,11.60000038,10.55000019"
"39,28802056,0-20 cm,28802056,2.1,91.5,513,91.5,2.1,Cropland,0.200276863,14880.84444,32.69680023,-2.803090096,40.13897956,-6.982095487,2.84645009,68.23600006,15.11470032,65,64.41666667,67.41666667,63.66666667,9.850000381,10.85000038,10.89999962,9.949999809"
"40,28901850,0-20 cm,28901850,1.2,87.1,573,87.1,1.2,Cropland,0.219207903,14930.93333,59.50899887,-1.10405004,38.34255565,-6.398400661,1.235550046,55.40790176,15.57750034,52.5,50.91666667,54.33333333,50.41666667,9.149999619,10.39999962,10.39999962,9.300000191"
"41,28921962,0-20 cm,28921962,0.8,48.6,435,48.6,0.8,Woodland,0.215967634,14839.53333,45.90420151,-1.682180047,39.33502044,-6.626206372,1.178130031,51.43569946,15.63869953,49,47.66666667,50.58333333,47.5,9.5,10.60000038,10.64999962,9.699999809"
"42,28922052,0-20 cm,28922052,2.1,109.4,490,109.4,2.1,Woodland,0.219889342,14874.76744,34.09619904,-2.700099945,40.12784697,-6.834987103,2.45423007,65.14060211,15.0255003,62,61.58333333,64.41666667,60.83333333,9.649999619,10.75,10.80000019,9.800000191"
"43,28941888,0-20 cm,28941888,0.6,308.7,370,308.7,0.6,Cropland,0.128675112,15040.19565,50.23350143,-1.281970024,38.68597704,-6.437274992,0.437599003,48.98460007,16.70149994,46.5,45.08333333,48,44.83333333,10.10000038,11.25,11.35000038,10.25"
"44,28962042,0-20 cm,28962042,1.2,87.2,330,87.2,1.2,Cropland,0.28048847,14899.88636,45.61100006,-1.546329975,40.0477875,-6.765611529,0.528186023,59.13420105,15.82349968,56.16666667,55.5,58.33333333,54.91666667,10.35000038,11.39999962,11.44999981,10.44999981"
"45,29001862,0-20 cm,29001862,0.7,83.2,566,83.2,0.7,Cropland,0.143015919,14999.02174,51.41880035,-1.192409992,38.46791574,-6.312725995,1.184409976,54.70040131,15.91460037,51.91666667,50.16666667,53.58333333,49.83333333,9.350000381,10.55000019,10.55000019,9.5"
"46,29041888,0-20 cm,29041888,0.8,284,394,284,0.8,Cropland,0.147246218,15053.65909,44.31990051,-1.653810024,38.70534404,-6.324876952,0.894729018,49.69499969,16.64450073,47.25,45.58333333,48.75,45.5,10,11.14999962,11.25,10.14999962"
"47,29062002,0-20 cm,29062002,2.3,371,402,371,2.3,Grassland,0.232690793,14954.95455,50.61849976,-2.728970051,39.71516222,-6.558504854,2.304709911,49.34529877,16.42099953,47.08333333,46,48.75,45.91666667,10.30000019,11.35000038,11.44999981,10.39999962"
"48,29081976,0-20 cm,29081976,0.5,48.1,432,48.1,0.5,Grassland,0.244303648,14977,47.45920181,0.157964006,39.48983509,-6.476387604,0.463252991,47.4239006,16.19790077,45.16666667,44.08333333,46.66666667,44,9.600000381,10.69999981,10.75,9.75"
"49,29101954,0-20 cm,29101954,2.5,247,426,247,2.5,Grassland,0.226104206,14964.34783,42.3429985,-1.849189997,39.29965161,-6.403980721,0.731315017,45.97439957,16.26399994,43.66666667,42.41666667,45.25,42.58333333,9.649999619,10.80000019,10.89999962,9.850000381"
"50,29141956,0-20 cm,29141956,1.8,133.8,454,133.8,1.8,Cropland,0.264217126,14934.36957,42.3429985,-0.586323023,39.32505941,-6.363106919,1.184409976,46.46049881,16.13999939,44.08333333,42.83333333,45.75,43.08333333,9.550000191,10.64999962,10.69999981,9.699999809"
"51,29261832,0-20 cm,29261832,1,163.8,655,163.8,1,Bareland,0.162770376,14938.44444,54.64339828,-1.149829984,38.25218456,-5.957074641,0.610791981,57.20000076,15.31210041,53.58333333,51.75,55.41666667,51.16666667,8.800000191,10,10.05000019,8.949999809"
"52,29281840,0-20 cm,29281840,0.9,93.8,636,93.8,0.9,Cropland,0.191323404,14921.95652,54.64339828,-2.375329971,38.32674739,-5.951734048,1.189280033,57.19300079,15.38700008,53.5,51.83333333,55.41666667,51.25,8.800000191,10,10.05000019,8.949999809"
"53,29281846,0-20 cm,29281846,1,448.7,625,448.7,1,Cropland,0.17144923,15007.15217,51.23089981,-1.050600052,38.37983676,-5.96452855,0.454257011,56.51440048,15.56949997,53,51.41666667,54.91666667,50.75,8.949999809,10.10000038,10.19999981,9.100000381"
"54,29481906,0-20 cm,29481906,1.1,434.2,339,434.2,1.1,Cropland,0.180716743,14963.93478,50.58580017,-2.195760012,38.94820866,-5.868316954,1.06329,48.5082016,16.42259979,45.75,44.33333333,47.41666667,44.16666667,9.949999809,11.10000038,11.14999962,10.10000038"
"55,29481960,0-20 cm,29481960,1,165.2,514,165.2,1,Woodland,0.255611978,14940.86667,50.87210083,-2.033900023,39.42550558,-5.985859452,0.848335028,47.37950134,15.8203001,44.91666667,44,46.83333333,43.91666667,9.199999809,10.30000019,10.39999962,9.350000381"
"56,29482076,0-20 cm,29482076,3.2,87.2,1084,87.2,3.2,Woodland,0.236176212,14587.15385,48.06330109,-4.051020145,40.44916511,-6.246603616,15.49160004,79.68569946,12.50360012,77,76.5,79.83333333,75.66666667,7.300000191,8.399999619,8.449999809,7.449999809"
"57,29541898,0-20 cm,29541898,1.2,298.4,413,298.4,1.2,Cropland,0.197030343,15016.71111,48.78519821,-2.586050034,38.88868459,-5.783407686,1.634920001,50.68840027,16.28660011,47.58333333,46.08333333,49.5,45.83333333,9.600000381,10.80000019,10.85000038,9.800000191"
"58,29621940,0-20 cm,29621940,1.5,204,426,204,1.5,Woodland,0.250242939,14997.26667,41.26350021,-2.394360065,39.27508301,-5.783220497,1.129510045,47.24720001,16.1446991,44.66666667,43.41666667,46.5,43.5,9.649999619,10.80000019,10.85000038,9.800000191"
"59,29641894,0-20 cm,29641894,0.8,105.9,401,105.9,0.8,Cropland,0.208985751,14949.5,50.60160065,4.001299858,38.87189415,-5.66203901,1.38654995,50.43080139,16.2446003,47.08333333,45.58333333,49,45.33333333,9.550000191,10.69999981,10.80000019,9.699999809"
"60,29701918,0-20 cm,29701918,1.3,300.9,349,300.9,1.3,Bareland,0.229390313,14892.42222,50.98289871,-2.194519997,39.09538267,-5.645289484,1.149780035,46.11410141,16.1807003,43.41666667,42.25,45.08333333,42,9.899999619,11.10000038,11.14999962,10.10000038"
"61,29762010,0-20 cm,29762010,0.7,53.5,312,53.5,0.7,Woodland,0.214101083,14906.17391,64.7492981,-1.589640021,39.91992976,-5.776234893,0.833616018,40.06679916,16.00849915,38.08333333,37.5,39.66666667,37.25,9.649999619,10.75,10.85000038,9.850000381"
"62,29781936,0-20 cm,29781936,2.5,119.5,464,119.5,2.5,Grassland,0.230096372,14959.04348,53.23609924,-2.487940073,39.2694316,-5.593018734,1.881539941,45.57770157,15.99720001,42.83333333,41.75,44.58333333,41.58333333,9.600000381,10.75,10.80000019,9.800000191"
"63,29902028,0-20 cm,29902028,1.6,100.6,556,100.6,1.6,Artificial land,0.27534167,14790.88636,51.93590164,-2.314199924,40.10506259,-5.655113766,3.458960056,43.71709824,14.40779972,41.83333333,41.08333333,43.25,40.66666667,8.5,9.600000381,9.699999809,8.649999619"
"64,29941942,0-20 cm,29941942,1.4,128.2,493,128.2,1.4,Cropland,0.228419817,14955.86364,59.8716011,3.136509895,39.35191646,-5.424010486,1.563240051,45.13869858,15.33530045,42.25,41.08333333,44,40.91666667,9,10.10000038,10.19999981,9.149999619"
"65,30001912,0-20 cm,30001912,1.8,102.8,389,102.8,1.8,Woodland,0.171440142,14933.22727,51.96760178,-2.520329952,39.0972088,-5.29286564,3.341289997,43.70330048,16.0230999,40.75,39.5,42.33333333,39.33333333,9.550000191,10.69999981,10.75,9.699999809"
"66,30101894,0-20 cm,30101894,1.4,95.3,470,95.3,1.4,Grassland,0.202773523,15010.63043,56.90060043,-1.78471005,38.95574054,-5.142389293,3.534359932,44.95690155,15.80230045,41.41666667,40.33333333,43.25,39.91666667,9.350000381,10.44999981,10.55000019,9.449999809"
"67,28201786,0-20 cm,28201786,1.5,61.4,189,61.4,1.5,Grassland,0.192339091,15025.86957,47.58890152,0.454374999,37.63925247,-7.035233879,1.96468997,45.15769958,17.6439991,41.91666667,40.08333333,43.16666667,39.66666667,12,13.05000019,13.10000038,12.05000019"
"68,28201818,0-20 cm,28201818,1,68.1,317,68.1,1,Woodland,0.264209318,14816.44444,48.22969818,-3.285099983,37.92160592,-7.107086195,5.239470005,49.18349838,16.29920006,46.16666667,44.83333333,47.75,44.33333333,10.89999962,11.94999981,12,10.94999981"
"69,28301756,0-20 cm,28301756,0.7,206.5,99,206.5,0.7,Cropland,0.233585474,15014.51111,44.32780075,5.72465992,37.39430662,-6.858424314,0.956247985,43.23070145,18.12859917,39.75,37.75,40.75,37.08333333,12.55000019,13.55000019,13.60000038,12.60000038"
"70,28541796,0-20 cm,28541796,0.8,59.7,457,59.7,0.8,Woodland,0.226503362,14886.6087,50.18289948,0.560883999,37.79515704,-6.680874124,2.640379906,51.94110107,16.2031002,48.41666667,46.58333333,49.83333333,46.08333333,10.44999981,11.60000038,11.64999962,10.60000038"
"71,28641812,0-20 cm,28641812,1.5,80.4,518,80.4,1.5,Woodland,0.22707721,14813.41304,62.36589813,-3.591619968,37.95615197,-6.604965189,10.35509968,56.27410126,15.24339962,52.91666667,50.91666667,54.58333333,50.33333333,9.350000381,10.5,10.55000019,9.5"
"72,28721676,0-20 cm,28721676,1.6,561.6,75,561.6,1.6,Cropland,0.1924461,15008.1087,60.35400009,-2.026170015,36.76826601,-6.226268618,0.691884995,48.43009949,18.10659981,43.16666667,40.41666667,44.5,39.75,12.75,13.64999962,13.69999981,12.80000019"
"73,28721752,0-20 cm,28721752,0.9,542.4,137,542.4,0.9,Cropland,0.183611469,15012.95652,48.91320038,-1.391039968,37.44122982,-6.386409578,0.37459299,46.04439926,18.00559998,42.16666667,40.08333333,43.33333333,39.5,12,13.10000038,13.14999962,12.10000038"
"74,28741738,0-20 cm,28741738,0.9,154.2,153,154.2,0.9,Cropland,0.227940544,15003.95652,78.07569885,-1.711069942,37.32119349,-6.334529917,0.975892007,46.11360168,18.01059914,41.91666667,39.75,43.16666667,39.33333333,12.05000019,13.14999962,13.14999962,12.14999962"
"75,28741750,0-20 cm,28741750,1.1,401.9,115,401.9,1.1,Cropland,0.182701885,15048.63043,48.91320038,-1.339050055,37.42739331,-6.360060897,0.473821998,45.38779831,18.17259979,41.58333333,39.5,42.75,39.08333333,12.14999962,13.19999981,13.25,12.25"
"76,28821646,0-20 cm,28821646,1.3,186.2,136,186.2,1.3,Cropland,0.222322697,14949.8,61.67440033,-2.434220076,36.52129088,-6.055204922,1.357689977,53.5644989,17.92830086,47.16666667,44,48.5,43.08333333,12.89999962,13.80000019,13.85000038,12.94999981"
"77,28901658,0-20 cm,28901658,0.5,214.5,66,214.5,0.5,Cropland,0.286065776,14958.13043,67.06439972,3.926599979,36.64281418,-5.992368545,0.813576996,52.24499893,17.90360069,46.41666667,43.16666667,47.66666667,42.33333333,12.85000038,13.80000019,13.85000038,12.89999962"
"78,28921674,0-20 cm,28921674,1.3,237.2,128,237.2,1.3,Grassland,0.213272503,15055.77778,86.77839661,-2.223959923,36.78847971,-6.003230649,1.453340054,51.45650101,17.92300034,46,43,47.25,42.16666667,12.75,13.75,13.75,12.85000038"
"79,28941672,0-20 cm,28941672,1.2,491.4,118,491.4,1.2,Cropland,0.222240083,15024.17778,86.77839661,-2.106080055,36.77450891,-5.977236243,0.817624986,52.54219818,17.89299965,46.83333333,43.83333333,48.16666667,43,12.69999981,13.69999981,13.75,12.80000019"
"80,28941730,0-20 cm,28941730,1.1,226.8,70,226.8,1.1,Cropland,0.219544302,15010.97826,62.3132019,1.733500004,37.28858078,-6.097209413,0.719942987,46.82649994,18.27429962,42.5,40,43.5,39.5,12.30000019,13.30000019,13.39999962,12.39999962"
"81,28961740,0-20 cm,28961740,1,167.9,141,167.9,1,Cropland,0.241912748,15019.22727,100.2030029,-1.683519959,37.38095128,-6.096078098,2.398910046,48.42430115,18.03230095,44,41.83333333,45.25,41.16666667,11.80000019,12.85000038,12.89999962,11.94999981"
"82,29041604,0-20 cm,29041604,1,271,56,271,1,Bareland,0.236084173,14944.77778,74.38300323,0.90436703,36.18960337,-5.73112493,0.172381997,76.51609802,18.16909981,66.25,61.41666667,68.33333333,60.08333333,13.55000019,14.44999981,14.5,13.64999962"
"83,29081716,0-20 cm,29081716,1.1,503.9,72,503.9,1.1,Cropland,0.245856951,14974.93478,61.1094017,1.214519978,37.19093008,-5.913899227,0.090853304,49.21849823,18.19350052,44.16666667,41.58333333,45.41666667,41,12.39999962,13.5,13.5,12.5"
"84,29161684,0-20 cm,29161684,1.3,458.4,173,458.4,1.3,Grassland,0.158330071,15019.57778,72.82489777,-1.031460047,36.92206541,-5.760540073,0.978425026,54.19839859,17.64100075,48.08333333,45,49.41666667,44.08333333,12.25,13.25,13.30000019,12.35000038"
"85,29201666,0-20 cm,29201666,0.7,215.8,178,215.8,0.7,Cropland,0.229807008,14973.4,93.0766983,4.252570152,36.76972938,-5.68036453,0.709550977,56.02870178,17.42110062,49.5,46.08333333,50.91666667,45.25,12.35000038,13.35000038,13.35000038,12.44999981"
"86,29261730,0-20 cm,29261730,0.9,362.8,99,362.8,0.9,Cropland,0.194154322,15044.19565,60.48199844,-1.496399999,37.34863645,-5.744200879,0.666365027,49.7826004,18.15320015,44.75,42.33333333,46.08333333,41.66666667,12.14999962,13.19999981,13.25,12.25"
"87,29301726,0-20 cm,29301726,1.1,528.8,103,528.8,1.1,Cropland,0.209966988,15089.46667,60.48199844,-0.934436977,37.32057666,-5.691872663,0.661392987,50.1427002,18.11949921,45,42.25,46.33333333,41.58333333,12.19999981,13.19999981,13.30000019,12.25"
"88,29321686,0-20 cm,29321686,0.7,81.9,208,81.9,0.7,Cropland,0.1996678,15001.97778,70.60639954,-2.008529902,36.96935643,-5.588903542,0.327573001,55.05939865,17.56520081,48.75,45.5,50.16666667,44.83333333,12.35000038,13.35000038,13.39999962,12.35000038"
"89,29321746,0-20 cm,29321746,0.5,81.2,144,81.2,0.5,Cropland,0.200220276,15006.69565,58.81340027,1.152760029,37.50162898,-5.710692288,0.236915007,48.71820068,18.15360069,44.08333333,42,45.58333333,41.25,11.85000038,12.89999962,12.94999981,11.89999962"
"90,29381630,0-20 cm,29381630,2.5,573.1,145,573.1,2.5,Grassland,0.320796577,14854.82609,64.92769623,-3.602979898,36.48291006,-5.412130126,4.51237011,60.95780182,17.50160027,53.25,49.66666667,54.91666667,48.5,13.05000019,14.05000019,14.10000038,13.14999962"
"91,29381756,0-20 cm,29381756,1.3,211.4,73,211.4,1.3,Cropland,0.215013177,14904.80435,45.58919907,13.31739998,37.60139159,-5.664777941,0.29579401,46.79980087,18.03499985,42.58333333,40.5,43.83333333,39.66666667,11.94999981,13.05000019,13.10000038,12"
"92,29401708,0-20 cm,29401708,1,466,150,466,1,Cropland,0.190629948,15066.55556,83.37039948,-0.223436996,37.17929393,-5.545124698,0.921086013,53.18310165,17.70389938,47.25,44.33333333,48.41666667,43.5,12.10000038,13.19999981,13.19999981,12.19999981"
"93,29401744,0-20 cm,29401744,1.1,150.7,196,150.7,1.1,Bareland,0.198415592,15016.1087,73.084198,-2.551209927,37.4986743,-5.618082098,1.117759943,49.43899918,18.05590057,44.58333333,42.25,46,41.58333333,11.94999981,13,13.05000019,12.05000019"
"94,29621748,0-20 cm,29621748,1.5,402.8,197,402.8,1.5,Cropland,0.228908724,14960.6087,68.48000336,-1.335610032,37.57438479,-5.382567622,0.609440029,49.41320038,17.66790009,44.5,42.16666667,46,41.66666667,11.44999981,12.55000019,12.60000038,11.5"
"95,29661680,0-20 cm,29661680,1.8,592.2,627,592.2,1.8,Cropland,0.226101783,14891.67442,69.10320282,-2.105340004,36.97774003,-5.203374035,1.600250006,63.25030136,15.28199959,55.75,52.33333333,57.58333333,51.08333333,9.5,10.60000038,10.64999962,9.600000381"
"96,29781738,0-20 cm,29781738,1.1,350.8,232,350.8,1.1,Grassland,0.205431015,15019.28261,58.57180023,0.474839002,37.51446482,-5.185309934,0.402218014,49.27759933,17.47909927,44.16666667,42.08333333,45.83333333,41.25,11.14999962,12.25,12.30000019,11.25"
"97,29801730,0-20 cm,29801730,0.5,218.1,317,218.1,0.5,Cropland,0.221716267,15033.65116,63.8382988,-3.656510115,37.44699575,-5.147323961,5.607460022,50.24409866,17.37290001,45,42.5,46.5,41.83333333,11.25,12.35000038,12.39999962,11.35000038"
"98,29881742,0-20 cm,29881742,2.1,411.2,142,411.2,2.1,Cropland,0.220078,15032.63043,58.57180023,11.52779961,37.56784366,-5.082410867,0.701362014,48.14680099,17.78730011,43.16666667,41.08333333,44.75,40.33333333,11.44999981,12.60000038,12.64999962,11.55000019"
"99,29881822,0-20 cm,29881822,1.2,89.2,591,89.2,1.2,Cropland,0.174704096,14844.11111,51.42750168,-3.059010029,38.27786928,-5.242687092,3.505189896,52.51860046,15.60980034,48.5,46.5,50.25,45.91666667,9,10.14999962,10.19999981,9.149999619"
"100,29901692,0-20 cm,29901692,1,195.1,493,195.1,1,Cropland,0.198885071,14931.43182,60.4673996,-1.721940041,37.1270662,-4.96256813,1.242869973,53.88560104,16.57349968,47.75,45.08333333,49.33333333,43.91666667,10.64999962,11.75,11.80000019,10.75"
"101,29921750,0-20 cm,29921750,1,404.4,229,404.4,1,Cropland,0.207099931,15009.84783,63.64450073,-0.209534004,37.64601061,-5.053832046,0.43948099,48.7016983,17.49670029,43.75,41.66666667,45.41666667,40.91666667,11.10000038,12.25,12.30000019,11.19999981"
"102,30001738,0-20 cm,30001738,1.3,344.4,226,344.4,1.3,Cropland,0.215634159,15020.32609,57.84379959,-2.475389957,37.55356347,-4.941508237,1.184409976,48.82429886,17.63419914,43.75,41.5,45.33333333,40.83333333,11.25,12.35000038,12.44999981,11.35000038"
"103,30061684,0-20 cm,30061684,1.2,255,467,255,1.2,Cropland,0.123799917,14778.32609,54.90710068,4.226990223,37.08395619,-4.770881688,1.109609962,54.58539963,16.53770065,48.33333333,45.5,50,44.58333333,10.60000038,11.64999962,11.69999981,10.64999962"
"104,30081718,0-20 cm,30081718,1,383,277,383,1,Cropland,0.208309929,14984.11111,67.82949829,-0.623165011,37.38983413,-4.814054209,2.074850082,49.57210159,17.41670036,44.33333333,41.91666667,45.83333333,41.16666667,11.05000019,12.14999962,12.19999981,11.14999962"
"105,30101810,0-20 cm,30101810,1.2,76.6,656,76.6,1.2,Cropland,0.222852326,14848.34091,53.13899994,-3.791790009,38.21067331,-4.97226697,1.586279988,53.34719849,14.96479988,48.83333333,47,50.75,46.33333333,8.350000381,9.5,9.600000381,8.5"
"106,30121722,0-20 cm,30121722,1.1,468.9,293,468.9,1.1,Cropland,0.195509909,14973.84444,85.36029816,0.346264988,37.43238126,-4.777497205,1.123649955,50.24760056,17.31900024,44.91666667,42.5,46.41666667,41.75,10.89999962,12,12.05000019,10.94999981"
"107,26761786,0-20 cm,26761786,2.4,121,430,121,2.4,Cropland,0.275519914,14701.86364,49.7820015,-3.607069969,37.33676436,-8.621613437,4.080679893,53.76390076,15.49880028,50.16666667,47.83333333,51.16666667,47.08333333,11.80000019,12.60000038,12.60000038,11.80000019"
"108,27501780,0-20 cm,27501780,0.9,67.2,295,67.2,0.9,Shrubland,0.173893253,14992.33333,31.25,-3.278340101,37.44268222,-7.793951199,3.549659967,49.79840088,16.86949921,46.16666667,44.08333333,47.58333333,43.58333333,11.64999962,12.55000019,12.60000038,11.64999962"
"109,27541756,0-20 cm,27541756,2.2,241.3,319,241.3,2.2,Shrubland,0.216296597,14919.82609,36.66379929,-2.351039886,37.23962435,-7.694621989,3.057650089,50.77959824,16.71260071,46.66666667,43.83333333,47.75,43.5,11.85000038,12.75,12.75,11.89999962"
"110,27002038,0-20 cm,27002038,1.3,186,71,186,1.3,Cropland,0.291237074,14773.97674,20.11949921,3.141200066,39.59761767,-8.988560552,0.37459299,60.94079971,15.80080032,58.75,58.25,60.25,57.08333333,12.30000019,13.25,13.25,12.30000019"
"111,27282018,0-20 cm,27282018,1.2,105.7,163,105.7,1.2,Shrubland,0.21618167,14901.56818,68.27069855,-2.140330076,39.4849831,-8.619761035,1.108870029,64.60050201,16.34029961,62.58333333,61.91666667,64,60.83333333,12,12.94999981,13,12"
"112,27482128,0-20 cm,27482128,0.8,15.9,77,15.9,0.8,Grassland,0.245977449,14799.11905,18.63870049,2.418489933,40.49121854,-8.677925269,0.463252991,78.90470123,15.04259968,77.25,76.75,79.25,76,11.14999962,12.10000038,12.19999981,11.19999981"
"113,27561988,0-20 cm,27561988,1,76.5,225,76.5,1,Woodland,0.286433818,14801.15909,36.61209869,-2.143769979,39.28318073,-8.22738568,2.927380085,63.45500183,16.29100037,61.16666667,60.58333333,62.75,59.75,11.64999962,12.60000038,12.69999981,11.64999962"
"114,27562118,0-20 cm,27562118,1,49.1,113,49.1,1,Cropland,0.263024981,14725.69048,54.9054985,-0.691684008,40.42146744,-8.559769342,0.651333988,82.77179718,15.23700047,81.16666667,80.5,83.25,79.91666667,11.19999981,12.14999962,12.14999962,11.19999981"
"115,27602032,0-20 cm,27602032,1.8,100.5,333,100.5,1.8,Woodland,0.317328492,14700.22222,51.35480118,-1.266190052,39.67747911,-8.292652508,2.020109892,77.88420105,15.29810047,75.33333333,74.41666667,77.08333333,73.58333333,10.60000038,11.60000038,11.64999962,10.69999981"
"116,27682000,0-20 cm,27682000,1.3,66.4,232,66.4,1.3,Woodland,0.244384182,14824.04545,47.14070129,-1.539489985,39.4142123,-8.121636384,0.287301004,64.06620026,16.3022995,61.66666667,60.91666667,63.33333333,59.91666667,11.44999981,12.44999981,12.5,11.55000019"
"117,27722128,0-20 cm,27722128,4.1,103.9,132,103.9,4.1,Woodland,0.26124996,14726.97561,42.95600128,-2.998749971,40.543991,-8.402070608,3.124160051,92.16100311,15.20880032,90.83333333,90.41666667,93.16666667,89.83333333,11.19999981,12.14999962,12.19999981,11.25"
"118,27922124,0-20 cm,27922124,2.6,55.4,545,55.4,2.6,Woodland,0.261587419,14679.78947,44.3083992,-4.44520998,40.55236,-8.161586273,7.538080215,121.3050003,14.06830025,119.5833333,119.3333333,123,118.4166667,9.75,10.69999981,10.75,9.800000191"
"119,28102114,0-20 cm,28102114,0.8,105.5,426,105.5,0.8,Woodland,0.241762628,14755.27273,38.68180084,-2.660039902,40.50330277,-7.928871831,2.101289988,126.1959991,14.65629959,123.8333333,123.8333333,127.8333333,122.75,10.25,11.19999981,11.30000019,10.30000019"
"120,28242042,0-20 cm,28242042,1,38.4,336,38.4,1,Grassland,0.176116978,14901.95349,43.34569931,-2.419840097,39.90118363,-7.588942545,1.511199951,76.11170197,15.98309994,72.25,71.33333333,74.75,70.33333333,10.55000019,11.55000019,11.60000038,10.64999962"
"121,28262056,0-20 cm,28262056,2.8,41.1,477,41.1,2.8,Woodland,0.298581086,14744.02326,34.27090073,-3.484280109,40.0282755,-7.600453995,2.260329962,87.19460297,15.18889999,83.25,82.58333333,86.16666667,81.5,10,11,11.05000019,10.05000019"
"122,28262080,0-20 cm,28262080,6.9,57.1,727,57.1,6.9,Shrubland,0.237468003,14678.69767,38.76739883,-2.206370115,40.23892377,-7.659742483,10.97799969,107.625,13.92580032,104.25,103.5833333,107.5833333,102.4166667,8.949999809,10,10.05000019,9.050000191"
"123,28282118,0-20 cm,28282118,0.6,119.9,552,119.9,0.6,Cropland,0.21563531,14790.29545,39.32979965,-3.740720034,40.57644828,-7.731676108,4.084690094,138.2389984,14.17490005,135.4166667,135.3333333,140,134.0833333,9.649999619,10.64999962,10.69999981,9.699999809"
"124,28362076,0-20 cm,28362076,3,71.5,630,71.5,3,Woodland,0.246533744,14736.66667,30.55820084,-3.917020082,40.22468379,-7.53516306,4.53895998,98.3927002,14.38119984,94.75,94.33333333,98.16666667,93.25,9.449999809,10.44999981,10.5,9.5"
"125,28382062,0-20 cm,28382062,0.6,30.3,932,30.3,0.6,Woodland,0.196156238,14765.77273,48.86199951,-4.485109806,40.10590839,-7.47786928,9.473739624,97.59600067,13.52649975,93.83333333,93,96.91666667,92.16666667,8.25,9.300000191,9.350000381,8.350000381"
"126,28682118,0-20 cm,28682118,1.5,123.4,683,123.4,1.5,Woodland,0.205015278,14736.19048,40.54970169,-2.681979895,40.65954216,-7.270119832,8.738750458,95.29930115,13.26589966,92.5,92.33333333,95.75,91.33333333,8.449999809,9.5,9.550000191,8.550000191"
"127,28742034,0-20 cm,28742034,1.1,260.8,369,260.8,1.1,Woodland,0.240782908,14874.70455,48.65100098,-1.577569962,39.93334093,-6.998544636,0.912986994,61.35570145,15.89789963,58.08333333,57.33333333,60.25,56.66666667,10.19999981,11.30000019,11.35000038,10.35000038"
"128,28762036,0-20 cm,28762036,1.4,64.7,379,64.7,1.4,Grassland,0.209981733,14874.30233,40.79729843,0.152843997,39.95496662,-6.980413823,0.975892007,61.35570145,15.89789963,58.08333333,57.33333333,60.25,56.66666667,10.19999981,11.30000019,11.35000038,10.35000038"
"129,28882080,0-20 cm,28882080,4.9,191.5,910,191.5,4.9,Grassland,0.235821208,14694.92857,37.91659927,-0.121009,40.3661851,-6.947443508,0.591573,79.80760193,11.97039986,76.91666667,76,79.5,75.5,6.900000095,7.949999809,8,7"
"130,29022110,0-20 cm,29022110,0.9,41,837,41,0.9,Cropland,0.202108609,14839.61905,38.99539948,0.348037004,40.65812421,-6.857765868,0.218803003,68.2614975,12.52229977,65.83333333,65.41666667,68.16666667,64.91666667,7.300000191,8.350000381,8.449999809,7.449999809"
"131,26521970,0-20 cm,26521970,1.8,461.7,181,461.7,1.8,Grassland,0.276208086,14746.86364,72.43080139,-3.345969915,38.89468135,-9.350968161,8.098670006,60.37490082,15.9684,58.5,57.5,59.91666667,56.5,12.60000038,13.5,13.5,12.60000038"
"132,26841944,0-20 cm,26841944,0.6,36.7,57,36.7,0.6,Cropland,0.199618781,14874.31111,80.15570068,0.703696012,38.73964766,-8.925556639,0.632041991,60.57600021,16.96769905,59.08333333,58.33333333,60.41666667,57.58333333,12.80000019,13.69999981,13.75,12.80000019"
"133,26881938,0-20 cm,26881938,0.85,99.75,66,99.75,0.85,Woodland,0.269186674,14824.15217,54.12860107,4.606790066,38.69604951,-8.865543872,0.424190998,59.86040115,16.90460014,58.25,57.75,59.66666667,57,12.60000038,13.55000019,13.60000038,12.64999962"
"134,27101940,0-20 cm,27101940,0.7,75.9,89,75.9,0.7,Grassland,0.249146286,14878.47727,24.91830063,-0.447712988,38.76226676,-8.624439327,0.788857996,59.52220154,16.71229935,58,57.5,59.5,56.91666667,12.25,13.19999981,13.25,12.25"
"135,26761804,0-20 cm,26761804,1.5,57.6,244,57.6,1.5,Woodland,0.248149542,14854.61364,30.92370033,-3.066859961,37.49479743,-8.66529655,2.904819965,50.19419861,16.08399963,47.08333333,45.25,48.16666667,44.58333333,12.39999962,13.25,13.25,12.39999962"
"136,26841826,0-20 cm,26841826,1.7,49.3,185,49.3,1.7,Cropland,0.248531928,14861.54545,52.04719925,-2.409080029,37.70546324,-8.630849544,2.185470104,50.68190002,16.11520004,48.25,46.83333333,49.25,46.33333333,12.39999962,13.25,13.30000019,12.39999962"
"137,26941810,0-20 cm,26941810,2.4,135.3,175,135.3,2.4,Woodland,0.22879298,14878.66667,38.01890182,-2.765820026,37.58685722,-8.481727657,2.765520096,50.45399857,16.27440071,47.83333333,46.25,48.66666667,45.58333333,12.19999981,13.05000019,13.10000038,12.19999981"
"138,26961834,0-20 cm,26961834,1.1,96.8,145,96.8,1.1,Woodland,0.23353005,14937.61905,31.32929993,0.077349998,37.80194714,-8.517892982,1.94994998,49.9455986,16.50900078,47.91666667,46.75,48.91666667,46.41666667,12.30000019,13.19999981,13.19999981,12.30000019"
"139,27001846,0-20 cm,27001846,0.3,27.7,129,27.7,0.3,Woodland,0.245097556,14918.13953,40.88059998,2.004499912,37.91600888,-8.502923022,0.854151011,50.76610184,16.45219994,48.91666667,48,50.08333333,47.66666667,12.19999981,13.10000038,13.14999962,12.25"
"140,27041876,0-20 cm,27041876,0.7,30.4,129,30.4,0.7,Grassland,0.239324039,14932.71111,18.52169991,1.041180015,38.18799401,-8.532129552,0.528186023,53.27999878,16.63549995,52,51.75,53.33333333,51.33333333,12.30000019,13.19999981,13.25,12.30000019"
"141,27061888,0-20 cm,27061888,0.7,73.6,133,73.6,0.7,Woodland,0.240753067,14857.41304,23.10969925,-1.478590012,38.29762997,-8.539497845,1.163329959,54.03129959,16.6984005,52.75,52.41666667,54.08333333,52.08333333,12.35000038,13.25,13.30000019,12.35000038"
"142,27081954,0-20 cm,27081954,0.7,67.7,113,67.7,0.7,Cropland,0.269310994,14916.93023,31.5916996,-1.068570018,38.88050631,-8.682148589,0.845412016,60.2745018,16.74640083,58.66666667,57.83333333,60.08333333,57.41666667,12.35000038,13.25,13.35000038,12.35000038"
"143,27101814,0-20 cm,27101814,1.8,81.8,244,81.8,1.8,Woodland,0.218840036,14911.55556,49.02959824,-2.595570087,37.65667873,-8.314985341,1.689479947,50.81560135,16.39629936,48.25,46.58333333,49.41666667,46.16666667,11.85000038,12.75,12.80000019,11.85000038"
"144,27101892,0-20 cm,27101892,0.3,19.3,104,19.3,0.3,Woodland,0.221428932,14896.95556,23.10969925,-0.734263003,38.34145735,-8.504861164,0.857044995,53.61330032,16.81480026,52.33333333,52,53.75,51.66666667,12.5,13.44999981,13.5,12.55000019"
"145,27122016,0-20 cm,27122016,1.5,121.3,158,121.3,1.5,Cropland,0.287781632,14792.8,71.12750244,-0.911063015,39.43207414,-8.795564111,2.118860006,66.36319733,15.55519962,64.16666667,63.41666667,65.66666667,62.5,11.5,12.44999981,12.5,11.55000019"
"146,27141834,0-20 cm,27141834,1.2,126.5,179,126.5,1.2,Cropland,0.253797019,14941.53488,45.8628006,-1.397179961,37.84102488,-8.318924201,0.676200986,49.60010147,16.72750092,47.66666667,46.66666667,48.75,46.41666667,12.19999981,13.14999962,13.14999962,12.19999981"
"147,27181846,0-20 cm,27181846,0.5,94.9,117,94.9,0.5,Cropland,0.280976576,14904,48.09170151,1.254230022,37.95506483,-8.303628792,0.243783996,49.30609894,16.81940079,47.58333333,46.83333333,48.75,46.41666667,12.30000019,13.25,13.25,12.30000019"
"148,27241888,0-20 cm,27241888,1.2,170.6,142,170.6,1.2,Woodland,0.26177017,14878.81395,37.84130096,-1.627580047,38.33679543,-8.339140772,0.891957998,53.4239006,16.68950081,52.16666667,51.66666667,53.5,51.5,12.25,13.19999981,13.19999981,12.25"
"149,27241934,0-20 cm,27241934,0.9,81.7,133,81.7,0.9,Woodland,0.24867444,14831.42222,23.58119965,-2.97961998,38.74033073,-8.452663148,4.396009922,58.01480103,16.59980011,56.75,56.25,57.91666667,55.83333333,12.05000019,13.05000019,13.05000019,12.10000038"
"150,27281940,0-20 cm,27281940,0.5,35.3,174,35.3,0.5,Woodland,0.24535102,14845.86957,23.75289917,-1.975119948,38.80165119,-8.422782643,0.473821998,59.11579895,16.55730057,57.66666667,57.08333333,59,56.75,12,12.94999981,13,12.05000019"
"151,27281982,0-20 cm,27281982,0.4,37.9,127,37.9,0.4,Woodland,0.265282122,14873.56818,22.35239983,-2.775209904,39.1697455,-8.528138021,2.43637991,61.85160065,16.57559967,60,59.25,61.41666667,58.41666667,12.05000019,13.05000019,13.05000019,12.10000038"
"152,27321784,0-20 cm,27321784,1.4,30.2,404,30.2,1.4,Grassland,0.183993555,14999.6,38.45890045,-0.182698995,37.43994321,-8.001415407,1.446519971,52.71519852,16.2241993,48.91666667,46.83333333,50.33333333,46.33333333,11.19999981,12.10000038,12.10000038,11.19999981"
"153,27381916,0-20 cm,27381916,1.2,128.2,333,128.2,1.2,Woodland,0.264028496,14827.86364,53.07870102,-1.797189951,38.61277672,-8.251515379,1.310080051,59.51639938,15.96220016,58.08333333,57.33333333,59.5,56.83333333,11.30000019,12.30000019,12.35000038,11.35000038"
"154,27421902,0-20 cm,27421902,0.6,45,248,45,0.6,Grassland,0.292821537,14920.22727,57.89410019,-1.068570018,38.49848408,-8.172593972,0.609440029,55.19049835,16.41500092,53.66666667,53.16666667,55.08333333,52.83333333,11.64999962,12.60000038,12.64999962,11.69999981"
"155,27422010,0-20 cm,27422010,1.3,217,74,217,1.3,Cropland,0.241822779,14805.97727,63.81750107,1.550989985,39.44562452,-8.440962163,0.408327997,61.45470047,16.7031002,59.41666667,58.83333333,60.91666667,58.16666667,12.30000019,13.25,13.30000019,12.35000038"
"156,27461868,0-20 cm,27461868,1.3,120.5,182,120.5,1.3,Grassland,0.254718005,14951.63636,55.16479874,-1.273259997,38.20837457,-8.045813739,0.634648025,50.11470032,16.80509949,48.5,47.91666667,49.91666667,47.83333333,12.05000019,13,13.10000038,12.05000019"
"157,27461892,0-20 cm,27461892,1.1,52.6,237,52.6,1.1,Woodland,0.276825754,14889.97778,55.5237999,-1.672709942,38.41923153,-8.103666991,0.833616018,53.18080139,16.43190002,51.75,51.16666667,53.08333333,50.83333333,11.55000019,12.55000019,12.60000038,11.60000038"
"158,27462000,0-20 cm,27462000,2.2,92.1,218,92.1,2.2,Woodland,0.263875003,14805.84091,38.82320023,-2.750799894,39.36672302,-8.370452592,2.511270046,64.43080139,16.2378006,62.25,61.66666667,64,60.66666667,11.64999962,12.64999962,12.69999981,11.75"
"159,27481828,0-20 cm,27481828,2.1,60.7,188,60.7,2.1,Woodland,0.221084815,14991.53488,49.55950165,6.49116993,37.86093134,-7.92837558,0.755734026,47.77399826,16.88999939,45.58333333,44.33333333,46.66666667,44.08333333,11.85000038,12.85000038,12.85000038,11.89999962"
"160,27481840,0-20 cm,27481840,1,95.6,231,95.6,1,Cropland,0.238029518,14936.93023,63.02349854,0.00146365,37.96647333,-7.956786288,0.229842007,48.79090118,16.65859985,46.91666667,45.83333333,48.08333333,45.58333333,11.69999981,12.69999981,12.69999981,11.69999981"
"161,27481894,0-20 cm,27481894,1.3,78.2,225,78.2,1.3,Woodland,0.275363878,14894.73333,55.72180176,-1.92493999,38.44107094,-8.086193948,2.034339905,53.18080139,16.43190002,51.75,51.16666667,53.08333333,50.83333333,11.55000019,12.55000019,12.60000038,11.60000038"
"162,27501802,0-20 cm,27501802,1.3,46.3,233,46.3,1.3,Grassland,0.183863228,15050.55814,35.36880112,0.137877002,37.63637118,-7.845168807,0.670071006,48.58560181,16.99729919,45.75,44.08333333,47.08333333,43.75,11.80000019,12.75,12.80000019,11.85000038"
"163,27501892,0-20 cm,27501892,0.7,29.6,249,29.6,0.7,Grassland,0.290842962,14948.84091,55.5237999,0.375297993,38.4277697,-8.059040764,0.414348006,53.40110016,16.37129974,51.91666667,51.33333333,53.16666667,50.91666667,11.5,12.5,12.55000019,11.60000038"
"164,27541792,0-20 cm,27541792,1.5,48.8,217,48.8,1.5,Grassland,0.175429329,15064.27907,31.8567009,-2.085730076,37.55673214,-7.777729769,2.186980009,47.90840149,17.13069916,44.66666667,43.08333333,46.08333333,42.66666667,11.85000038,12.85000038,12.85000038,11.94999981"
"165,27601790,0-20 cm,27601790,2.4,394.6,245,394.6,2.4,Grassland,0.192830126,15024.95455,30.6692009,-2.720180035,37.5516643,-7.706921315,2.443130016,48.10169983,17.1072998,44.83333333,43.25,46.08333333,42.75,11.85000038,12.80000019,12.85000038,11.89999962"
"166,27601794,0-20 cm,27601794,1.1,111.7,199,111.7,1.1,Shrubland,0.177464986,15003.67391,30.6692009,-2.507999897,37.5868922,-7.716184921,2.556750059,46.81349945,17.30850029,43.75,42.16666667,45.08333333,41.66666667,12.10000038,13.05000019,13.05000019,12.10000038"
"167,27641896,0-20 cm,27641896,0.9,55,278,55,0.9,Cropland,0.280772645,14935.06818,48.60889816,1.00632,38.49264562,-7.912367462,0.872313976,52.83380127,16.28179932,51.16666667,50.33333333,52.58333333,50,11.30000019,12.35000038,12.35000038,11.39999962"
"168,27641914,0-20 cm,27641914,1.6,85.5,353,85.5,1.6,Grassland,0.320724231,14899.48889,50.90259933,-1.607969999,38.65080775,-7.955721568,2.485899925,56.24900055,15.9708004,54.58333333,53.83333333,56,53.41666667,11,12.10000038,12.10000038,11.10000038"
"169,27661882,0-20 cm,27661882,1.8,136.9,379,136.9,1.8,Woodland,0.276407745,14827.27273,56.64049911,-2.777529955,38.37380684,-7.856539308,2.417720079,52.58860016,16.10810089,50.75,50,52.16666667,49.66666667,11.19999981,12.25,12.30000019,11.30000019"
"170,27701848,0-20 cm,27701848,1.7,308.9,233,308.9,1.7,Cropland,0.244145303,14917.61364,47.12929916,-2.630660057,38.0831551,-7.731497901,1.390699983,48.23619843,16.72970009,46.25,45.25,47.5,45,11.55000019,12.64999962,12.64999962,11.64999962"
"171,27741866,0-20 cm,27741866,2.2,124,410,124,2.2,Woodland,0.231073603,14888.72093,52.94430161,-1.901870012,38.24989582,-7.729403411,0.690690994,52.16239929,15.99660015,50.08333333,49.25,51.5,49,11.05000019,12.05000019,12.10000038,11.10000038"
"172,27781794,0-20 cm,27781794,1.2,44.7,152,44.7,1.2,Grassland,0.190929721,15070.15909,38.23949814,-1.252539992,37.62426656,-7.517479223,3.055500031,45.68600082,17.51390076,42.58333333,40.91666667,43.83333333,40.66666667,12.30000019,13.30000019,13.35000038,12.39999962"
"173,27801810,0-20 cm,27801810,3.3,227.4,261,227.4,3.3,Woodland,0.203706795,15031.78571,41.62480164,-0.642463028,37.76937439,-7.532160065,1.015660048,47.92200089,16.86359978,45,43.58333333,46.25,43.25,11.55000019,12.60000038,12.60000038,11.60000038"
"174,27841840,0-20 cm,27841840,0.6,189.3,219,189.3,0.6,Cropland,0.212096608,14970.59091,52.47090149,0.00146365,38.0418795,-7.557258848,0.935308993,47.23770142,16.85090065,45.08333333,44.08333333,46.41666667,43.75,11.64999962,12.64999962,12.75,11.69999981"
"175,27881934,0-20 cm,27881934,1.3,177.7,300,177.7,1.3,Woodland,0.241945511,14856.20455,60.17950058,-1.496399999,38.87715575,-7.734696664,0.463252991,55.06819916,16.03829956,53.16666667,52.33333333,54.66666667,51.83333333,11.19999981,12.25,12.30000019,11.25"
"176,27881938,0-20 cm,27881938,1.4,78.2,294,78.2,1.4,Woodland,0.295242818,14865.84091,55.54679871,0.968894005,38.91231073,-7.744310472,0.406302005,55.06819916,16.03829956,53.16666667,52.33333333,54.66666667,51.83333333,11.19999981,12.25,12.30000019,11.25"
"177,27882010,0-20 cm,27882010,1.3,110.4,288,110.4,1.3,Woodland,0.170423429,14973.44186,44.90000153,-2.496550083,39.54459119,-7.919830747,1.980149984,69.4469986,16.0279007,66.33333333,65.75,68.41666667,64.75,11.05000019,12.05000019,12.10000038,11.14999962"
"178,27901936,0-20 cm,27901936,1.3,57.4,299,57.4,1.3,Woodland,0.244759107,14856.45455,62.17150116,-0.538496017,38.89892467,-7.717018966,1.04843998,55.06819916,16.03829956,53.16666667,52.33333333,54.66666667,51.83333333,11.19999981,12.25,12.30000019,11.25"
"179,27921848,0-20 cm,27921848,2.3,172,232,172,2.3,Grassland,0.18811917,14982.17778,43.84460068,-2.219860077,38.12886698,-7.486914425,0.463252991,46.93600082,16.75309944,44.83333333,43.75,46.08333333,43.66666667,11.64999962,12.75,12.75,11.69999981"
"180,27981828,0-20 cm,27981828,1.5,86,295,86,1.5,Grassland,0.261688021,14977.48837,64.75229645,-1.438140035,37.96502252,-7.374066696,0.509090006,49.19480133,16.4659996,46.5,45.33333333,47.83333333,44.75,11.14999962,12.19999981,12.25,11.25"
"181,28041928,0-20 cm,28041928,4,502.7,460,502.7,4,Woodland,0.280417027,14838.59091,62.26589966,-1.643769979,38.85775853,-7.540547715,2.242769957,56.85279846,15.33469963,54.5,53.5,56.25,53.08333333,10.39999962,11.44999981,11.5,10.5"
"182,28101970,0-20 cm,28101970,0.9,90.5,344,90.5,0.9,Woodland,0.259553142,14904.82609,53.4654007,-2.321690083,39.23949994,-7.573255374,0.489248008,58.2030983,16.05559921,55.41666667,54.58333333,57.25,53.91666667,10.94999981,12,12.05000019,11"
"183,28121858,0-20 cm,28121858,0.8,74,252,74,0.8,Woodland,0.214446509,15005.52273,59.33440018,-0.496318012,38.25799804,-7.28730728,0.926445007,47.59870148,16.48419952,45.25,44.16666667,46.66666667,44,11.19999981,12.30000019,12.39999962,11.35000038"
"184,28141834,0-20 cm,28141834,1.7,346.5,266,346.5,1.7,Cropland,0.248818762,15001.95349,67.10569763,0.350410014,38.05055022,-7.210047325,0.666365027,47.72380066,16.59609985,45.16666667,43.91666667,46.41666667,43.58333333,11.25,12.30000019,12.35000038,11.30000019"
"185,30342090,0-20 cm,30342090,0.6,61,957,61,0.6,Cropland,0.229942569,14735.06667,62.48910141,-1.718919992,40.73381157,-5.282366982,2.437730074,37.98199844,11.77740002,36.58333333,35.83333333,37.66666667,35.66666667,5.349999905,6.449999809,6.5,5.5"
"186,30502088,0-20 cm,30502088,1,104.3,1159,104.3,1,Cropland,0.186654702,14697.57778,62.83980179,-3.143670082,40.74501503,-5.092180733,2.522720098,42.14049911,10.87790012,40.58333333,39.83333333,41.75,39.5,4.699999809,5.800000191,5.849999905,4.849999905"
"187,30562086,0-20 cm,30562086,1.1,66.2,1211,66.2,1.1,Bareland,0.191654456,14756.62791,62.9516983,-2.306099892,40.73806394,-5.018170646,1.203070045,39.35329819,10.9218998,37.83333333,37.16666667,38.91666667,37,4.800000191,5.900000095,6,5"
"188,30682088,0-20 cm,30682088,0.5,71.9,990,71.9,0.5,Cropland,0.225649875,14721.77273,67.14610291,2.449039936,40.77708962,-4.882945248,0.902077019,33.41600037,11.55589962,32.25,31.5,33.16666667,31.41666667,5.400000095,6.449999809,6.5,5.5"
"189,28282136,0-20 cm,28282136,5.5,81.1,650,81.1,5.5,Woodland,0.269117408,14674.5122,35.63460159,-3.876739979,40.73425467,-7.777096453,6.628280163,144.9470062,13.41559982,142.5833333,142.6666667,147.0833333,141.1666667,8.899999619,9.899999619,9.949999809,8.949999809"
"190,33321992,0-20 cm,33321992,1.6,236.2,1521,236.2,1.6,Woodland,0.170550225,14589.2,53.5094986,-2.44182992,40.33963375,-1.633285868,1.01891005,49.19229889,8.917280197,46.5,45,47.75,45.16666667,2.950000048,4.150000095,4.25,3.049999952"
"191,33362014,0-20 cm,33362014,1.1,124.9,1478,124.9,1.1,Bareland,0.136883285,14523.66667,82.32129669,-1.580019951,40.54161673,-1.622994408,4.899479866,51.05690002,8.501700401,48.25,46.5,49.5,46.83333333,2.799999952,4,4.150000095,2.950000048"
"192,33382016,0-20 cm,33382016,5.4,542.1,1517,542.1,5.4,Shrubland,0.190485466,14640.04545,82.32129669,-2.698299885,40.56223797,-1.602990296,1.803709984,48.53070068,9.235569954,45.91666667,44.25,46.91666667,44.41666667,3.349999905,4.550000191,4.699999809,3.5"
"193,33482012,0-20 cm,33482012,6,381.2,1466,381.2,6,Shrubland,0.162347227,14723.86047,58.79219818,-0.716036975,40.54025176,-1.479900072,2.292890072,44.42409897,9.943670273,41.75,40.33333333,42.83333333,40.5,4,5.199999809,5.25,4.099999905"
"194,33521972,0-20 cm,33521972,1.3,195.6,1203,195.6,1.3,Bareland,0.174371642,14638.46667,46.61380005,-2.743880033,40.18830771,-1.368817936,2.873209953,36.83819962,11.17249966,34.75,33.58333333,35.75,33.83333333,5.050000191,6.300000191,6.400000095,5.199999809"
"195,33581994,0-20 cm,33581994,1,87.8,1138,87.8,1,Woodland,0.153102884,14696.97727,45.55059814,-2.553469896,40.3930161,-1.334392961,3.340059996,36.80350113,11.22210026,34.5,33.33333333,35.58333333,33.41666667,5.050000191,6.25,6.400000095,5.199999809"
"196,33582000,0-20 cm,33582000,1.7,193.4,1206,193.4,1.7,Bareland,0.157559572,14757.09302,40.62760162,-1.98368001,40.44662991,-1.344025134,1.493639946,37.77069855,11.15209961,35.41666667,34.16666667,36.41666667,34.33333333,4.949999809,6.150000095,6.300000191,5.099999905"
"197,33582012,0-20 cm,33582012,1.8,357.3,1155,357.3,1.8,Cropland,0.162117376,14754,42.84680176,-2.490339994,40.5538441,-1.363356689,2.452889919,37.01319885,11.50769997,34.66666667,33.41666667,35.58333333,33.58333333,5.25,6.449999809,6.599999905,5.400000095"
"198,33582030,0-20 cm,33582030,1.3,537.6,1024,537.6,1.3,Grassland,0.14500943,14777.15556,44.11560059,3.52782011,40.7146319,-1.392523103,0.718795002,35.98139954,12.12030029,33.66666667,32.33333333,34.33333333,32.41666667,5.900000095,7.099999905,7.150000095,5.949999809"
"199,33601972,0-20 cm,33601972,5.1,452.2,1204,452.2,5.1,Woodland,0.189947943,14612.91304,46.61380005,-2.306099892,40.19907804,-1.276077725,1.26522994,34.02119827,11.74170017,31.91666667,30.83333333,32.83333333,30.91666667,5.550000191,6.75,6.900000095,5.699999809"
"200,33602016,0-20 cm,33602016,0.9,253.7,1060,253.7,0.9,Cropland,0.133556602,14778.65909,42.84680176,1.751799941,40.5922819,-1.346493862,0.860886991,36.07479858,11.7343998,33.83333333,32.58333333,34.66666667,32.66666667,5.449999809,6.650000095,6.800000191,5.599999905"
"201,33622004,0-20 cm,33622004,1.1,137.1,1066,137.1,1.1,Shrubland,0.18321152,14741.26667,40.62760162,-2.055609941,40.48776127,-1.30388023,1.12658,35.37220001,11.69509983,33.08333333,31.75,34,32,5.400000095,6.599999905,6.75,5.5"
"202,33622018,0-20 cm,33622018,2.3,450.3,1029,450.3,2.3,Bareland,0.140568216,14825.95455,41.65539932,1.152760029,40.61284818,-1.326388373,0.090853304,34.75099945,12.03369999,32.41666667,31.25,33.33333333,31.41666667,5.699999809,6.900000095,7,5.800000191"
"203,33641988,0-20 cm,33641988,3.2,245.4,1158,245.4,3.2,Woodland,0.156623897,14684.58696,34.77389908,-2.95972991,40.34745543,-1.255064178,2.532490015,35.95270157,11.2823,33.83333333,32.41666667,34.66666667,32.5,4.949999809,6.150000095,6.300000191,5.050000191"
"204,33642006,0-20 cm,33642006,3.2,473.8,1041,473.8,3.2,Grassland,0.221056792,14790.33333,42.84680176,1.97221005,40.5083206,-1.283789868,0.081261598,34.40579987,11.88700008,32.08333333,30.83333333,33,30.91666667,5.550000191,6.800000191,6.900000095,5.699999809"
"205,33642010,0-20 cm,33642010,1.3,299.4,1045,299.4,1.3,Cropland,0.148777893,14814.59524,42.84680176,-0.233538002,40.54406296,-1.290200573,0.203152999,34.51580048,11.87650013,32.16666667,30.91666667,33.08333333,31.16666667,5.5,6.75,6.849999905,5.650000095"
"206,33642016,0-20 cm,33642016,2.6,250.1,1033,250.1,2.6,Grassland,0.147142388,14849.18605,41.65539932,-0.58011198,40.5976728,-1.299835278,0.181705996,34.75099945,12.03369999,32.41666667,31.25,33.33333333,31.41666667,5.699999809,6.900000095,7,5.800000191"
"207,33642028,0-20 cm,33642028,1.5,437.7,1034,437.7,1.5,Cropland,0.147412907,14811.54545,44.11560059,-1.011379957,40.70487915,-1.31917208,1.493639946,35.58330154,11.90550041,33.33333333,31.91666667,34,32.08333333,5.650000095,6.800000191,6.949999809,5.75"
"208,33661990,0-20 cm,33661990,1.5,254.5,1075,254.5,1.5,Cropland,0.146581913,14673.6087,34.77389908,-2.588579893,40.3680071,-1.23499667,2.144370079,33.93280029,11.8114996,31.75,30.75,32.75,30.66666667,5.400000095,6.599999905,6.699999809,5.5"
"209,33681992,0-20 cm,33681992,0.8,97.5,1083,97.5,0.8,Bareland,0.140091181,14784.13333,34.77389908,1.019219995,40.38855452,-1.214917268,0.487558007,34.3260994,11.8579998,32.08333333,31,33.08333333,30.91666667,5.449999809,6.699999809,6.800000191,5.599999905"
"210,33682010,0-20 cm,33682010,0.7,122.3,1091,122.3,0.7,Cropland,0.144594463,14802.11905,42.35319901,-0.398299992,40.54942652,-1.24357325,1.503550053,36.02859879,11.55720043,33.75,32.33333333,34.58333333,32.5,5.199999809,6.449999809,6.550000191,5.349999905"
"211,33741998,0-20 cm,33741998,2.2,420.2,1211,420.2,2.2,Bareland,0.158151173,14763.64286,35.2364006,-2.164069891,40.45017128,-1.154607552,1.750830054,36.84410095,11.09000015,34.58333333,33.08333333,35.41666667,33.33333333,4.75,6,6.099999905,4.900000095"
"212,33762000,0-20 cm,33762000,2,430.5,1179,430.5,2,Cropland,0.162896139,14762.35714,35.2364006,-0.116242997,40.47070168,-1.134480429,1.261970043,36.979599,11.1342001,34.75,33.08333333,35.5,33.33333333,4.800000191,6,6.099999905,4.900000095"
"213,33781948,0-20 cm,33781948,0.5,106.8,1230,106.8,0.5,Shrubland,0.153416382,14714.08696,63.31769943,-3.607069969,40.00832128,-1.030080024,5.727210045,41.84379959,9.546839714,39.41666667,38.16666667,40.75,38,3.200000048,4.5,4.599999905,3.400000095"
"214,33781984,0-20 cm,33781984,0.5,127.4,1013,127.4,0.5,Bareland,0.134329935,14763.6,40.71839905,0.948037982,40.33029899,-1.086058857,1.747059941,31.28179932,12.43770027,29.16666667,28.08333333,29.83333333,28.08333333,5.949999809,7.150000095,7.300000191,6.099999905"
"215,33801996,0-20 cm,33801996,1.2,105.5,1095,105.5,1.2,Cropland,0.16215261,14721.86667,40.04629898,-2.712330103,40.44022921,-1.081611629,2.355609894,33.79140091,11.78190041,31.66666667,30.41666667,32.25,30.5,5.300000191,6.550000191,6.650000095,5.400000095"
"216,33822024,0-20 cm,33822024,1.3,133.7,1247,133.7,1.3,Cropland,0.14187157,14754.39535,63.49769974,-0.956997991,40.69316324,-1.102436691,0.37459299,38.91749954,10.55679989,36.33333333,35,37.16666667,35.08333333,4.400000095,5.599999905,5.699999809,4.5"
"217,33861962,0-20 cm,33861962,8.1,498,1495,498,8.1,Woodland,0.172721476,14520.11111,66.02549744,-3.434600115,40.14402238,-0.959054878,3.52947998,47.21009827,8.608949661,44.5,43.25,45.83333333,43,2.400000095,3.650000095,3.75,2.5"
"218,33921966,0-20 cm,33921966,1.7,351,1128,351,1.7,Grassland,0.148258227,14695.11111,66.02549744,2.048840046,40.18760439,-0.895637793,1.798670053,35.29069901,11.22799969,33.25,32,34.08333333,31.83333333,5.050000191,6.25,6.400000095,5.150000095"
"219,33922016,0-20 cm,33922016,1.2,169.1,1251,169.1,1.2,Grassland,0.132446749,14778.09302,61.8166008,0.111302003,40.63479123,-0.973031446,0.689495027,38.66339874,10.69110012,36.25,34.83333333,37.16666667,34.83333333,4.400000095,5.599999905,5.75,4.5"
"220,33941964,0-20 cm,33941964,1.3,285,1089,285,1.3,Grassland,0.131389916,14750.33333,66.02549744,1.241880059,40.1722984,-0.869382064,1.517740011,33.73379898,11.81299973,31.66666667,30.5,32.66666667,30.5,5.650000095,6.900000095,7,5.75"
"221,33941968,0-20 cm,33941968,1.7,224.1,1099,224.1,1.7,Cropland,0.153542876,14724.71111,66.02549744,-3.586970091,40.20808724,-0.875501347,0.642403007,35.29069901,11.22799969,33.25,32,34.08333333,31.83333333,5.050000191,6.25,6.400000095,5.150000095"
"222,33961984,0-20 cm,33961984,0.8,98,1303,98,0.8,Grassland,0.198551701,14556.18182,54.20769882,-2.598609924,40.35381382,-0.876817451,1.47250998,40.95470047,9.668749809,38.5,36.91666667,39.58333333,37.16666667,3.599999905,4.800000191,4.949999809,3.75"
"223,34001998,0-20 cm,34001998,2.2,306.6,1433,306.6,2.2,Cropland,0.164408244,14636.34884,60.31669998,-1.050600052,40.48421487,-0.851793013,0.37459299,43.72969818,9.248149872,41.16666667,39.58333333,42.25,39.58333333,3,4.25,4.349999905,3.099999905"
"224,34021972,0-20 cm,34021972,0.8,114.2,1094,114.2,0.8,Cropland,0.172501948,14703.97778,45.21590042,-2.922879934,40.25418409,-0.788748985,4.209410191,36.77069855,10.90579987,34.58333333,33.25,35.5,33.25,4.800000191,6.099999905,6.150000095,4.949999809"
"225,34041988,0-20 cm,34041988,1.4,127.2,1626,127.2,1.4,Woodland,0.197226092,14445.15909,68.37940216,-1.398280025,40.39990946,-0.789881314,3.443969965,48.23180008,8.176239967,45.41666667,43.83333333,46.83333333,43.66666667,2.150000095,3.349999905,3.5,2.299999952"
"226,34062008,0-20 cm,34062008,1.7,231.5,1314,231.5,1.7,Cropland,0.160787294,14625.53333,86.49559784,0.452381998,40.58139133,-0.797199627,0.614832997,42.28889847,9.605400085,39.75,38.08333333,40.66666667,38.25,3.25,4.5,4.599999905,3.400000095"
"227,34062020,0-20 cm,34062020,1.1,301.4,1265,301.4,1.1,Cropland,0.160917341,14733.5,71.88580322,-1.815019965,40.68871839,-0.81567088,1.815099955,40.66930008,10.10910034,38.16666667,36.58333333,39.16666667,36.66666667,3.849999905,5.099999905,5.199999809,4"
"228,34161996,0-20 cm,34161996,4.1,375.1,1533,375.1,4.1,Shrubland,0.185449369,14584.36364,98.97609711,-3.671220064,40.48680592,-0.6622788,5.533559799,50.50249863,7.919980049,47.58333333,45.91666667,48.83333333,45.66666667,1.649999976,2.900000095,3,1.799999952"
"229,34222010,0-20 cm,34222010,3.2,273.1,1317,273.1,3.2,Shrubland,0.169760507,14593.32609,76.27999878,-1.369410038,40.61967532,-0.613437666,2.996799946,42.55989838,9.572380066,40.08333333,38.58333333,40.91666667,38.41666667,3.450000048,4.650000095,4.75,3.549999952"
"230,34222016,0-20 cm,34222016,1.2,208.1,1413,208.1,1.2,Cropland,0.173716614,14547.17778,76.27999878,-2.640140057,40.67335971,-0.622515599,2.947819948,40.14319992,10.23830032,37.83333333,36.25,38.58333333,36.16666667,4.150000095,5.400000095,5.5,4.300000191"
"231,34242002,0-20 cm,34242002,1.8,88,1330,88,1.8,Shrubland,0.172844252,14593.57778,86.6651001,2.546020031,40.55061069,-0.578030528,2.20946002,46.49000168,8.716899872,43.66666667,42,44.83333333,42.08333333,2.549999952,3.75,3.900000095,2.650000095"
"232,34382008,0-20 cm,34382008,1.5,204.9,1193,204.9,1.5,Shrubland,0.175483706,14692,82.37220001,-3.021630049,40.6218142,-0.423528202,8.010849953,45.8103981,9.072839737,43,41.5,44.25,41.58333333,3.150000095,4.300000191,4.449999809,3.25"
"233,34522014,0-20 cm,34522014,3.9,187.4,972,187.4,3.9,Shrubland,0.176970331,14679.69565,59.38690186,-3.513789892,40.69277679,-0.268697434,5.043799877,39.02119827,11.23089981,36.75,35.41666667,37.5,35.16666667,5.25,6.5,6.599999905,5.400000095"
"234,31302034,0-20 cm,31302034,0.9,165.3,637,165.3,0.9,Bareland,0.21881379,14882.56522,47.48400116,-2.762459993,40.40516208,-4.052427613,1.798210025,29.62579918,14.6892004,28.41666667,27.41666667,29.08333333,27.41666667,8.050000191,9.149999619,9.199999809,8.199999809"
"235,31402026,0-20 cm,31402026,0.7,233.7,674,233.7,0.7,Cropland,0.17121432,14898.69767,58.09320068,-0.350024015,40.35077082,-3.920850493,2.56062007,31.33869934,14.65789986,30,29,30.66666667,29,8.050000191,9.149999619,9.25,8.199999809"
"236,31422058,0-20 cm,31422058,1.6,55.2,1122,55.2,1.6,Shrubland,0.192886301,14725.91304,49.12170029,-3.466150045,40.63813051,-3.960884177,6.79885006,36.62770081,12.20740032,35.16666667,34.25,36.25,34.25,5.949999809,7,7.099999905,6.099999905"
"237,31482010,0-20 cm,31482010,0.9,233.4,687,233.4,0.9,Cropland,0.189374712,14909.65909,57.16410065,0.113035001,40.22185304,-3.797093536,0.236915007,34.06700134,14.63399982,32.25,31.41666667,33.25,31.41666667,7.800000191,8.949999809,9,7.949999809"
"238,31482042,0-20 cm,31482042,0.8,88.1,739,88.1,0.8,Shrubland,0.183812862,14873.45455,38.61389923,1.051200032,40.50603224,-3.859592436,1.194820046,32.70980072,14.10470009,31.41666667,30.41666667,32.16666667,30.5,7.599999905,8.699999809,8.800000191,7.75"
"239,31521980,0-20 cm,31521980,1,277.9,591,277.9,1,Bareland,0.127836367,14968.42857,49.84590149,-1.324769974,39.96181475,-3.693159434,2.074450016,31.59819984,15.37720013,29.83333333,28.91666667,30.83333333,29,8.25,9.399999619,9.449999809,8.399999619"
"240,31642000,0-20 cm,31642000,1.4,449.9,557,449.9,1.4,Cropland,0.212091832,14896.17778,60.29970169,0.054143898,40.1590262,-3.593050308,0.090853304,32.57920074,15.14420033,30.75,29.83333333,31.75,30,8.199999809,9.300000191,9.399999619,8.350000381"
"241,31642018,0-20 cm,31642018,1.7,539.4,597,539.4,1.7,Cropland,0.201386169,14930.11111,51.66199875,-0.564684987,40.31899691,-3.627536102,0.517131984,33.50870132,14.86470032,31.83333333,30.91666667,32.75,30.91666667,7.949999809,9.100000381,9.199999809,8.100000381"
"242,31782036,0-20 cm,31782036,1.1,365.7,739,365.7,1.1,Cropland,0.155131486,14879.62222,56.97589874,-3.080830097,40.50152627,-3.499791825,2.286410093,37.42879868,13.93840027,35.25,34.33333333,36.08333333,34.41666667,7.199999809,8.300000191,8.399999619,7.349999905"
"243,31842046,0-20 cm,31842046,0.8,202,787,202,0.8,Bareland,0.182325898,14844.54545,51.50830078,-2.192349911,40.60001176,-3.449216032,2.324640036,35.7981987,13.54409981,33.58333333,32.91666667,34.66666667,32.75,6.949999809,8.050000191,8.149999619,7.099999905"
"244,31881998,0-20 cm,31881998,1.1,107.7,823,107.7,1.1,Cropland,0.151276565,14866.48837,54.24340057,-1.335610032,40.17959892,-3.312059183,0.801312983,37.31600189,13.9666996,34.75,33.83333333,36,34.16666667,7.050000191,8.149999619,8.25,7.199999809"
"245,32022028,0-20 cm,32022028,1,269,927,269,1,Bareland,0.16248976,14854.27907,69.67350006,-0.99247402,40.46850339,-3.206048035,0.635946989,36.79600143,12.77280045,34.33333333,33.41666667,35.41666667,33.58333333,6.25,7.349999905,7.449999809,6.349999905"
"246,32261948,0-10 cm,32261948,1.1,284.2,913,284.2,1.1,Cropland,0.15056868,14905.25581,59.86629868,-1.872110009,39.79331704,-2.782851795,1.219419956,40.1882019,13.49779987,37.41666667,36.33333333,38.83333333,36.33333333,6.75,7.949999809,8.050000191,6.900000095"
"247,32461996,0-10 cm,32461996,0.6,107.9,858,107.9,0.6,Cropland,0.144324992,14836.59091,68.74629974,0.889989972,40.25122431,-2.637482469,3.260119915,38.22299957,13.67949963,36,35,37.08333333,35.16666667,6.949999809,8.100000381,8.25,7.099999905"
"248,33041814,0-10 cm,33041814,0.7,176.8,836,176.8,0.7,Cropland,0.137677884,14878.54348,35.42679977,-2.105340004,38.70978661,-1.667972763,0.74694699,32.84289932,13.70619965,31.25,29.83333333,32.25,30.25,6.699999809,7.949999809,8,6.849999905"
"249,33061854,0-10 cm,33061854,1.6,134.3,730,134.3,1.6,Cropland,0.177662454,14840.45455,35.22949982,-1.89289999,39.0703642,-1.708729948,1.843930006,31.11009979,14.40069962,29.41666667,28.33333333,30.58333333,28.75,7.449999809,8.649999619,8.800000191,7.599999905"
"250,33101854,0-10 cm,33101854,1.5,431.4,712,431.4,1.5,Cropland,0.217707609,14875.13636,39.55089951,1.438899994,39.07590633,-1.663161838,0.875146985,31.62260056,14.30659962,29.83333333,29,31.08333333,29.16666667,7.349999905,8.600000381,8.649999619,7.550000191"
"251,33221838,0-10 cm,33221838,1.6,192.8,974,192.8,1.6,Cropland,0.155396539,14854.18182,50.30550003,-1.413509965,38.94924808,-1.501314904,1.059399962,34.42860031,13.14500046,32.75,31.58333333,33.91666667,31.75,6.099999905,7.349999905,7.449999809,6.25"
"252,33341814,0-10 cm,33341814,0.9,287.3,846,287.3,0.9,Cropland,0.141371801,14853.65217,36.66949844,-1.868559957,38.75065267,-1.327852804,0.822655022,31.02759933,13.92350006,29.66666667,28.66666667,30.75,28.91666667,6.949999809,8.199999809,8.25,7.099999905"
"253,33441780,0-10 cm,33441780,1.1,210.2,698,210.2,1.1,Cropland,0.146240088,14894.36957,33.46170044,-2.531729937,38.45942267,-1.163128636,6.24078989,30.02960014,14.91790009,28.75,27.58333333,30,28.08333333,8.149999619,9.350000381,9.449999809,8.300000191"
"254,34221974,0-10 cm,34221974,4.5,317.7,1387,317.7,4.5,Shrubland,0.213778057,14480.02222,63.0021019,-3.589139938,40.29747904,-0.559411525,12.48560047,45.72840118,8.706170082,43,41.66666667,44.16666667,41.33333333,2.700000048,3.900000095,4.050000191,2.799999952"
"255,30762060,0-20 cm,30762060,4.2,80.1,1345,80.1,4.2,Grassland,0.201301761,14692.40476,57.20840073,-1.338359952,40.54330154,-4.731052887,2.27305007,39.91559982,10.22770023,38.5,37.75,39.58333333,37.5,4.150000095,5.300000191,5.349999905,4.349999905"
"256,30882072,0-20 cm,30882072,1.7,208.7,1189,208.7,1.7,Grassland,0.210199179,14676.83721,44.08000183,2.49864006,40.67051078,-4.616840868,1.025370002,32.92039871,10.88899994,31.75,31.08333333,32.66666667,30.83333333,4.650000095,5.75,5.849999905,4.800000191"
"257,30942046,0-20 cm,30942046,0.9,78.2,1048,78.2,0.9,Woodland,0.237411657,14758.6,38.69189835,-4.971260071,40.45052728,-4.493532028,13.94950008,28.56019974,13.55080032,27.41666667,26.66666667,28.16666667,26.75,7.300000191,8.399999619,8.5,7.449999809"
"258,31042070,0-20 cm,31042070,1.7,103.9,1310,103.9,1.7,Grassland,0.192237855,14677.97778,57.42520142,-1.679589987,40.68041617,-4.426802545,1.154790044,42.67869949,9.976389885,41.25,40.16666667,42.25,39.91666667,3.950000048,5.050000191,5.150000095,4.099999905"
"259,30501876,0-20 cm,30501876,3,219.1,631,219.1,3,Grassland,0.226172104,14761.28889,59.42010117,-0.928878009,38.86661824,-4.65372989,2.811850071,44.25559998,14.53470039,40.41666667,39.25,42,38.83333333,7.800000191,9,9.050000191,7.949999809"
"260,30541864,0-20 cm,30541864,1.4,89.4,636,89.4,1.4,Woodland,0.226618858,14810.58696,52.48130035,-3.863140106,38.76699871,-4.584794438,6.312739849,42.9109993,14.99370003,39.25,37.91666667,41,37.5,8.100000381,9.300000191,9.350000381,8.25"
"261,30661974,0-20 cm,30661974,1.2,433.7,641,433.7,1.2,Cropland,0.233821256,14875.82609,55.98590088,-2.627540112,39.76381439,-4.668811094,1.50793004,32.86339951,14.93449974,31,30.08333333,32.16666667,30,8.25,9.350000381,9.399999619,8.350000381"
"262,30781994,0-20 cm,30781994,0.8,158,542,158,0.8,Grassland,0.171559085,14949.15909,51.93230057,-2.636059999,39.96195465,-4.57185265,1.991770029,29.09059906,15.31449986,27.83333333,26.75,28.66666667,26.66666667,8.600000381,9.75,9.75,8.800000191"
"263,30881994,0-20 cm,30881994,1.1,344.6,594,344.6,1.1,Bareland,0.180400495,14886.4,54.88270187,-1.875049949,39.97918169,-4.456908196,2.016439915,29.40040016,15.13000011,28.08333333,27.16666667,28.83333333,27,8.350000381,9.449999809,9.550000191,8.5"
"264,30961900,0-20 cm,30961900,0.9,55.7,677,55.7,0.9,Cropland,0.209999841,14891.44444,68.27149963,-1.904090047,39.15830168,-4.179495278,1.238219976,35.83869934,14.97280025,33.16666667,31.91666667,34.25,32,7.699999809,8.899999619,8.949999809,7.900000095"
"265,30961912,0-20 cm,30961912,1.1,84.6,694,84.6,1.1,Bareland,0.170190448,14847.44444,63.0326004,-0.370990992,39.26491634,-4.202800075,0.542066991,36.75080109,14.65100002,34,32.75,35.08333333,32.75,7.550000191,8.75,8.800000191,7.75"
"266,30961984,0-20 cm,30961984,0.7,148.4,613,148.4,0.7,Cropland,0.228897002,14906.15556,49.37900162,-1.963469982,39.90414613,-4.344872709,2.130880117,30.14999962,15.36839962,28.75,27.75,29.5,27.5,8.550000191,9.699999809,9.75,8.699999809"
"267,31001850,0-20 cm,31001850,2.7,202.7,755,202.7,2.7,Woodland,0.195423096,14830.93478,51.74869919,3.154619932,38.72049429,-4.038352607,1.48755002,38.36389923,14.78999996,35.25,33.91666667,36.66666667,33.83333333,7.449999809,8.649999619,8.75,7.599999905"
"268,31001904,0-20 cm,31001904,1.6,53.9,813,53.9,1.6,Cropland,0.159313478,14837.04348,63.0326004,-1.40802002,39.20055556,-4.141775625,5.897530079,36.19509888,14.81340027,33.58333333,32.25,34.66666667,32.25,7.599999905,8.800000191,8.850000381,7.800000191"
"269,31001954,0-20 cm,31001954,1.5,486.4,827,486.4,1.5,Cropland,0.218477677,14885.84091,43.75490189,-1.038259983,39.64466208,-4.239433476,0.327573001,36.38389969,14.27470016,34.08333333,33.08333333,35.16666667,33,7.25,8.399999619,8.449999809,7.400000095"
"270,31041900,0-20 cm,31041900,1.2,111.7,707,111.7,1.2,Bareland,0.188500609,14897.52174,68.27149963,2.266599894,39.17169838,-4.088581486,0.528186023,36.86869812,14.63430023,34.16666667,32.91666667,35.33333333,32.83333333,7.449999809,8.649999619,8.699999809,7.650000095"
"271,31081962,0-20 cm,31081962,0.9,71.2,783,71.2,0.9,Bareland,0.18152107,14898.63043,44.92399979,-1.539489985,39.72916986,-4.163569776,0.43948099,34.11709976,14.73519993,32.08333333,31.16666667,33.33333333,31.08333333,7.650000095,8.800000191,8.899999619,7.849999905"
"272,31121872,0-20 cm,31121872,1.3,519.9,692,519.9,1.3,Cropland,0.173058659,15000.93023,50.42589951,1.72092998,38.93604007,-3.944315905,0.710713029,34.38850021,15.07929993,31.75,30.5,33,30.58333333,7.599999905,8.75,8.850000381,7.75"
"273,31201866,0-20 cm,31201866,1,302.5,686,302.5,1,Cropland,0.157399269,14978,50.23070145,0.563428998,38.89582987,-3.842380748,0.857044995,34.59550095,15.17940044,32,30.75,33.16666667,30.75,7.699999809,8.899999619,8.949999809,7.849999905"
"274,31201884,0-20 cm,31201884,1.5,429.1,662,429.1,1.5,Grassland,0.151175983,14921.45455,45.81489944,-1.339900017,39.05594885,-3.87630729,1.83901,32.94129944,15.07759953,30.66666667,29.41666667,31.66666667,29.5,7.75,8.949999809,9,7.900000095"
"275,31261846,0-20 cm,31261846,0.8,197.2,719,197.2,0.8,Cropland,0.159340777,14968.48889,43.99639893,-2.661499977,38.72764329,-3.737168522,1.059399962,36.33599854,15.22029972,33.41666667,32.16666667,34.66666667,32.08333333,7.699999809,8.899999619,8.949999809,7.849999905"
"276,31261876,0-20 cm,31261876,1.8,507.3,673,507.3,1.8,Bareland,0.154708671,14954.27273,45.62860107,0.194295004,38.9946174,-3.793156285,0.821651995,33.46549988,15.12440014,30.91666667,29.83333333,32.08333333,29.91666667,7.650000095,8.850000381,8.899999619,7.800000191"
"277,31281842,0-20 cm,31281842,0.9,373.2,731,373.2,0.9,Cropland,0.152954477,14968.91304,45.78310013,-1.288879991,38.69528413,-3.707163942,2.098150015,36.71749878,15.18859959,33.75,32.5,35,32.33333333,7.650000095,8.850000381,9,7.849999905"
"278,31281982,0-20 cm,31281982,0.9,327.2,607,327.2,0.9,Bareland,0.152969504,14905.23256,42.06980133,0.911343992,39.94017058,-3.973137117,1.38654995,31.33009911,15.47920036,29.66666667,28.58333333,30.5,28.75,8.449999809,9.600000381,9.699999809,8.600000381"
"279,31282014,0-20 cm,31282014,0.5,163.1,690,163.1,0.5,Cropland,0.177587841,14925.48837,59.82830048,-1.629500031,40.224309,-4.035941833,1.243530035,31.28490067,14.87549973,29.75,28.83333333,30.66666667,28.83333333,8.100000381,9.25,9.350000381,8.300000191"
"280,31301844,0-20 cm,31301844,0.6,198.5,717,198.5,0.6,Bareland,0.130372003,14951.11111,45.78310013,4.546199799,38.71633215,-3.688270844,0.408327997,36.33140182,15.09500027,33.41666667,32.16666667,34.66666667,32,7.650000095,8.850000381,8.899999619,7.75"
"281,31301872,0-20 cm,31301872,1.1,259,675,259,1.1,Grassland,0.169060239,14901.69565,45.62860107,2.444200039,38.965549,-3.740305444,0.383305013,34.14490128,15.17539978,31.5,30.5,32.75,30.5,7.650000095,8.850000381,8.899999619,7.75"
"282,31321922,0-20 cm,31321922,1.3,133.9,831,133.9,1.3,Cropland,0.154822085,14875.38636,53.40200043,6.669700146,39.4135657,-3.811775948,0.218803003,36.18439865,14.15919971,33.91666667,32.5,35,32.5,7.050000191,8.199999809,8.300000191,7.199999809"
"283,31341952,0-20 cm,31341952,0.4,80.3,821,80.3,0.4,Cropland,0.144599284,15014.23256,43.83369827,-1.650140047,39.68353466,-3.846210262,0.74140197,35.52119827,14.52079964,33.41666667,32.25,34.41666667,32.25,7.349999905,8.5,8.600000381,7.5"
"284,31341974,0-20 cm,31341974,0.8,103.5,557,103.5,0.8,Bareland,0.154939534,14948.5,52.73130035,-1.927729964,39.87902784,-3.888617944,2.804519892,30.09980011,15.75650024,28.41666667,27.58333333,29.41666667,27.58333333,8.699999809,9.850000381,9.949999809,8.899999619"
"285,31361832,0-20 cm,31361832,1.4,233.4,796,233.4,1.4,Cropland,0.163641551,14929.91304,48.25780106,-0.717504978,38.61916905,-3.59844487,1.005869985,37.48820114,14.93540001,34.5,33,35.66666667,33.08333333,7.550000191,8.75,8.850000381,7.650000095"
"286,31361882,0-20 cm,31361882,1.4,509.5,673,509.5,1.4,Cropland,0.181991779,14916.84091,43.87760162,-1.224040031,39.06428248,-3.690896606,0.335047007,33.66699982,15.1012001,31.25,30.25,32.33333333,30.16666667,7.650000095,8.800000191,8.949999809,7.800000191"
"287,31381934,0-20 cm,31381934,1.1,92.7,788,92.7,1.1,Cropland,0.135139426,14977.04545,38.55120087,-0.691684008,39.53007414,-3.766046686,0.121891998,35.8728981,14.62080002,33.5,32.25,34.75,32.25,7.400000095,8.600000381,8.649999619,7.599999905"
"288,31461834,0-20 cm,31461834,1.3,224.8,757,224.8,1.3,Cropland,0.153866414,14967.45652,49.24449921,-1.969449997,38.65301355,-3.489222995,2.654059887,36.01440048,15.07750034,33.16666667,31.91666667,34.33333333,31.91666667,7.550000191,8.75,8.800000191,7.699999809"
"289,31461892,0-20 cm,31461892,1.4,439.8,682,439.8,1.4,Cropland,0.166732505,14969.81395,40.06259918,-1.589640021,39.16943915,-3.595868576,0.424190998,33.36629868,15.21199989,31.08333333,30,32.08333333,30,7.75,8.949999809,9,7.900000095"
"290,31461986,0-20 cm,31461986,0.5,187,666,187,0.5,Cropland,0.152639525,14952.62791,49.84590149,-1.961009979,40.00535348,-3.773751747,1.625309944,33.18050003,15.07759953,31.33333333,30.25,32.33333333,30.41666667,8.100000381,9.25,9.350000381,8.25"
"291,31481970,0-20 cm,31481970,0.5,155.4,584,155.4,0.5,Bareland,0.139036043,15017.88372,53.32210159,2.061490059,39.86642113,-3.720039615,2.246799946,31.84869957,15.40919971,30,28.91666667,31.08333333,29.16666667,8.199999809,9.350000381,9.399999619,8.350000381"
"292,31481998,0-20 cm,31481998,1.1,351.4,649,351.4,1.1,Bareland,0.138413388,14935,50.57949829,-2.336349964,40.11524778,-3.773853498,1.219419956,32.60089874,14.98320007,30.75,30,31.75,30,8,9.149999619,9.199999809,8.149999619"
"293,31501868,0-20 cm,31501868,1,224.4,696,224.4,1,Bareland,0.154906387,14974.7619,43.9178009,2.762190104,38.9622162,-3.506092463,0.114921004,34.11830139,15.17459965,31.58333333,30.66666667,32.75,30.5,7.699999809,8.899999619,8.949999809,7.849999905"
"294,31501930,0-20 cm,31501930,0.9,292.1,765,292.1,0.9,Bareland,0.130970466,14970.6,41.4878006,0.00146365,39.51399052,-3.621286174,0.090853304,35.62960052,14.67380047,33.33333333,32,34.33333333,32.16666667,7.349999905,8.550000191,8.649999619,7.550000191"
"295,31501966,0-20 cm,31501966,0.3,150.6,625,150.6,0.3,Cropland,0.131660814,14996.91111,46.65859985,0.923653007,39.83411753,-3.689425348,1.407799959,31.44560051,15.47939968,29.58333333,28.58333333,30.58333333,28.75,8.25,9.399999619,9.5,8.350000381"
"296,31521848,0-20 cm,31521848,1,329,736,329,1,Cropland,0.136969483,14971.97826,45.49480057,-0.652702987,38.78729068,-3.446876938,0.414348006,35.36059952,15.14579964,32.58333333,31.25,33.83333333,31.41666667,7.550000191,8.75,8.850000381,7.699999809"
"297,31541832,0-20 cm,31541832,0.7,279.4,769,279.4,0.7,Cropland,0.128901984,14994.65217,49.24449921,-0.822866023,38.64792386,-3.395266726,1.081750035,36.24940109,15.06509972,33.41666667,32.08333333,34.5,32.25,7.449999809,8.649999619,8.800000191,7.599999905"
"298,31541858,0-20 cm,31541858,1.2,216,737,216,1.2,Cropland,0.161615631,14914,54.95410156,-1.692420006,38.87954601,-3.442449863,1.529109955,35.12139893,15.13949966,32.5,31.16666667,33.66666667,31.41666667,7.650000095,8.850000381,8.949999809,7.800000191"
"299,31541994,0-20 cm,31541994,1.5,224.5,647,224.5,1.5,Artificial land,0.146822885,14979.29545,50.57949829,0.25424701,40.08949283,-3.696949812,4.035620213,34.59820175,14.93830013,32.66666667,31.66666667,33.66666667,31.83333333,8,9.149999619,9.199999809,8.149999619"
"300,31561848,0-20 cm,31561848,0.8,140.4,768,140.4,0.8,Cropland,0.125004646,14968.6087,45.49480057,-3.075540066,38.79364881,-3.401617121,3.246989965,35.05960083,15.0770998,32.33333333,31,33.5,31.16666667,7.449999809,8.649999619,8.75,7.599999905"
"301,31561974,0-20 cm,31561974,1.2,161.1,755,161.1,1.2,Cropland,0.146364556,14931.06977,48.96910095,-1.134600043,39.91496843,-3.635689834,0.490931988,34.21099854,14.82180023,32.16666667,31.08333333,33.25,31.25,7.650000095,8.850000381,8.949999809,7.800000191"
"302,31561978,0-20 cm,31561978,1,158.8,678,158.8,1,Cropland,0.152606585,14957.54762,51.9673996,-0.545781016,39.95052808,-3.643305639,1.339959979,34.30360031,14.70499992,32.33333333,31.16666667,33.33333333,31.41666667,7.599999905,8.75,8.850000381,7.75"
"303,31601820,0-20 cm,31601820,0.8,210.9,857,210.9,0.8,Cropland,0.146380329,14942.42222,54.39099884,-1.909590006,38.55045956,-3.30598836,0.816614985,37.87870026,14.58290005,34.83333333,33.5,36.08333333,33.41666667,7.199999809,8.399999619,8.449999809,7.25"
"304,31601946,0-20 cm,31601946,1,108.2,757,108.2,1,Cropland,0.140630019,14953.37209,48.53379822,-0.803255022,39.6724217,-3.536858505,0.260163009,33.73139954,14.75249958,31.66666667,30.41666667,32.66666667,30.5,7.5,8.699999809,8.800000191,7.650000095"
"305,31601976,0-20 cm,31601976,0.8,168.7,765,168.7,0.8,Cropland,0.157242772,14893.3913,51.9673996,-2.823899984,39.93921503,-3.593470903,4.73759985,34.56090164,14.60540009,32.41666667,31.41666667,33.58333333,31.58333333,7.5,8.649999619,8.75,7.650000095"
"306,31621872,0-20 cm,31621872,1.7,464.1,707,464.1,1.7,Cropland,0.144343298,14974.35556,44.95019913,1.041180015,39.01694568,-3.377234097,0.128485993,34.19459915,15.14579964,31.75,30.41666667,32.83333333,30.66666667,7.650000095,8.850000381,8.899999619,7.75"
"307,31621930,0-20 cm,31621930,0.9,295,739,295,0.9,Cropland,0.115636129,14987.6,42.50920105,-1.629500031,39.53328026,-3.484051014,1.532879949,34.16429901,14.76640034,32.08333333,30.75,32.91666667,30.83333333,7.5,8.649999619,8.75,7.650000095"
"308,31621954,0-20 cm,31621954,0.9,59.9,752,59.9,0.9,Grassland,0.129774891,14938.86364,48.53379822,-2.667550087,39.74679308,-3.528942644,2.266149998,33.8927002,14.75139999,31.83333333,30.66666667,32.83333333,30.75,7.550000191,8.75,8.800000191,7.75"
"309,31641834,0-20 cm,31641834,1,260.3,789,260.3,1,Cropland,0.135622604,14889.1087,49.99140167,0.718616009,38.68153902,-3.285909093,1.217389941,37.08179855,14.76130009,34.16666667,32.75,35.33333333,33,7.300000191,8.5,8.649999619,7.449999809"
"310,31641924,0-20 cm,31641924,0.9,154.5,762,154.5,0.9,Bareland,0.125113029,15000.08889,42.50920105,-1.825160027,39.48308214,-3.450030392,0.656382978,34.17449951,14.78059959,32.08333333,30.75,33.08333333,30.83333333,7.5,8.699999809,8.75,7.699999809"
"311,31661854,0-20 cm,31661854,0.9,267.3,751,267.3,0.9,Cropland,0.135726422,14962.71739,60.04240036,0.348037004,38.86291494,-3.299243382,0.162523001,36.39989853,14.96560001,33.66666667,32.25,34.83333333,32.41666667,7.400000095,8.600000381,8.699999809,7.550000191"
"312,31661880,0-20 cm,31661880,1.3,247.4,707,247.4,1.3,Bareland,0.197725975,14958.15909,48.53099823,0.348037004,39.0945301,-3.346363601,0,34.13629913,14.93500042,31.66666667,30.5,32.83333333,30.66666667,7.650000095,8.850000381,8.899999619,7.800000191"
"313,31681858,0-20 cm,31681858,0.8,366.6,754,366.6,0.8,Cropland,0.139324929,14953.36957,60.04240036,-1.739159942,38.90170395,-3.28379155,0.78044498,35.86589813,15.04839993,33.16666667,31.91666667,34.33333333,31.91666667,7.5,8.699999809,8.800000191,7.650000095"
"314,31701818,0-20 cm,31701818,1.1,152.8,896,152.8,1.1,Cropland,0.139297599,15008.02273,55.75360107,0.335691005,38.54830791,-3.189642841,0.621508002,38.32099915,14.35719967,35.16666667,33.91666667,36.58333333,34,6.949999809,8.149999619,8.300000191,7.099999905"
"315,31701848,0-20 cm,31701848,0.7,406.8,831,406.8,0.7,Cropland,0.126189382,14985.97826,60.04240036,-0.83239001,38.81573503,-3.243148847,0.181705996,37.35010147,14.69880009,34.58333333,33.16666667,35.66666667,33.25,7.199999809,8.399999619,8.5,7.349999905"
"316,31701880,0-20 cm,31701880,1.2,156.8,702,156.8,1.2,Grassland,0.179973393,14937.51163,48.50059891,0.054143898,39.10084545,-3.300890969,0.114921004,34.38209915,14.95899963,31.91666667,30.75,33.08333333,30.91666667,7.599999905,8.800000191,8.949999809,7.75"
"317,31721966,0-20 cm,31721966,1.7,561.1,773,561.1,1.7,Cropland,0.142081768,14943.6,54.96929932,-1.757290006,39.86953708,-3.436585446,0.958832979,35.01979828,14.42739964,32.75,31.75,33.91666667,31.83333333,7.349999905,8.5,8.600000381,7.5"
"318,31721984,0-20 cm,31721984,0.6,121.2,622,121.2,0.6,Cropland,0.149506028,14955.4186,52.74380112,-2.689870119,40.02963242,-3.470407064,1.498600006,34.03979874,14.76589966,32.08333333,31,33.08333333,31.25,7.75,8.899999619,9,7.949999809"
"319,31821942,0-20 cm,31821942,1.2,403.4,740,403.4,1.2,Cropland,0.141872666,14969.86667,47.9776001,0.113035001,39.67182736,-3.277204765,0.081261598,35.6427002,14.64710045,33.5,32.08333333,34.5,32.25,7.449999809,8.600000381,8.75,7.599999905"
"320,31841890,0-20 cm,31841890,1.5,228.2,708,228.2,1.5,Bareland,0.176739391,14891.91111,41.84960175,1.152760029,39.21188199,-3.159659083,0.090853304,35.14099884,15.00319958,32.66666667,31.33333333,33.83333333,31.58333333,7.599999905,8.800000191,8.899999619,7.75"
"321,31862056,0-20 cm,31862056,1.5,353.7,847,353.7,1.5,Grassland,0.177572618,14827.53333,53.13570023,-2.925359964,40.69207889,-3.445087869,2.068089962,34.15029907,13.10459995,32.08333333,31.16666667,33.16666667,31.25,6.599999905,7.75,7.849999905,6.75"
"322,31881872,0-20 cm,31881872,1.3,147.4,765,147.4,1.3,Grassland,0.136912844,14966.91111,46.66289902,-1.415140033,39.05770131,-3.081881336,0.691884995,35.95949936,14.96399975,33.41666667,32.08333333,34.66666667,32.16666667,7.599999905,8.800000191,8.850000381,7.699999809"
"323,31881902,0-20 cm,31881902,0.6,281.2,690,281.2,0.6,Cropland,0.170031851,14921.73333,40.40430069,-0.476292014,39.32502501,-3.135690624,0.167524993,34.93230057,15.05090046,32.5,31.08333333,33.66666667,31.25,7.699999809,8.899999619,9,7.849999905"
"324,31881938,0-20 cm,31881938,1.3,197.4,729,197.4,1.3,Bareland,0.135005557,14975.15217,44.99280167,0.394582003,39.64564349,-3.201074281,0.424190998,35.15840149,14.70170021,32.91666667,31.66666667,34,31.91666667,7.550000191,8.699999809,8.800000191,7.699999809"
"325,31881944,0-20 cm,31881944,1.5,506.2,769,506.2,1.5,Cropland,0.138598346,14965.13333,48.43439865,-1.813369989,39.69906196,-3.212058783,0.565904021,36.18420029,14.61369991,33.83333333,32.58333333,34.91666667,32.66666667,7.449999809,8.649999619,8.699999809,7.599999905"
"326,31901900,0-20 cm,31901900,1.8,447.1,684,447.1,1.8,Bareland,0.183058453,14940.47727,40.40430069,1.947370052,39.31031885,-3.10926917,0.181705996,35.08319855,15.0472002,32.58333333,31.16666667,33.83333333,31.41666667,7.75,8.899999619,9,7.900000095"
"327,31921834,0-20 cm,31921834,0.7,477,932,477,0.7,Cropland,0.124018434,14979.20455,68.68360138,-2.522500038,38.72505857,-2.969346098,1.991350055,38.53170013,14.17959976,35.66666667,34.41666667,37.16666667,34.5,6.75,7.949999809,8.050000191,6.900000095"
"328,31921978,0-20 cm,31921978,2.5,381.9,732,381.9,2.5,Cropland,0.142610939,14968.02381,55.0544014,-1.273259997,40.00796553,-3.22867977,1.06329,35.67670059,14.43299961,33.33333333,32.41666667,34.41666667,32.58333333,7.349999905,8.550000191,8.649999619,7.5"
"329,31961820,0-20 cm,31961820,2.2,630.1,985,630.1,2.2,Cropland,0.135116756,14935.35556,64.32289886,-1.849189997,38.60629168,-2.899705852,1.291049957,38.84740067,14.01329994,36.08333333,34.66666667,37.5,34.83333333,6.550000191,7.75,7.900000095,6.699999809"
"330,31982044,0-20 cm,31982044,1.3,389.2,761,389.2,1.3,Cropland,0.187061248,14864.83721,49.90110016,-1.362460017,40.60448825,-3.282605492,0.689495027,35.91989899,13.61130047,33.41666667,32.75,34.5,32.75,7,8.149999619,8.25,7.099999905"
"331,32001860,0-20 cm,32001860,1.4,316.3,930,316.3,1.4,Bareland,0.144726219,14880.3913,58.3465004,-2.030689955,38.96920696,-2.924316035,1.696779966,37.57180023,14.0927,35,33.66666667,36.25,33.83333333,6.75,7.949999809,8,6.900000095"
"332,32001982,0-20 cm,32001982,1.1,139.6,719,139.6,1.1,Bareland,0.143713732,14962.52381,49.94720078,-1.94749999,40.05609335,-3.143812936,2.068480015,35.06969833,14.46409988,33,31.91666667,34.08333333,32,7.400000095,8.550000191,8.649999619,7.550000191"
"333,32021980,0-20 cm,32021980,1.2,198.5,757,198.5,1.2,Woodland,0.141566506,14920.41304,49.94720078,-2.143769979,40.04141125,-3.117064185,2.45423007,37.61959839,13.92210007,35.08333333,34.08333333,36.41666667,34.33333333,7,8.149999619,8.25,7.150000095"
"334,32022010,0-20 cm,32022010,0.8,230.5,849,230.5,0.8,Cropland,0.162611763,14779.42222,61.05189896,1.765480042,40.30838135,-3.172486677,0.383305013,36.88470078,13.76980019,34.41666667,33.5,35.58333333,33.75,7,8.149999619,8.25,7.150000095"
"335,32041948,0-20 cm,32041948,1.4,171.4,807,171.4,1.4,Cropland,0.143814872,14958.22727,50.89479828,1.891100049,39.75960206,-3.035671981,0.363407999,37.81710052,14.20149994,35.16666667,34.25,36.5,34.33333333,7.199999809,8.399999619,8.449999809,7.349999905"
"336,32041972,0-20 cm,32041972,0.7,219.5,846,219.5,0.7,Cropland,0.124250984,14938.86667,53.31819916,-0.100006998,39.97330741,-3.079347029,0.414348006,38.50120163,13.78969955,35.91666667,34.83333333,37.16666667,35.16666667,6.900000095,8.050000191,8.199999809,7.050000191"
"337,32042008,0-20 cm,32042008,1.3,272.7,825,272.7,1.3,Bareland,0.156201064,14823.77273,61.05189896,-2.887830019,40.29371474,-3.14561631,2.741919994,38.19929886,13.44439983,35.66666667,34.83333333,36.83333333,34.91666667,6.75,7.949999809,8.050000191,6.900000095"
"338,32042056,0-20 cm,32042056,0.9,145.9,865,145.9,0.9,Bareland,0.188974387,14765.6,58.24160004,-3.760469913,40.72064517,-3.235414303,3.752049923,33.53099823,13.07989979,31.33333333,30.5,32.33333333,30.58333333,6.599999905,7.699999809,7.800000191,6.75"
"339,32062010,0-20 cm,32062010,1.3,229.2,855,229.2,1.3,Cropland,0.171643565,14845.36364,64.57250214,0.0329003,40.31463293,-3.126161026,1.211949944,38.19929886,13.44439983,35.66666667,34.83333333,36.83333333,34.91666667,6.75,7.949999809,8.050000191,6.900000095"
"340,32062016,0-20 cm,32062016,1.2,268.1,688,268.1,1.2,Cropland,0.187656233,14793.34884,64.57250214,7.985099792,40.36801803,-3.137285173,2.081190109,36.69589996,13.66300011,34.25,33.41666667,35.41666667,33.58333333,6.900000095,8.050000191,8.149999619,7.050000191"
"341,32062034,0-20 cm,32062034,1.6,374.3,961,374.3,1.6,Grassland,0.167491571,14801.64444,61.05220032,-0.58011198,40.52814348,-3.170812175,0.385452002,36.09640121,12.64939976,33.66666667,32.75,34.66666667,32.91666667,6.099999905,7.199999809,7.300000191,6.25"
"342,32102006,0-20 cm,32102006,1.3,337,838,337,1.3,Cropland,0.15398411,14888.40909,64.73429871,-2.638099909,40.28526583,-3.072450324,1.794540048,37.8791008,13.72319984,35.41666667,34.58333333,36.58333333,34.66666667,7.050000191,8.199999809,8.300000191,7.199999809"
"343,32102010,0-20 cm,32102010,1.5,526.8,850,526.8,1.5,Cropland,0.14915571,14880.43182,58.9958992,0.045333099,40.3208627,-3.079827434,0.670071006,38.14789963,13.49680042,35.66666667,34.75,36.75,34.91666667,6.849999905,8,8.100000381,7"
"344,32142022,0-20 cm,32142022,1.3,266.6,913,266.6,1.3,Cropland,0.165354031,14818.725,61.5890007,0.199015006,40.43386015,-3.055610963,0.935308993,37.53089905,13.06529999,35.08333333,34.08333333,36.16666667,34.33333333,6.5,7.650000095,7.75,6.599999905"
"345,32161828,0-20 cm,32161828,2.4,248.4,1068,248.4,2.4,Shrubland,0.1427782,14913.51163,70.48770142,-2.105340004,38.70797986,-2.687430224,1.081750035,38.75930023,13.67450047,36.5,35.08333333,37.83333333,35.08333333,6.25,7.449999809,7.599999905,6.400000095"
"346,32161876,0-20 cm,32161876,1.5,209.1,817,209.1,1.5,Grassland,0.141060944,14974.93182,41.49959946,-0.822866023,39.13626085,-2.770432894,0.247145995,36.67359924,14.67809963,34.25,32.66666667,35.33333333,32.91666667,7.300000191,8.5,8.600000381,7.400000095"
"347,32181892,0-20 cm,32181892,0.6,270.5,740,270.5,0.6,Cropland,0.126292261,14923.08696,45.06930161,0.00146365,39.28198116,-2.775618975,0.090853304,36.08739853,14.90219975,33.58333333,32.08333333,34.58333333,32.33333333,7.550000191,8.75,8.850000381,7.699999809"
"348,32181928,0-20 cm,32181928,0.9,245.2,836,245.2,0.9,Cropland,0.160346653,14879.41304,63.4219017,-2.454960108,39.6029146,-2.839143791,3.140429974,38.46820068,14.05949974,35.75,34.58333333,37.16666667,34.83333333,7.150000095,8.300000191,8.399999619,7.300000191"
"349,32221796,0-20 cm,32221796,0.9,141.7,926,141.7,0.9,Cropland,0.226429828,14709.23913,68.74700165,-4.285679817,38.43122278,-2.565305746,11.76920033,37.93500137,13.22929955,35.33333333,34.08333333,36.91666667,34.41666667,6.150000095,7.349999905,7.5,6.25"
"350,32222008,0-20 cm,32222008,1,235.4,732,235.4,1,Cropland,0.149832787,14890.79545,55.52730179,-1.572759986,40.32161688,-2.937126474,0.634648025,36.52610016,14.23219967,34.25,33.33333333,35.33333333,33.5,7.5,8.649999619,8.800000191,7.650000095"
"351,32241758,0-20 cm,32241758,5.4,579.2,1554,579.2,5.4,Shrubland,0.163618405,14652.88889,88.45300293,0.362118006,38.09466099,-2.479311002,5.069650173,47.59069824,10.49170017,44.41666667,42.66666667,46.25,43.08333333,3.200000048,4.449999809,4.550000191,3.349999905"
"352,32241830,0-20 cm,32241830,1,408.6,1068,408.6,1,Bareland,0.142431376,14880.34091,65.99130249,4.404160023,38.73781199,-2.600307456,0.513930023,39.46350098,13.43929958,37.16666667,35.66666667,38.5,35.83333333,6,7.199999809,7.300000191,6.099999905"
"353,32241866,0-20 cm,32241866,1.4,221.9,984,221.9,1.4,Bareland,0.119555623,14845.52273,55.30670166,-2.453959942,39.05911081,-2.662043614,3.430340052,38.59230042,13.8803997,36.16666667,34.66666667,37.25,34.91666667,6.550000191,7.75,7.849999905,6.699999809"
"354,32241956,0-20 cm,32241956,1.1,154.7,886,154.7,1.1,Cropland,0.179189905,14847.95556,57.08800125,-1.858739972,39.86156249,-2.820116029,4.856579781,38.96609879,13.66009998,36.25,35.16666667,37.66666667,35.41666667,6.949999809,8.100000381,8.199999809,7.099999905"
"355,32242034,0-20 cm,32242034,1.3,245.8,1018,245.8,1.3,Cropland,0.163117747,14763.37778,62.00239944,-1.692420006,40.55611466,-2.961576411,0.689495027,37.55770111,12.85770035,35.25,34.25,36.33333333,34.5,6.349999905,7.5,7.650000095,6.550000191"
"356,32242052,0-20 cm,32242052,3.3,493.5,1033,493.5,3.3,Bareland,0.191291127,14724.77778,70.29989624,-1.797189951,40.71627797,-2.994828788,0.801312983,37.39260101,11.92609978,34.91666667,34.08333333,36.08333333,34.08333333,5.650000095,6.75,6.900000095,5.800000191"
"357,32261904,0-20 cm,32261904,1.2,352.5,740,352.5,1.2,Cropland,0.148270523,14888.67391,51.4510994,-1.707399964,39.40107833,-2.705266321,0.406302005,36.04750061,14.79310036,33.58333333,32.25,34.83333333,32.41666667,7.599999905,8.800000191,8.850000381,7.699999809"
"358,32262002,0-20 cm,32262002,1.2,96,807,96,1.2,Woodland,0.164978079,14730.37778,50.83599854,-3.571340084,40.27433552,-2.87986946,8.414580345,37.3628006,13.66489983,35.08333333,34.16666667,36.25,34.33333333,7,8.149999619,8.25,7.099999905"
"359,32262026,0-20 cm,32262026,1.4,473.5,1019,473.5,1.4,Cropland,0.162750831,14740.53488,72.68409729,-1.169440031,40.48799333,-2.923638243,0.327573001,39.05810165,12.52439976,36.75,35.75,37.83333333,35.83333333,6.099999905,7.300000191,7.400000095,6.300000191"
"360,32281834,0-20 cm,32281834,1.3,294.8,1055,294.8,1.3,Bareland,0.14069959,14927.93023,65.99130249,-0.426925004,38.77948301,-2.561816194,0.642403007,39.62889862,13.33349991,37.25,35.83333333,38.75,36.08333333,5.800000191,7,7.099999905,5.900000095"
"361,32282042,0-20 cm,32282042,2.2,350.3,1031,350.3,2.2,Cropland,0.188063163,14694.65909,68.28289795,-4.563970089,40.6334674,-2.929757734,7.763929844,37.36780167,12.62720013,35.08333333,34.08333333,36.08333333,34.41666667,6.25,7.349999905,7.550000191,6.400000095"
"362,32301854,0-20 cm,32301854,1.6,508.9,1079,508.9,1.6,Cropland,0.127788462,14893.95238,61.48939896,-2.074929953,38.9609947,-2.573229111,1.205809951,40.24060059,13.32089996,37.75,36.33333333,39.08333333,36.5,6,7.199999809,7.300000191,6.099999905"
"363,32302008,0-20 cm,32302008,1.4,129.7,764,129.7,1.4,Grassland,0.172486128,14829.25,55.52730179,-3.769010067,40.33387596,-2.844413274,4.233679771,35.479599,14.2823,33.33333333,32.5,34.5,32.66666667,7.550000191,8.75,8.850000381,7.699999809"
"364,32321760,0-20 cm,32321760,1.4,59.8,1306,59.8,1.4,Shrubland,0.172288756,14609.41304,88.45300293,3.446229935,38.12430374,-2.392854313,4.587029934,46.17750168,10.61250019,43.16666667,41.58333333,45,41.83333333,3.400000095,4.550000191,4.650000095,3.450000048"
"365,32321820,0-20 cm,32321820,1.4,462.6,937,462.6,1.4,Cropland,0.175440255,14881.52174,64.91919708,-2.566600084,38.6604067,-2.492843278,7.722740173,39.97240067,12.70590019,37.66666667,36.25,39,36.33333333,5.400000095,6.599999905,6.650000095,5.449999809"
"366,32322030,0-20 cm,32322030,2,638.2,1042,638.2,2,Cropland,0.152171497,14759.34884,74.5727005,-1.068570018,40.532798,-2.861223014,0.335047007,39.64260101,12.52569962,37.33333333,36.41666667,38.5,36.41666667,6.199999809,7.349999905,7.449999809,6.349999905"
"367,32322036,0-20 cm,32322036,1.7,362.6,1057,362.6,1.7,Cropland,0.160260228,14730.09302,74.5727005,-1.038259983,40.58620596,-2.872189194,0.287301004,40.07350159,12.03499985,37.66666667,36.83333333,38.83333333,36.83333333,5.699999809,6.849999905,7,5.849999905"
"368,32341750,0-20 cm,32341750,0.8,144.7,1488,144.7,0.8,Bareland,0.17706693,14689.58696,74.13379669,0.658168018,38.03782741,-2.353987132,1.465209961,42.75159836,11.51299953,39.83333333,38.5,41.66666667,38.75,4.349999905,5.550000191,5.650000095,4.449999809"
"369,32341846,0-20 cm,32341846,2.5,356.4,1063,356.4,2.5,Cropland,0.140917613,14865.83721,52.37820053,-2.219860077,38.89552731,-2.514179819,1.30250001,40.06769943,13.20460033,37.66666667,36.25,39.08333333,36.41666667,5.800000191,7,7.099999905,5.900000095"
"370,32341858,0-20 cm,32341858,1.6,454.9,1018,454.9,1.6,Grassland,0.153876139,14825.23256,55.30670166,-0.90585798,39.00264814,-2.534613219,2.532490015,39.53649902,13.58600044,37.08333333,35.58333333,38.41666667,35.75,6.199999809,7.449999809,7.550000191,6.349999905"
"371,32341872,0-20 cm,32341872,1.3,216.1,851,216.1,1.3,Cropland,0.140249789,14893.31111,54.01940155,-1.372969985,39.12759695,-2.558569495,0.894729018,37.26039886,14.40130043,34.83333333,33.25,36,33.58333333,7.050000191,8.25,8.399999619,7.199999809"
"372,32341984,0-20 cm,32341984,0.8,131.3,963,131.3,0.8,Cropland,0.125238101,14843.81818,61.61130142,-2.61729002,40.12620852,-2.754875016,2.096580029,39.53749847,13.26309967,37.25,36,38.41666667,36.16666667,6.650000095,7.849999905,7.900000095,6.800000191"
"373,32361860,0-20 cm,32361860,1.4,401.3,990,401.3,1.4,Cropland,0.137049117,14819.38636,45.80189896,-2.556030035,39.02346881,-2.515288808,1.562710047,39.53649902,13.58600044,37.08333333,35.58333333,38.41666667,35.75,6.199999809,7.449999809,7.550000191,6.349999905"
"374,32361874,0-20 cm,32361874,1.7,218.9,843,218.9,1.7,Cropland,0.145378498,14898.40909,54.01940155,2.19133997,39.14842024,-2.539221824,0.691884995,37.4054985,14.34389973,35.08333333,33.41666667,36.25,33.83333333,7,8.25,8.350000381,7.199999809"
"375,32361888,0-20 cm,32361888,0.8,313.3,766,313.3,0.8,Cropland,0.130828487,14906.67391,48.10279846,2.762190104,39.27334434,-2.563281943,0.121891998,36.48210144,14.72210026,34,32.66666667,35.25,32.91666667,7.400000095,8.649999619,8.75,7.550000191"
"376,32361968,0-20 cm,32361968,1.1,394.2,925,394.2,1.1,Bareland,0.144831347,14852.45455,61.57419968,1.18482995,39.98667601,-2.703251563,1.07562995,39.42089844,13.49750042,36.83333333,35.91666667,38.08333333,36,6.849999905,8,8.149999619,7"
"377,32401786,0-20 cm,32401786,1.2,180.6,1256,180.6,1.2,Woodland,0.202786023,14638.45652,59.54999924,-3.913630009,38.36840804,-2.345809159,4.629119873,37.88899994,12.8142004,35.66666667,34.16666667,37.08333333,34.41666667,5.75,7,7.099999905,5.900000095"
"378,32401810,0-20 cm,32401810,2.6,175.5,1451,175.5,2.6,Woodland,0.227053181,14519.6,76.75740051,-4.041940212,38.58286545,-2.385646956,10.2031002,46.81800079,10.55749989,44,42.25,45.5,42.5,3.599999905,4.849999905,4.949999809,3.75"
"379,32401912,0-20 cm,32401912,1,267,810,267,1,Bareland,0.144593368,14860.68182,52.64889908,-2.511130095,39.49340772,-2.559033261,1.421790004,36.6916008,14.37889957,34.08333333,33.16666667,35.5,33.25,7.400000095,8.600000381,8.699999809,7.599999905"
"380,32401972,0-20 cm,32401972,1,491,923,491,1,Cropland,0.130933869,14919.38636,70.29129791,-1.780480027,40.02834829,-2.664205448,0.349514991,40.45759964,13.35649967,37.91666667,36.91666667,39.25,37.08333333,6.849999905,8,8.100000381,6.949999809"
"381,32421926,0-20 cm,32421926,1.7,233.1,833,233.1,1.7,Cropland,0.148662857,14899.93478,58.66619873,-2.516360044,39.6212555,-2.5604172,1.556900024,37.51129913,14.13500023,34.91666667,33.91666667,36.25,34,7.25,8.449999809,8.550000191,7.400000095"
"382,32421998,0-20 cm,32421998,1.3,405.5,771,405.5,1.3,Cropland,0.156999209,14909.2,55.85419846,-1.181079984,40.26302217,-2.687373465,3.285739899,38.05270004,13.70569992,35.83333333,34.75,36.91666667,35,7,8.199999809,8.25,7.150000095"
"383,32441768,0-20 cm,32441768,4.4,175.7,1027,175.7,4.4,Shrubland,0.186968797,14669.1087,64.18430328,6.319580078,38.21332846,-2.271208798,1.296149969,35.77600098,13.08230019,33.66666667,32.33333333,35,32.66666667,5.849999905,7.099999905,7.199999809,6"
"384,32461888,0-20 cm,32461888,1.1,274,761,274,1.1,Cropland,0.145249559,14892.61364,47.31840134,1.152760029,39.28817527,-2.449145227,0.081261598,35.91040039,14.61670017,33.66666667,32.33333333,34.75,32.5,7.400000095,8.600000381,8.699999809,7.5"
"385,32461916,0-20 cm,32461916,2.2,244.3,893,244.3,2.2,Cropland,0.1528384,14910,58.10440063,-1.875049949,39.5380078,-2.497230981,1.577419996,38.25400162,13.9428997,35.75,34.66666667,37,34.75,7.099999905,8.300000191,8.350000381,7.25"
"386,32481836,0-20 cm,32481836,2.7,451.7,1057,451.7,2.7,Woodland,0.171823795,14813.55556,46.55189896,-3.083129883,38.82683878,-2.338506049,2.398910046,37.66220093,13.31669998,35.33333333,34.08333333,36.83333333,34.33333333,5.900000095,7.150000095,7.25,6.050000191"
"387,32481900,0-20 cm,32481900,0.5,363.1,766,363.1,0.5,Cropland,0.134043027,14922.56818,55.80730057,0.348037004,39.39821527,-2.446822192,0.243783996,36.24200058,14.64939976,33.75,32.75,35.08333333,32.91666667,7.5,8.699999809,8.800000191,7.650000095"
"388,32501940,0-20 cm,32501940,0.7,304.5,897,304.5,0.7,Cropland,0.149450721,14854.93478,66.09940338,-2.405849934,39.75800807,-2.492876503,1.529649973,40.11880112,13.43599987,37.5,36.25,38.83333333,36.75,6.800000191,8.050000191,8.100000381,6.949999809"
"389,32501950,0-20 cm,32501950,1,307.3,913,307.3,1,Cropland,0.148903845,14834.20455,72.38659668,5.532879829,39.84718457,-2.510272563,0.908456981,39.96989822,13.39480019,37.5,36.25,38.91666667,36.58333333,6.75,7.949999809,8.100000381,6.900000095"
"390,32501958,0-20 cm,32501958,0.4,57.6,915,57.6,0.4,Cropland,0.15933691,14840.11628,72.38659668,0.593140006,39.91851599,-2.524237367,1.261319995,40.50329971,13.22799969,38,37,39.5,37.16666667,6.75,8,8.100000381,6.949999809"
"391,32501968,0-20 cm,32501968,1.3,626.2,1106,626.2,1.3,Cropland,0.159664492,14805.27907,70.29129791,-0.966104984,40.00766806,-2.541753603,1.439659953,42.23550034,12.80690002,39.66666667,38.58333333,41.08333333,38.83333333,6.5,7.650000095,7.75,6.650000095"
"392,32521900,0-20 cm,32521900,0.7,318,770,318,0.7,Cropland,0.129972825,14898.13043,55.80730057,-0.0108827,39.40411051,-2.401079574,0.121891998,36.22439957,14.62139988,33.83333333,32.83333333,35.08333333,33,7.5,8.699999809,8.800000191,7.650000095"
"393,32521944,0-20 cm,32521944,0.8,316.9,968,316.9,0.8,Cropland,0.137330604,14888.04444,66.09940338,-2.720390081,39.79664597,-2.476821747,2.143219948,40.46260071,13.23190022,37.91666667,36.58333333,39.25,37.08333333,6.599999905,7.849999905,7.949999809,6.800000191"
"394,32522016,0-20 cm,32522016,0.8,222.3,760,222.3,0.8,Cropland,0.167389861,14688.5,66.11669922,0.00716497,40.43841053,-2.603546286,2.300060034,36.40230179,13.70230007,34.41666667,33.5,35.41666667,33.66666667,7.150000095,8.350000381,8.449999809,7.349999905"
"395,32541878,0-20 cm,32541878,1.9,418.5,777,418.5,1.9,Cropland,0.169894476,14850.84444,43.75650024,7.030189991,39.21067267,-2.34087277,0.292991012,35.84370041,14.64439964,33.58333333,32.33333333,34.75,32.5,7.400000095,8.649999619,8.75,7.550000191"
"396,32561872,0-20 cm,32561872,1.4,357.3,788,357.3,1.4,Cropland,0.195567381,14868.72093,40.62779999,-1.678719997,39.16002485,-2.307952833,0.661392987,35.81999969,14.57750034,33.66666667,32.33333333,34.83333333,32.41666667,7.300000191,8.550000191,8.649999619,7.449999809"
"397,32562028,0-20 cm,32562028,1.6,533.9,1116,533.9,1.6,Grassland,0.174676802,14630.45652,54.4958992,-3.264339924,40.55129967,-2.578474428,2.883500099,43.19300079,12.19830036,40.91666667,39.91666667,42,39.91666667,6.050000191,7.199999809,7.349999905,6.199999809"
"398,32581918,0-20 cm,32581918,1.1,223.2,909,223.2,1.1,Cropland,0.137871599,14900.88636,62.87649918,-2.619149923,39.5735529,-2.363121712,1.544129968,38.28390121,13.89579964,35.91666667,34.83333333,37.08333333,35,7.150000095,8.350000381,8.449999809,7.25"
"399,32582012,0-20 cm,32582012,0.9,139,783,139,0.9,Cropland,0.166518975,14779.13043,62.52460098,2.463809967,40.41173768,-2.526757331,0.801312983,37.16659927,13.66609955,35.16666667,34.16666667,36.16666667,34.33333333,7.099999905,8.25,8.399999619,7.25"
"400,32601908,0-20 cm,32601908,1.3,605.8,807,605.8,1.3,Cropland,0.150843713,14902.1087,59.1814003,-1.14605999,39.48724111,-2.32315374,0.695454001,36.63090134,14.16860008,34.33333333,33.25,35.58333333,33.41666667,7.25,8.5,8.550000191,7.400000095"
"401,32621882,0-20 cm,32621882,1.2,416.8,776,416.8,1.2,Cropland,0.151381195,14901.46667,43.75650024,0.00146353,39.25805367,-2.256338989,0.528186023,35.96409988,14.51189995,33.66666667,32.5,34.91666667,32.58333333,7.349999905,8.550000191,8.649999619,7.449999809"
"402,32641790,0-20 cm,32641790,1.1,271,730,271,1.1,Cropland,0.17884539,14854.06522,45.6507988,1.96638,38.43886025,-2.081829153,2.72052002,31.02440071,14.9708004,29.16666667,28.08333333,30.5,28.41666667,7.949999809,9.149999619,9.25,8.050000191"
"403,32641952,0-20 cm,32641952,0.9,257.6,953,257.6,0.9,Cropland,0.155188749,14820.81395,68.48400116,-2.759469986,39.88569068,-2.352513712,2.031100035,41.02479935,13.13370037,38.66666667,37.5,39.91666667,37.5,6.75,7.949999809,8.050000191,6.849999905"
"404,32642006,0-20 cm,32642006,1.2,340,824,340,1.2,Cropland,0.166698484,14732.28261,68.40029907,-3.515470028,40.36717644,-2.446517922,2.583980083,38.31900024,13.69589996,36.25,35.16666667,37.33333333,35.41666667,7.25,8.399999619,8.5,7.400000095"
"405,32681928,0-20 cm,32681928,0.9,541.7,852,541.7,0.9,Cropland,0.131680205,14854.32609,63.28779984,4.011640072,39.6774065,-2.265413886,0.495950013,37.77569962,13.92269993,35.58333333,34.58333333,36.91666667,34.58333333,7.449999809,8.649999619,8.75,7.599999905"
"406,32701918,0-20 cm,32701918,1,291.2,910,291.2,1,Cropland,0.140719265,14873.64444,55.9822998,-2.595289946,39.59106265,-2.225493156,2.132040024,37.92710114,13.77600002,35.75,34.41666667,37,34.75,7.199999809,8.399999619,8.5,7.349999905"
"407,32721780,0-20 cm,32721780,0.9,345.2,701,345.2,0.9,Cropland,0.166202699,14863.06667,47.19279861,-2.449320078,38.36081176,-1.975519844,1.970129967,30.2133007,14.80790043,28.41666667,27.41666667,29.66666667,27.83333333,7.949999809,9.100000381,9.199999809,8"
"408,32721856,0-20 cm,32721856,1.1,448.5,751,448.5,1.1,Cropland,0.15590792,14879.46512,34.63499832,4.408480167,39.04026078,-2.099084219,0.162523001,33.94919968,14.69099998,31.91666667,30.75,33.25,31.08333333,7.550000191,8.800000191,8.899999619,7.699999809"
"409,32721874,0-20 cm,32721874,0.6,184.3,753,184.3,0.6,Cropland,0.150422846,14907.06522,41.21340179,-1.423889995,39.2010666,-2.128872009,0.848335028,35.16450119,14.64710045,32.91666667,31.83333333,34.25,32.08333333,7.400000095,8.649999619,8.75,7.550000191"
"410,32741830,0-20 cm,32741830,0.9,214.9,867,214.9,0.9,Cropland,0.168642684,14851.04444,45.73559952,-1.12627995,38.81076143,-2.033729968,2.393419981,33.66289902,14.09300041,31.75,30.66666667,33,30.91666667,6.849999905,8.100000381,8.199999809,7"
"411,32742006,0-20 cm,32742006,1.6,419.4,912,419.4,1.6,Grassland,0.164576922,14834.82222,66.17350006,-2.917979956,40.3819078,-2.330451398,2.832550049,40.17620087,13.67109966,38.08333333,36.91666667,39.16666667,37.08333333,7.300000191,8.5,8.600000381,7.449999809"
"412,32742034,0-20 cm,32742034,5.4,541.7,1218,541.7,5.4,Woodland,0.192052963,14553.81395,58.35660172,-1.281010032,40.63148176,-2.379529161,0.656382978,46.50600052,11.52880001,44,42.91666667,45,43,5.5,6.699999809,6.800000191,5.650000095"
"413,32761900,0-20 cm,32761900,1.2,213.6,817,213.6,1.2,Cropland,0.175382827,14865.15909,56.70500183,-1.178959966,39.43902982,-2.126473943,0.529745996,35.96160126,14.23169994,33.91666667,32.75,35.08333333,32.91666667,7.400000095,8.649999619,8.75,7.550000191"
"414,32761912,0-20 cm,32761912,1.6,144.9,943,144.9,1.6,Cropland,0.184807786,14834.68889,54.5882988,-1.739159942,39.54617786,-2.146571464,0.620178998,37.07780075,13.55990028,35,33.83333333,36.25,33.83333333,6.949999809,8.199999809,8.300000191,7.099999905"
"415,32761948,0-20 cm,32761948,0.9,340.4,1067,340.4,0.9,Bareland,0.147821756,14761,51.86029816,-1.839210033,39.86750588,-2.207418709,0.463252991,42.05329895,12.4751997,39.83333333,38.58333333,41,38.66666667,6.300000191,7.5,7.599999905,6.400000095"
"416,32761954,0-20 cm,32761954,0.5,164.8,923,164.8,0.5,Cropland,0.181066999,14691.55556,51.86029816,-1.578690052,39.92104368,-2.217641554,3.793159962,40.5970993,12.76150036,38.33333333,37.16666667,39.58333333,37.16666667,6.599999905,7.800000191,7.900000095,6.75"
"417,32761976,0-20 cm,32761976,0.7,228.8,994,228.8,0.7,Cropland,0.164060997,14810.97826,74.13690186,-2.43460989,40.11730795,-2.255327071,1.554780006,43.08840179,12.56099987,40.75,39.5,42.16666667,39.66666667,6.550000191,7.75,7.800000191,6.699999809"
"418,32781818,0-20 cm,32781818,1.6,361.9,992,361.9,1.6,Cropland,0.150410404,14835.19565,50.78269958,-2.415090084,38.70916615,-1.968909573,1.721390009,35.70280075,13.36340046,33.66666667,32.58333333,35,32.75,6.199999809,7.449999809,7.550000191,6.349999905"
"419,32781844,0-20 cm,32781844,1.9,278.5,750,278.5,1.9,Cropland,0.231866173,14824.17778,33.52080154,-0.110108003,38.94159719,-2.011158262,0.236915007,32.91329956,14.66530037,31.08333333,29.91666667,32.16666667,30.16666667,7.5,8.75,8.850000381,7.650000095"
"420,32801810,0-20 cm,32801810,0.7,109.1,913,109.1,0.7,Cropland,0.16237522,14916.26087,37.81909943,-0.556106985,38.64045943,-1.933362816,1.493639946,34.13180161,13.80420017,32.16666667,31.16666667,33.5,31.33333333,6.699999809,7.949999809,8,6.849999905"
"421,32821848,0-20 cm,32821848,1.9,379.9,740,379.9,1.9,Cropland,0.233392361,14876.08696,33.52080154,5.040289879,38.98303438,-1.972209577,0.218803003,32.46390152,14.68630028,30.66666667,29.41666667,31.83333333,29.75,7.5,8.699999809,8.850000381,7.650000095"
"422,32842038,0-20 cm,32842038,1.4,213.2,1268,213.2,1.4,Cropland,0.171641213,14598.25581,58.35660172,-2.236670017,40.68179783,-2.269966361,2.858279943,50.59780121,10.46640015,47.66666667,46.41666667,48.83333333,46.5,4.599999905,5.75,5.900000095,4.75"
"423,32861932,0-20 cm,32861932,1.6,588.4,1106,588.4,1.6,Cropland,0.188194985,14748.52273,63.79899979,-2.43114996,39.73910892,-2.065293037,1.881539941,39.86040115,12.55080032,37.83333333,36.58333333,38.91666667,36.75,6.199999809,7.449999809,7.550000191,6.349999905"
"424,32901878,0-20 cm,32901878,0.6,217.4,767,217.4,0.6,Cropland,0.177179553,14877.25,37.63349915,-0.107234001,39.26248282,-1.930024368,0.454257011,33.70410156,14.45860004,31.75,30.83333333,33,30.91666667,7.550000191,8.800000191,8.899999619,7.699999809"
"425,32901910,0-20 cm,32901910,1,301.5,904,301.5,1,Cropland,0.149361703,14880.42222,56.37590027,-1.501379967,39.54836439,-1.982700104,0.489248008,36.0923996,13.67640018,34.16666667,33,35.41666667,33.08333333,7.099999905,8.350000381,8.399999619,7.25"
"426,32961808,0-20 cm,32961808,1.6,184.1,808,184.1,1.6,Cropland,0.181475653,14889.54545,35.7098999,1.754950047,38.64500833,-1.749091067,0.891031981,32.41149902,14.06219959,30.58333333,29.41666667,31.75,29.75,7.199999809,8.399999619,8.550000191,7.349999905"
"427,32981912,0-20 cm,32981912,1,375.3,907,375.3,1,Cropland,0.17156073,14878.95556,49.79919815,-1.600419998,39.57756548,-1.894227801,1.498600006,35.73130035,13.59469986,33.91666667,32.58333333,35.08333333,32.83333333,7.050000191,8.300000191,8.399999619,7.199999809"
"428,33001852,0-20 cm,33001852,1.6,257.7,730,257.7,1.6,Cropland,0.203637498,14860.21739,35.22949982,-1.228330016,39.04412775,-1.773857889,0.609440029,31.05730057,14.41759968,29.41666667,28.16666667,30.5,28.58333333,7.449999809,8.699999809,8.800000191,7.599999905"
"429,33001952,0-20 cm,33001952,4.5,160.6,1168,160.6,4.5,Woodland,0.165976167,14804.26667,55.83390045,-2.51376009,39.93762679,-1.937471336,1.517740011,41.85789871,11.92029953,39.58333333,38.5,40.83333333,38.58333333,5.75,7,7.050000191,5.900000095"
"430,33001960,0-20 cm,33001960,3.1,255.2,1244,255.2,3.1,Grassland,0.186495897,14635.93333,55.83390045,-1.961009979,40.0090496,-1.950832263,2.218389988,44.70080185,11.10319996,42.25,41.08333333,43.66666667,41.25,5.199999809,6.400000095,6.550000191,5.349999905"
"431,33002010,0-20 cm,33002010,1.6,173.3,1456,173.3,1.6,Woodland,0.186302118,14541.5,70.91439819,-1.068570018,40.45525288,-2.035275448,0.431903988,50.01839828,10.04300022,47.33333333,45.91666667,48.66666667,45.91666667,4.300000191,5.449999809,5.599999905,4.400000095"
"432,33021926,0-20 cm,33021926,1.4,346.6,1075,346.6,1.4,Cropland,0.155526545,14757.54348,50.85620117,-2.085730076,39.7082665,-1.871334777,0.868521988,38.17100143,12.27890015,36.33333333,35.16666667,37.5,35.16666667,5.900000095,7.150000095,7.25,6.099999905"
"433,33021954,0-20 cm,33021954,1.3,90.2,1203,90.2,1.3,Bareland,0.17778022,14714.34783,55.83390045,-2.159940004,39.9583179,-1.917726602,0.875146985,41.85789871,11.92029953,39.58333333,38.5,40.83333333,38.58333333,5.75,7,7.050000191,5.900000095"
"434,33022016,0-20 cm,33022016,2.1,331.9,1316,331.9,2.1,Woodland,0.174931989,14599.15,70.1760025,2.563450098,40.51163875,-2.022243908,1.171810031,50.82860184,9.895529747,48.08333333,46.66666667,49.33333333,46.66666667,4.099999905,5.300000191,5.400000095,4.199999809"
"435,33041856,0-20 cm,33041856,1.8,572.7,730,572.7,1.8,Cropland,0.244407438,14836.67391,35.22949982,-0.652702987,39.08546937,-1.734713727,0.272558004,31.10849953,14.37590027,29.5,28.41666667,30.75,28.66666667,7.5,8.75,8.800000191,7.599999905"
"436,33041958,0-20 cm,33041958,1.5,163.5,1200,163.5,1.5,Woodland,0.1915835,14657.34091,55.83390045,-2.200560093,39.99686213,-1.901299466,4.920460224,40.92089844,12.03549957,38.66666667,37.58333333,39.91666667,37.75,5.949999809,7.150000095,7.300000191,6.099999905"
"437,33062038,0-20 cm,33062038,4.2,413.3,1416,413.3,4.2,Woodland,0.17724412,14537.72093,58.97240067,-1.091560006,40.71358955,-2.013241879,0.908456981,49.84019852,10.09070015,47.08333333,45.58333333,48.25,45.58333333,4.349999905,5.5,5.650000095,4.449999809"
"438,33141890,0-20 cm,33141890,0.4,106.7,824,106.7,0.4,Cropland,0.12844167,14890.22727,39.1006012,-1.242030025,39.40334111,-1.675060692,0.473821998,31.88850021,14.06229973,30.33333333,29.25,31.41666667,29.5,7.300000191,8.600000381,8.699999809,7.5"
"439,33161828,0-20 cm,33161828,0.4,157,925,157,0.4,Cropland,0.128873874,14779.82609,32.66550064,5.154160023,38.8515672,-1.553850537,0.822655022,33.36750031,13.32479954,31.83333333,30.5,32.83333333,30.83333333,6.25,7.449999809,7.599999905,6.400000095"
"440,33241840,0-20 cm,33241840,2.3,191.5,1126,191.5,2.3,Woodland,0.149163872,14773.62222,50.30550003,-3.182199955,38.96986924,-1.481689666,5.525599957,35.86019897,12.58300018,34.08333333,33,35.5,33.16666667,5.5,6.699999809,6.849999905,5.650000095"
"441,33281826,0-20 cm,33281826,0.7,155.6,926,155.6,0.7,Bareland,0.143545242,14899.2,41.08570099,0.564970016,38.84999928,-1.414442519,1.813279986,33.55270004,13.33209991,32.08333333,30.91666667,33.16666667,31.16666667,6.300000191,7.550000191,7.599999905,6.449999809"
"442,33361816,0-20 cm,33361816,0.4,195.8,830,195.8,0.4,Cropland,0.136270008,14890.97826,36.66949844,-1.01425004,38.77124305,-1.308225362,0.908456981,31.02759933,13.92350006,29.66666667,28.66666667,30.75,28.91666667,6.949999809,8.199999809,8.25,7.099999905"
"443,33402018,0-20 cm,33402018,1.6,430.5,1471,430.5,1.6,Cropland,0.163684775,14720.7381,82.32129669,-3.543989897,40.58285502,-1.582974255,5.331950188,48.11629868,9.407489777,45.25,43.83333333,46.5,43.91666667,3.450000048,4.650000095,4.75,3.549999952"
"444,33461826,0-20 cm,33461826,0.7,180,857,180,0.7,Cropland,0.135447828,14921.64444,36.61389923,-2.788399935,38.87413195,-1.209921642,2.260329962,31.47559929,13.83609962,30.25,28.91666667,31.33333333,29.25,6.900000095,8.149999619,8.25,7.050000191"
"445,33481922,0-20 cm,33481922,0.6,111.3,1156,111.3,0.6,Woodland,0.213613571,14594.91304,52.70320129,-3.685909986,39.73590271,-1.335664022,5.45909977,37.50009918,11.46490002,35.66666667,34.41666667,36.83333333,34.5,5.300000191,6.550000191,6.650000095,5.5"
"446,33541816,0-20 cm,33541816,0.8,88.1,902,88.1,0.8,Bareland,0.155013331,14823.30435,44.54970169,-2.275589943,38.79514565,-1.103913619,3.378220081,32.94670105,13.35809994,31.66666667,30.5,32.91666667,30.75,6.550000191,7.75,7.849999905,6.699999809"
"447,33641826,0-20 cm,33641826,0.8,178,886,178,0.8,Grassland,0.177963267,14828.69565,33.01330185,-2.74732995,38.89783113,-1.005272429,2.383419991,32.6841011,13.47729969,31.33333333,30.33333333,32.58333333,30.5,6.75,8,8.100000381,6.900000095"
"448,33561954,0-20 cm,33561954,2.1,155.2,1086,155.2,2.1,Shrubland,0.160288684,14729.71739,50.9408989,-2.37274003,40.03279363,-1.293874972,4.901649952,35.48680115,11.8682003,33.41666667,32.33333333,34.41666667,32.5,5.550000191,6.800000191,6.900000095,5.75"
"449,33961828,0-20 cm,33961828,2.2,418.8,297,418.8,2.2,Cropland,0.26822789,14939.71739,48.48740005,0.810661018,38.95682133,-0.644036715,1.511199951,29.31749916,16.45019913,28.08333333,27.25,29.41666667,27.16666667,10.80000019,12,12.14999962,11"
"450,34121838,0-20 cm,34121838,1.4,613.8,83,613.8,1.4,Cropland,0.286707188,14939.68889,55.77500153,0.113035001,39.0665167,-0.476047267,0.162523001,29.87290001,17.50830078,28.75,27.75,29.83333333,27.83333333,12.14999962,13.39999962,13.5,12.30000019"
"451,34201858,0-20 cm,34201858,2.1,432.6,60,432.6,2.1,Bareland,0.213298723,14952.11111,44.85900116,1.145529985,39.25575565,-0.413222556,0.272558004,32.58349991,17.72100067,31.25,30.25,32.33333333,30.16666667,12.75,14,14.05000019,12.89999962"
"452,34221826,0-20 cm,34221826,1.4,320,400,320,1.4,Cropland,0.220144281,14824.26087,57.93780136,-2.517590046,38.9712413,-0.344999451,11.94909954,30.3803997,15.26130009,29.16666667,28.25,30.08333333,28.16666667,9,10.14999962,10.25,9.149999619"
"453,34541988,0-20 cm,34541988,4.4,412.3,1276,412.3,4.4,Grassland,0.193072572,14624.36364,72.51959991,-2.164969921,40.46238118,-0.207477913,5.212910175,43.89619827,9.94659996,41.25,39.91666667,42.5,39.75,4.050000191,5.25,5.349999905,4.150000095"
"454,30061648,0-20 cm,30061648,1.4,418.7,184,418.7,1.4,Cropland,0.195340595,15032.82222,46.09960175,-3.91079998,36.76357878,-4.702619736,13.12090015,52.27719879,17.42250061,46.25,43.08333333,47.75,42.16666667,12.35000038,13.35000038,13.39999962,12.35000038"
"455,30161670,0-20 cm,30161670,1.6,338.8,653,338.8,1.6,Cropland,0.216068866,14863.76087,68.38739777,-0.195884004,36.9767017,-4.634212417,3.650249958,56.19169998,15.37010002,49.75,46.5,51.41666667,45.5,9.5,10.60000038,10.60000038,9.550000191"
"456,30161688,0-20 cm,30161688,1.6,489.2,522,489.2,1.6,Cropland,0.184228508,14958.8,61.69229889,-2.458159924,37.1368977,-4.668266702,1.69630003,53.80619812,16.39030075,47.58333333,44.91666667,49.25,43.83333333,10.25,11.35000038,11.39999962,10.30000019"
"457,30201726,0-20 cm,30201726,1.3,174.5,348,174.5,1.3,Cropland,0.18054569,14915.04348,85.36029816,-1.539489985,37.48185976,-4.696581529,2.006200075,51.26860046,16.9836998,45.75,43.41666667,47.33333333,42.41666667,10.39999962,11.55000019,11.60000038,10.55000019"
"458,30301704,0-20 cm,30301704,1,393.2,492,393.2,1,Cropland,0.174907054,14937.1087,71.25170135,-3.119649887,37.30339101,-4.543990157,3.328229904,51.79779816,16.83499908,46,43.5,47.58333333,42.91666667,10.39999962,11.5,11.55000019,10.44999981"
"459,30341770,0-20 cm,30341770,1.1,471.1,210,471.1,1.1,Cropland,0.218165124,15017.17778,41.31629944,1.216740012,37.89730625,-4.625705227,1.970129967,46.53730011,17.7730999,41.91666667,40.08333333,43.66666667,39.5,10.94999981,12.10000038,12.19999981,11.05000019"
"460,30521680,0-20 cm,30521680,1.1,569.5,739,569.5,1.1,Cropland,0.193309238,14830.5,68.21779633,-0.569805026,37.12705438,-4.256182412,3.157140017,49.34329987,15.54529953,43.66666667,41.33333333,45.16666667,40.5,9.100000381,10.14999962,10.25,9.149999619"
"461,30541738,0-20 cm,30541738,1.2,276.3,464,276.3,1.2,Cropland,0.232321147,14969.27273,84.23760223,-1.084810019,37.64687796,-4.342089897,2.429949999,48.58449936,17.27160072,43.5,41.33333333,45.08333333,40.58333333,10.5,11.64999962,11.69999981,10.55000019"
"462,30621754,0-20 cm,30621754,0.9,395.6,384,395.6,0.9,Cropland,0.193148597,14986.55556,62.16749954,-2.727050066,37.80279124,-4.283188138,1.780240059,44.90299988,17.71879959,40.33333333,38.58333333,42,38,10.75,11.94999981,12,10.89999962"
"463,30641768,0-20 cm,30641768,0.8,184.3,404,184.3,0.8,Cropland,0.191461767,15009.4186,48.79790115,-1.091560006,37.93074496,-4.287283533,0.635946989,43.30609894,17.56889915,39.08333333,37.33333333,40.5,36.91666667,10.55000019,11.75,11.80000019,10.64999962"
"464,30721638,0-20 cm,30721638,3.7,195.3,413,195.3,3.7,Grassland,0.247039355,14889.19565,52.60509872,-4.419159889,36.78589859,-3.959651713,9.644359589,41.78020096,17.63850021,37,35.08333333,38.25,34.41666667,12.60000038,13.60000038,13.64999962,12.60000038"
"465,30781660,0-20 cm,30781660,1.6,91,1199,91,1.6,Cropland,0.163118941,14885.35556,71.1257019,-2.562000036,36.99198842,-3.933085956,1.644970059,48.895401,13.84669971,43.25,41.08333333,44.83333333,40.41666667,7.25,8.350000381,8.399999619,7.349999905"
"466,30801700,0-20 cm,30801700,1.3,556.3,1134,556.3,1.3,Cropland,0.229792818,14746.08696,70.6473999,-4.081150055,37.35189823,-3.983328296,6.870890141,48.26210022,14.0394001,42.83333333,40.83333333,44.41666667,40.16666667,7.449999809,8.550000191,8.600000381,7.550000191"
"467,30901666,0-20 cm,30901666,1.3,309.3,908,309.3,1.3,Bareland,0.164325422,14951.69767,60.13040161,-2.209759951,37.06513162,-3.81152185,2.778879881,42.07389832,15.03800011,37.33333333,35.41666667,38.75,34.91666667,8.399999619,9.5,9.5,8.449999809"
"468,30941754,0-20 cm,30941754,0.9,569.5,437,569.5,0.9,Cropland,0.173312709,15029.80435,74.98829651,-1.797189951,37.85610038,-3.926500784,3.631530046,39.85570145,17.49139977,35.83333333,34.33333333,37.25,33.91666667,10.55000019,11.69999981,11.80000019,10.64999962"
"469,30981674,0-20 cm,30981674,1.7,202.8,749,202.8,1.7,Cropland,0.215969113,14868.26667,54.90790176,-3.380069971,37.14949229,-3.737459559,5.169509888,35.74110031,16.2241993,31.75,30.08333333,32.83333333,29.75,9.600000381,10.69999981,10.75,9.699999809"
"470,31061688,0-20 cm,31061688,2.1,255,725,255,2.1,Cropland,0.196490916,14868.34783,58.79159927,-0.801376998,37.28731851,-3.673889452,0.74140197,34.80070114,16.32570076,30.75,29.5,32,29.16666667,9.649999619,10.80000019,10.85000038,9.699999809"
"471,31081710,0-20 cm,31081710,1.4,216.2,1103,216.2,1.4,Cropland,0.229885542,14792.11111,79.05690002,-2.8134799,37.48677156,-3.690946727,8.721159935,44.37879944,13.91549969,39.75,37.91666667,41.16666667,37.41666667,7.050000191,8.199999809,8.300000191,7.150000095"
"472,31141652,0-20 cm,31141652,1.2,81.4,1276,81.4,1.2,Woodland,0.156655257,14711.58696,67.39679718,-4.36495018,36.97886558,-3.522155397,8.020879745,48.22290039,12.58090019,43.16666667,41.08333333,44.83333333,40.41666667,6,7.050000191,7.150000095,6.050000191"
"473,31141666,0-20 cm,31141666,2.3,70.9,1166,70.9,2.3,Woodland,0.188415848,14744.4,66.61029816,-1.08197999,37.10384659,-3.546621582,6.24078989,40.89899826,14.08110046,36.58333333,34.75,37.91666667,34.25,7.349999905,8.449999809,8.5,7.449999809"
"474,31281680,0-20 cm,31281680,0.8,34.1,1428,34.1,0.8,Woodland,0.220256705,14593.97778,70.04180145,-0.654919982,37.25108409,-3.416307495,4.788080215,47.91770172,11.84399986,43.25,41.08333333,44.75,40.5,5.050000191,6.099999905,6.199999809,5.099999905"
"475,31321706,0-20 cm,31321706,1.1,198.7,1171,198.7,1.1,Grassland,0.171182741,14910.60976,57.10210037,-2.238280058,37.48948635,-3.417403738,4.292679787,42.54809952,13.87479973,38.41666667,36.58333333,39.83333333,36.25,7,8.100000381,8.25,7.099999905"
"476,31321720,0-20 cm,31321720,1.8,288.7,1287,288.7,1.8,Shrubland,0.202542872,14856.75,56.56330109,-2.931770086,37.61440989,-3.442014996,3.75838995,43.8362999,13.47430038,39.58333333,37.83333333,41.08333333,37.5,6.5,7.699999809,7.75,6.599999905"
"477,31341710,0-20 cm,31341710,1.4,138.9,1155,138.9,1.4,Cropland,0.182165876,14837.62222,57.99840164,1.522490025,37.52834896,-3.402200687,2.242769957,43.3913002,13.41100025,39.33333333,37.25,40.75,37.08333333,6.449999809,7.550000191,7.650000095,6.5"
"478,31341718,0-20 cm,31341718,1.2,358.8,1177,358.8,1.2,Cropland,0.1737065,14820.97778,56.56330109,-3.424789906,37.59973643,-3.416247445,7.726490021,42.51440048,13.67840004,38.41666667,36.58333333,39.83333333,36.41666667,6.699999809,7.800000191,7.949999809,6.800000191"
"479,31421694,0-20 cm,31421694,2.1,144.3,1130,144.3,2.1,Bareland,0.155789006,14798.88889,62.61100006,-3.306839943,37.39813052,-3.285501679,7.968570232,39.33620071,13.99839973,35.66666667,34.16666667,37,33.91666667,6.949999809,8.050000191,8.149999619,7.050000191"
"480,31421788,0-20 cm,31421788,1.2,584.3,444,584.3,1.2,Cropland,0.193521746,15026.11111,53.44449997,-2.919579983,38.23672642,-3.451174049,2.176779985,32.26670074,17.17919922,29.66666667,28.33333333,30.66666667,28.25,10.10000038,11.30000019,11.39999962,10.19999981"
"481,31441750,0-20 cm,31441750,1.3,261.4,459,261.4,1.3,Cropland,0.250634011,14892.55556,61.48659897,-2.712440014,37.9010415,-3.361162634,5.329649925,32.45230103,16.95260048,29.5,28.25,30.66666667,28.16666667,9.949999809,11.19999981,11.25,10.05000019"
"482,31501706,0-20 cm,31501706,2,69.4,1146,69.4,2,Cropland,0.205777088,14855.90909,37.68289948,-2.462529898,37.51778595,-3.217442768,2.91753006,41.4095993,13.66380024,37.66666667,36,39.08333333,35.75,6.599999905,7.75,7.849999905,6.699999809"
"483,31621768,0-20 cm,31621768,1.5,581.7,649,581.7,1.5,Cropland,0.254120185,14886.66667,71.55010223,-2.056060076,38.08986697,-3.191440014,2.106379986,32.88570023,16.17519951,30.16666667,28.91666667,31.25,28.91666667,9.050000191,10.30000019,10.35000038,9.149999619"
"484,31641672,0-20 cm,31641672,1.1,164.2,1150,164.2,1.1,Grassland,0.109218568,14933.56522,51.9239006,-2.405849934,37.23573922,-3.004063355,0.989327013,38.99869919,13.65289974,35.41666667,33.91666667,36.91666667,33.66666667,6.400000095,7.5,7.599999905,6.5"
"485,31641680,0-20 cm,31641680,0.9,42.4,1336,42.4,0.9,Cropland,0.129830666,14896.24444,51.9239006,-1.656720042,37.30722945,-3.017588157,3.328229904,43.5970993,12.65950012,39.66666667,37.83333333,41.16666667,37.5,5.449999809,6.550000191,6.650000095,5.550000191"
"486,31661674,0-20 cm,31661674,1.2,113.9,1236,113.9,1.2,Grassland,0.125946945,14927.47826,51.9239006,-0.656069994,37.25667988,-2.985289916,1.498600006,42.60250092,12.77579975,38.91666667,37.08333333,40.16666667,36.83333333,5.650000095,6.699999809,6.800000191,5.699999809"
"487,31661692,0-20 cm,31661692,1.4,182.4,1195,182.4,1.4,Cropland,0.144848368,14980.97778,31.47450066,-3.295670033,37.41752205,-3.015750108,6.891009808,39.14039993,13.79339981,35.75,34.08333333,37,33.91666667,6.550000191,7.650000095,7.75,6.599999905"
"488,31681666,0-20 cm,31681666,1.4,212.2,1200,212.2,1.4,Bareland,0.123093411,14889.02174,39.74620056,-1.78471005,37.18823702,-2.949685956,1.644970059,38.91540146,13.38080025,35.41666667,34,36.83333333,33.66666667,6.199999809,7.300000191,7.400000095,6.300000191"
"489,31721774,0-20 cm,31721774,1.9,466.7,690,466.7,1.9,Cropland,0.229729577,14894.63043,64.68250275,-1.977779984,38.1589398,-3.089812482,2.568000078,33.20740128,15.81070042,30.41666667,29.25,31.58333333,29.33333333,8.600000381,9.899999619,9.949999809,8.75"
"490,31741664,0-20 cm,31741664,0.7,68,1130,68,0.7,Cropland,0.093531485,14910.3913,39.74620056,-2.270720005,37.17950053,-2.87994322,2.08197999,36.98540115,13.72850037,33.58333333,32.41666667,35,32.08333333,6.650000095,7.699999809,7.800000191,6.75"
"491,31741694,0-20 cm,31741694,3.1,429.1,1176,429.1,3.1,Woodland,0.148901954,14878.30435,33.00939941,-1.83991003,37.44764409,-2.930307474,1.91584003,40.21039963,13.24349976,36.66666667,35.08333333,38.16666667,34.91666667,5.949999809,7.099999905,7.199999809,6.050000191"
"492,31741740,0-20 cm,31741740,5.6,460,1400,460,5.6,Woodland,0.209601788,14658.93333,73.38539886,-3.615639925,37.85853441,-3.008624959,20.10969925,41.44020081,13.05850029,37.91666667,36.41666667,39.33333333,36.33333333,6.050000191,7.300000191,7.400000095,6.199999809"
"493,31801764,0-20 cm,31801764,1.5,409,593,409,1.5,Cropland,0.199925007,14837.58696,72.75800323,2.556580067,38.08201974,-2.982787107,12.2840004,35.18429947,14.62419987,32.33333333,31.16666667,33.66666667,31.16666667,7.650000095,8.850000381,8.949999809,7.75"
"494,31821654,0-20 cm,31821654,0.7,62,1529,62,0.7,Woodland,0.209626938,14595.8913,36.40530014,-3.874769926,37.10218681,-2.774849116,14.22490025,44.67050171,11.49160004,40.58333333,39.08333333,42.25,38.66666667,4.550000191,5.650000095,5.75,4.599999905"
"495,31841704,0-20 cm,31841704,2.6,588.4,845,588.4,2.6,Cropland,0.23224661,14803.84444,24.36109924,-2.538170099,37.55221821,-2.835994322,5.606289864,32.27890015,15.20429993,29.58333333,28.25,30.66666667,28.16666667,8.149999619,9.300000191,9.399999619,8.25"
"496,31901732,0-20 cm,31901732,1.6,251,1233,251,1.6,Cropland,0.188964777,14740.95455,66.76100159,-3.145060062,37.81149576,-2.816305147,4.109509945,42.36059952,12.41650009,38.83333333,37.41666667,40.5,37.41666667,5.300000191,6.5,6.650000095,5.449999809"
"497,31921700,0-20 cm,31921700,2,310.7,816,310.7,2,Cropland,0.1628772,14878.18182,26.24679947,-1.707399964,37.52854786,-2.740310526,0.327573001,32.43719864,14.89589977,29.75,28.66666667,31,28.41666667,7.75,8.850000381,8.949999809,7.800000191"
"498,31981678,0-20 cm,31981678,1.6,111.4,1203,111.4,1.6,Woodland,0.19121433,14803.04348,28.05200005,-3.3364501,37.34082587,-2.637224363,4.358960152,37.5304985,13.08460045,34.41666667,32.91666667,35.83333333,32.75,5.900000095,7,7.099999905,6"
"499,31981684,0-20 cm,31981684,0.5,77.2,1078,77.2,0.5,Bareland,0.089089714,14953.36957,28.05200005,-2.412889957,37.39448539,-2.64710699,3.227180004,35.47579956,13.75220013,32.5,31.08333333,33.83333333,31.16666667,6.5,7.599999905,7.699999809,6.599999905"
"500,32041688,0-20 cm,32041688,0.9,77.2,1121,77.2,0.9,Cropland,0.127106892,14909.06977,27.10930061,-1.519469976,37.43919572,-2.587049516,1.991770029,36.37720108,13.65310001,33.41666667,32,34.75,32,6.449999809,7.550000191,7.650000095,6.5"
"501,32061656,0-20 cm,32061656,0.9,34.5,1192,34.5,0.9,Woodland,0.15337124,14903.93478,33.20650101,-3.599380016,37.1558812,-2.512644956,4.913809776,34.82640076,13.91129971,31.83333333,30.66666667,33.16666667,30.66666667,7.199999809,8.25,8.350000381,7.300000191"
"502,32061692,0-20 cm,32061692,1,216.2,1155,216.2,1,Cropland,0.12435542,14857.91111,27.10930061,-0.131935999,37.47794024,-2.57139304,2.185470104,38.14699936,12.93470001,35.16666667,33.58333333,36.5,33.58333333,5.699999809,6.800000191,6.900000095,5.800000191"
"503,32081660,0-20 cm,32081660,0.9,18.1,1489,18.1,0.9,Woodland,0.162551442,14894.15556,33.20650101,-3.617059946,37.19462711,-2.496986704,25.08550072,41.79769897,12.17370033,38.58333333,36.75,39.91666667,36.66666667,5.25,6.300000191,6.400000095,5.349999905"
"504,32081774,0-20 cm,32081774,6.2,201.7,1159,201.7,6.2,Woodland,0.2315671,14598.6,68.66500092,-4.50109005,38.21380904,-2.685702951,24.79669952,40.55500031,12.75119972,37.75,36.25,39.08333333,36.5,5.599999905,6.800000191,6.900000095,5.699999809"
"505,32101790,0-20 cm,32101790,1.5,467.1,645,467.1,1.5,Cropland,0.222874786,14839.77273,57.10879898,-0.676212013,38.35970572,-2.690322647,0.363407999,33.31370163,14.89239979,31.08333333,29.75,32.25,29.91666667,7.650000095,8.850000381,8.949999809,7.75"
"506,32121666,0-20 cm,32121666,1.4,165.5,1365,165.5,1.4,Cropland,0.158522172,14693.34783,49.87369919,-3.629719973,37.25420991,-2.462389451,19.69989967,48.13510132,10.62889957,44.16666667,42.5,45.91666667,42.58333333,3.549999952,4.599999905,4.699999809,3.650000095"
"507,32141694,0-20 cm,32141694,0.6,59.5,1232,59.5,0.6,Cropland,0.116854621,14758.04444,38.16009903,3.713340044,37.50766419,-2.485706338,1.056280017,38.00839996,12.6590004,35,33.58333333,36.5,33.66666667,5.400000095,6.5,6.599999905,5.5"
"508,32181726,0-20 cm,32181726,2.3,138.3,1083,138.3,2.3,Shrubland,0.149760302,14838.06667,56.47529984,0.401161999,37.79974194,-2.493595112,1.674780011,37.17520142,13.09070015,34.41666667,33.08333333,35.83333333,33.25,5.75,6.900000095,7,5.849999905"
"509,32181730,0-20 cm,32181730,2.4,263.1,1308,263.1,2.4,Shrubland,0.17370704,14749.47826,56.47529984,-4.231299877,37.8355052,-2.500187109,19.13780022,37.41770172,12.96380043,34.66666667,33.33333333,36.08333333,33.58333333,5.800000191,6.949999809,7.050000191,5.849999905"
"510,32181744,0-20 cm,32181744,3.8,306.7,1373,306.7,3.8,Woodland,0.22796211,14572.84444,70.83550262,-2.974030018,37.96065828,-2.523336422,11.84210014,44.86600113,11.18659973,41.66666667,40.25,43.33333333,40.25,4.099999905,5.25,5.400000095,4.199999809"
"511,32181780,0-20 cm,32181780,4.2,235.4,1415,235.4,4.2,Woodland,0.22054932,14490.95455,64.79570007,-3.620110035,38.28234997,-2.583420434,6.892889977,44.68700027,11.21959972,41.75,40,43.25,40.08333333,4.150000095,5.400000095,5.449999809,4.25"
"512,32201704,0-20 cm,32201704,1.4,142.7,1190,142.7,1.4,Cropland,0.148850978,14837.2093,44.54510117,-2.539010048,37.60594256,-2.435234984,3.709140062,38.65119934,12.89150047,35.83333333,34.25,37.16666667,34.41666667,5.599999905,6.75,6.849999905,5.699999809"
"513,32201782,0-20 cm,32201782,2.2,236.7,1389,236.7,2.2,Woodland,0.240968504,14497.76744,64.79570007,-2.243289948,38.30319182,-2.564283638,3.874700069,44.87950134,11.19480038,42,40.33333333,43.58333333,40.41666667,4.199999809,5.400000095,5.550000191,4.25"
"514,32221702,0-20 cm,32221702,2.2,273.4,1149,273.4,2.2,Cropland,0.141992461,14841.7907,38.16009903,-2.475749969,37.59098696,-2.409700367,2.106379986,39.91199875,12.54800034,36.83333333,35.58333333,38.41666667,35.66666667,5.25,6.349999905,6.449999809,5.349999905"
"515,32261768,0-20 cm,32261768,2.1,172.8,1231,172.8,2.1,Woodland,0.204136233,14555.84783,79.08869934,-3.287050009,38.18698533,-2.473458138,17.85950089,42.57279968,11.63700008,39.83333333,38.16666667,41.41666667,38.58333333,4.550000191,5.699999809,5.800000191,4.599999905"
"516,32281722,0-20 cm,32281722,0.7,205.9,1115,205.9,0.7,Shrubland,0.170632814,14849.65217,36.86769867,-2.871639967,37.77866591,-2.375352538,3.412090063,35.96569824,13.48980045,33.41666667,32.16666667,34.75,32.25,6.050000191,7.199999809,7.300000191,6.099999905"
"517,32321698,0-20 cm,32321698,4,252.8,1242,252.8,4,Shrubland,0.130579498,14871,42.23389816,-4.494750023,37.56978781,-2.291856792,13.4453001,37.14039993,12.89099979,34.5,33.16666667,35.83333333,33.25,5.550000191,6.699999809,6.75,5.650000095"
"518,32341732,0-20 cm,32341732,2.4,129.7,1115,129.7,2.4,Grassland,0.155386125,14889,56.30960083,-3.376600027,37.87686216,-2.32458574,3.837680101,36.32339859,13.2823,33.91666667,32.58333333,35.33333333,32.83333333,5.900000095,7.050000191,7.150000095,5.949999809"
"519,32361698,0-20 cm,32361698,0.6,43.2,1111,43.2,0.6,Cropland,0.108885891,14915.8,41.97119904,3.256890059,37.5755849,-2.247308657,0.694266021,36.11399841,13.13729954,33.66666667,32.16666667,34.83333333,32.33333333,5.800000191,6.949999809,7.050000191,5.900000095"
"520,32401720,0-20 cm,32401720,0.5,247.7,1209,247.7,0.5,Cropland,0.145581736,14860.17778,37.332901,-0.476292014,37.77822715,-2.238079904,0.146495998,37.2519989,12.82139969,34.66666667,33.41666667,36.25,33.66666667,5.449999809,6.599999905,6.699999809,5.599999905"
"521,32401724,0-20 cm,32401724,1,541.3,1149,541.3,1,Cropland,0.132537199,14884.66667,39.64339828,-0.793154001,37.81401347,-2.244533836,0.146495998,37.59640121,12.88370037,35,33.75,36.5,33.91666667,5.5,6.650000095,6.75,5.650000095"
"522,32401732,0-20 cm,32401732,1.3,404,1196,404,1.3,Bareland,0.161224947,14792.45455,56.30960083,-2.910059929,37.8855792,-2.25747052,4.361969948,38.43830109,12.67520046,35.91666667,34.5,37.41666667,34.83333333,5.25,6.449999809,6.550000191,5.349999905"
"523,32461700,0-20 cm,32461700,0.4,133.3,1062,133.3,0.4,Cropland,0.158623262,14786.80435,35.70830154,-3.154589891,37.60788866,-2.139092876,3.738240004,34.99420166,13.33010006,32.58333333,31.25,33.75,31.33333333,6.150000095,7.25,7.349999905,6.25"
"524,32461726,0-20 cm,32461726,1.1,192,1256,192,1.1,Cropland,0.150833213,14810.55556,39.64339828,-0.456681997,37.84056766,-2.180685109,0.897490978,38.03499985,12.57419968,35.58333333,34.25,37,34.33333333,5.25,6.400000095,6.5,5.349999905"
"525,32581696,0-20 cm,32581696,0.9,78.5,928,78.5,0.9,Cropland,0.117293451,14951.3913,38.66130066,0.267293006,37.58918728,-1.999031862,3.827399969,31.92270088,14.37419987,29.83333333,28.5,30.91666667,28.75,7.449999809,8.550000191,8.649999619,7.5"
"526,32441760,0-20 cm,32441760,2.5,143.2,1381,143.2,2.5,Woodland,0.193988824,14627.65217,89.6135025,-0.176080003,38.14179686,-2.258143073,3.107270002,40.59880066,11.77009964,38.25,36.58333333,39.66666667,36.83333333,4.599999905,5.75,5.849999905,4.650000095"
"527,32461748,0-20 cm,32461748,2.3,220.7,1404,220.7,2.3,Shrubland,0.197104365,14741.54348,53.74549866,-2.924139977,38.03737411,-2.21619389,10.53520012,40.85829926,12.0326004,38.33333333,36.83333333,39.83333333,37.16666667,4.800000191,6,6.099999905,4.900000095"
"528,32521732,0-20 cm,32521732,2,119.2,1248,119.2,2,Grassland,0.155560295,14814.65217,43.79029846,-2.678950071,37.90287159,-2.123195765,1.728080034,36.94860077,12.77970028,34.58333333,33.33333333,36,33.41666667,5.599999905,6.75,6.849999905,5.699999809"
"529,32521764,0-20 cm,32521764,0.5,90.1,1257,90.1,0.5,Bareland,0.143068959,14724.21739,57.76720047,-1.693269968,38.1891276,-2.174784567,1.365569949,39.93690109,12.01399994,37.58333333,36.16666667,39.08333333,36.41666667,4.75,6,6.099999905,4.900000095"
"530,32541730,0-20 cm,32541730,0.8,223.2,1199,223.2,0.8,Cropland,0.139464788,14792.97826,37.0243988,-2.251209974,37.88783856,-2.097612653,2.149359941,36.94860077,12.77970028,34.58333333,33.33333333,36,33.41666667,5.599999905,6.75,6.849999905,5.699999809"
"531,32541738,0-20 cm,32541738,1.1,200.6,1072,200.6,1.1,Bareland,0.147234219,14922.5,43.79029846,-2.102740049,37.95942201,-2.110420044,1.944869995,35.27600098,13.43249989,33.25,32,34.41666667,32.16666667,6.199999809,7.349999905,7.449999809,6.25"
"532,32541766,0-20 cm,32541766,2.1,233.4,1247,233.4,2.1,Grassland,0.153105058,14809.63043,57.76720047,0.645153999,38.20989242,-2.155547872,1.305660009,40.03839874,11.88230038,37.83333333,36.33333333,39.16666667,36.5,4.699999809,5.849999905,5.949999809,4.75"
"533,32561746,0-20 cm,32561746,1.1,249.3,1152,249.3,1.1,Cropland,0.181639793,14774.63043,45.99729919,-3.149139881,38.0338609,-2.100839519,5.880119801,37.61449814,12.72210026,35.58333333,34.08333333,36.66666667,34.33333333,5.550000191,6.699999809,6.800000191,5.599999905"
"534,33081708,0-20 cm,33081708,1.5,412.4,243,412.4,1.5,Cropland,0.203633166,15080.62222,27.14360046,3.01680994,37.76599437,-1.459423568,0.335047007,25.03989983,17.36709976,23.58333333,22.66666667,24.66666667,22.75,11.35000038,12.44999981,12.5,11.44999981"
"535,33161724,0-20 cm,33161724,0.6,239.6,374,239.6,0.6,Bareland,0.134079036,15023.26667,26.73430061,-2.955290079,37.92020637,-1.394012703,2.739510059,27.08580017,16.93260002,25.58333333,24.58333333,26.66666667,25,10.69999981,11.80000019,11.89999962,10.80000019"
"536,33301706,0-20 cm,33301706,1.1,390.5,272,390.5,1.1,Bareland,0.144278531,15129.06818,25.05170059,-2.39312005,37.77754145,-1.210411193,1.554780006,24.75530052,17.64940071,23.41666667,22.33333333,24.25,22.66666667,11.60000038,12.69999981,12.80000019,11.75"
"537,33441690,0-20 cm,33441690,0.9,465.4,108,465.4,0.9,Bareland,0.14079714,15130.88889,23.39380074,-1.423889995,37.65241868,-1.030525078,0.448772997,24.04520035,18.58110046,22.33333333,21.33333333,23.25,21.75,12.80000019,13.89999962,13.94999981,12.94999981"
"538,33461700,0-20 cm,33461700,0.4,265.9,119,265.9,0.4,Artificial land,0.191082776,15105.95349,22.77319908,-1.19291997,37.74474878,-1.02267421,0.591573,24.33250046,18.44169998,22.75,21.75,23.66666667,22.08333333,12.55000019,13.60000038,13.69999981,12.64999962"
"539,33481792,0-20 cm,33481792,1.1,543,655,543,1.1,Bareland,0.179232918,14913.8913,34.15449905,-1.94749999,38.57222739,-1.135886376,1.128780007,29.50259972,14.85620022,28.25,27.16666667,29.41666667,27.58333333,8.149999619,9.350000381,9.399999619,8.300000191"
"540,33521706,0-20 cm,33521706,1,397.1,139,397.1,1,Bareland,0.165446195,15063.83333,24.22750092,-1.097149968,37.80637919,-0.964235306,0.414348006,25.48200035,18.23600006,23.91666667,22.91666667,24.83333333,23.25,12.25,13.35000038,13.44999981,12.39999962"
"541,33542032,0-20 cm,33542032,3.3,281.2,1103,281.2,3.3,Shrubland,0.145364741,14766.39024,45.1114006,-2.74093008,40.72705649,-1.442526692,4.192440033,37.61040115,11.7343998,35.25,33.83333333,36,34,5.599999905,6.800000191,6.949999809,5.75"
"542,34182024,0-20 cm,34182024,1.3,61.7,1210,61.7,1.3,Shrubland,0.167258492,14652.70455,69.97570038,-4.091110229,40.73985498,-0.681461154,5.374780178,40.30139923,10.16119957,37.83333333,36.25,38.66666667,36.41666667,4.050000191,5.25,5.349999905,4.150000095"
"543,31002080,0-20 cm,31002080,1.2,221.9,1186,221.9,1.2,Cropland,0.174819791,14674.53333,63.59280014,-1.531630039,40.76214673,-4.49393606,2.153949976,34.25030136,10.85340023,33,32.08333333,33.91666667,32.08333333,4.699999809,5.800000191,5.900000095,4.849999905"
"544,31022078,0-20 cm,31022078,0.5,53.7,1259,53.7,0.5,Grassland,0.194233583,14701.37209,63.59280014,-2.8166399,40.74787074,-4.466534485,1.78441,46.70729828,9.774000168,44.83333333,44,46.08333333,43.75,3.849999905,4.900000095,5,4"
"545,31242076,0-20 cm,31242076,2.7,257.5,1262,257.5,2.7,Grassland,0.195760379,14647.86364,55.2159996,0.868539989,40.76765367,-4.206414009,3.369450092,55.17549896,9.507479668,52.91666667,51.83333333,54.41666667,51.66666667,3.650000095,4.75,4.849999905,3.799999952"
"546,31902066,0-20 cm,31902066,0.9,198.4,931,198.4,0.9,Bareland,0.181395527,14766.17391,37.89110184,-2.909499884,40.78733282,-3.417646692,2.578560114,32.9992981,12.85490036,31.08333333,30.08333333,32,30.33333333,6.449999809,7.550000191,7.699999809,6.599999905"
"547,33202038,0-20 cm,33202038,3.3,408.1,1407,408.1,3.3,Woodland,0.202003829,14598.93333,57.86809921,-2.77463007,40.7334734,-1.849754281,2.699569941,48.6330986,9.933560371,46,44.58333333,46.91666667,44.66666667,4.099999905,5.25,5.400000095,4.25"
"548,33422034,0-20 cm,33422034,2.4,277.1,1347,277.1,2.4,Grassland,0.150448161,14658.18182,59.63779831,0.422145009,40.72846432,-1.586041865,1.507380009,44.36029816,10.33899975,41.66666667,40.33333333,42.66666667,40.5,4.400000095,5.599999905,5.699999809,4.550000191"
"549,34661982,0-20 cm,34661982,4.8,473.6,1087,473.6,4.8,Shrubland,0.212873702,14607.6,73.94850159,-3.493570089,40.42310415,-0.058994748,2.196369886,43.22180176,10.96090031,40.75,39.41666667,41.75,39.08333333,5.25,6.449999809,6.550000191,5.349999905"
"550,34941988,0-20 cm,34941988,2.2,338.4,384,338.4,2.2,Cropland,0.207213992,14834.8913,61.14509964,-3.697720051,40.50987599,0.259152756,5.506979942,42.93999863,15.57209969,40.33333333,38.83333333,41.58333333,38.41666667,10.05000019,11.25,11.35000038,10.19999981"
"551,35021986,0-20 cm,35021986,1.6,573.9,166,573.9,1.6,Cropland,0.200204341,14907.1087,57.25019836,3.666539907,40.50117714,0.355291246,0.942340016,42.85279846,16.6609993,40,38.5,41.41666667,38.16666667,11.25,12.44999981,12.55000019,11.44999981"
"552,28382160,0-10 cm,28382160,2.3,35.8,978,35.8,2.3,Woodland,0.217010011,14714.92683,44.00419998,-3.448849916,40.96569098,-7.722229895,3.625880003,117.9980011,11.72280025,115.6666667,115.3333333,119.1666667,114.5833333,6.900000095,7.849999905,7.949999809,6.949999809"
"553,29482396,0-10 cm,29482396,8.5,106.7,583,106.7,8.5,Woodland,0.279374309,14533.42105,54.59209824,-3.415869951,43.26152295,-7.029371581,4.116680145,106.2360001,11.36120033,102.75,99.25,103.4166667,100.5833333,7.5,8.399999619,8.399999619,7.449999809"
"554,30302136,0-10 cm,30302136,0.9,137.3,891,137.3,0.9,Cropland,0.194112653,14802,51.70819855,-1.19291997,41.132906,-5.430235127,0.621508002,38.47040176,11.97850037,37,36.41666667,37.91666667,36.08333333,5.75,6.849999905,6.900000095,5.849999905"
"555,30362232,0-10 cm,30362232,0.9,181.4,776,181.4,0.9,Cropland,0.157928768,14733.59091,46.11899948,1.331820011,41.99109747,-5.576801225,0.383305013,47.77759933,12.30160046,45.41666667,44.75,46.66666667,44.83333333,6.300000191,7.300000191,7.400000095,6.349999905"
"556,27882298,0-20 cm,27882298,4.1,55.2,185,55.2,4.1,Woodland,0.29210522,14654.65,43.28379822,0.926892996,42.06407222,-8.671696186,3.723059893,144.7079926,13.56459999,142.6666667,140.75,146.0833333,141.8333333,9.850000381,10.75,10.75,9.850000381"
"557,27882384,0-20 cm,27882384,6.2,35.7,194,35.7,6.2,Woodland,0.234728001,14537.62791,58.14680099,-3.182970047,42.81341718,-8.912869219,2.367820024,99.69920349,14.4769001,98.08333333,95.58333333,99.33333333,97.16666667,11.5,12.35000038,12.39999962,11.44999981"
"558,27902332,0-20 cm,27902332,6.8,24.7,162,24.7,6.8,Woodland,0.172368361,14516.63415,52.87889862,-0.874221981,42.36495858,-8.742430239,4.020969868,142.7830048,13.75020027,140.5833333,138.1666667,143.3333333,139.5833333,10.44999981,11.30000019,11.39999962,10.44999981"
"559,27922412,0-20 cm,27922412,7.1,77.6,442,77.6,7.1,Woodland,0.293068267,14593.02703,53.72249985,-3.010620117,43.06614317,-8.945357554,1.608479977,104.6470032,13.09070015,102.8333333,100.0833333,104.0833333,102.0833333,10.05000019,10.85000038,10.94999981,10.05000019"
"560,27962388,0-20 cm,27962388,5.2,43.9,426,43.9,5.2,Woodland,0.251954919,14584.95,58.90439987,-3.641119957,42.86624602,-8.828972496,3.253309965,120.8779984,13.21940041,119.1666667,116.25,120.75,118,10,10.85000038,10.89999962,9.949999809"
"561,27982368,0-20 cm,27982368,2.4,26.8,187,26.8,2.4,Artificial land,0.258627543,14578.97727,52.39519882,-3.685070038,42.69653039,-8.748552828,9.328069687,-9999,-9999,115.75,113,117.5,114.6666667,11.19999981,12.05000019,12.10000038,11.19999981"
"562,28082404,0-20 cm,28082404,8.4,62.4,459,62.4,8.4,Woodland,0.26978179,14583.33333,56.28990173,-1.068570018,43.03246402,-8.731238933,1.567450047,126.9560013,12.5302,125,121.5,126.4166667,123.5833333,9.25,10.10000038,10.14999962,9.25"
"563,28102384,0-20 cm,28102384,4,140.7,100,140.7,4,Grassland,0.236786762,14714.25641,51.07789993,8.739660263,42.8626949,-8.650777142,2.198999882,115.4410019,14.31499958,113.5,110.5,114.8333333,112,11.05000019,11.89999962,12,11.05000019"
"564,28102420,0-20 cm,28102420,5,42.4,247,42.4,5,Woodland,0.288827505,14589.71429,51.28179932,-3.309509993,43.1762671,-8.752898803,7.574470043,95.33899689,13.87580013,93.75,90.91666667,94.5,92.5,11,11.85000038,11.89999962,11"
"565,28142338,0-20 cm,28142338,11.6,168.2,424,168.2,11.6,Shrubland,0.275433347,14653.66667,51.25600052,3.791419983,42.47048879,-8.474975549,3.782550097,150.1000061,12.60910034,147.5,144.5833333,150.3333333,146.0833333,8.600000381,9.550000191,9.550000191,8.600000381"
"566,28162332,0-20 cm,28162332,7.7,56.4,537,56.4,7.7,Grassland,0.252697251,14668.73684,54.72890091,-3.041239977,42.42253976,-8.434749495,2.314699888,148.6600037,12.32139969,145.9166667,143.1666667,148.8333333,144.5833333,8.25,9.149999619,9.199999809,8.25"
"567,28182418,0-20 cm,28182418,6,77.5,329,77.5,6,Woodland,0.270607983,14561.46512,51.1957016,-3.957779884,43.17670889,-8.651346652,4.837009907,104.9909973,13.55720043,103,100.0833333,104.0833333,101.75,10.64999962,11.5,11.55000019,10.64999962"
"568,28222378,0-20 cm,28222378,9.7,72,340,72,9.7,Woodland,0.273263069,14711.91892,49.50299835,-3.642620087,42.83697702,-8.490892704,5.991569996,147.4329987,13.14500046,145.25,141.6666667,147.1666667,143.25,9.699999809,10.55000019,10.60000038,9.649999619"
"569,28262354,0-20 cm,28262354,7.5,121.9,599,121.9,7.5,Woodland,0.30087096,14586.71053,58.79589844,-3.279649973,42.63643594,-8.376691089,6.564099789,152.4700012,12.06919956,150,146.5833333,152.5,148.0833333,8.25,9.100000381,9.199999809,8.25"
"570,28282334,0-20 cm,28282334,5.1,83.7,712,83.7,5.1,Woodland,0.261861794,14579.31707,54.72890091,-2.937619925,42.46625999,-8.298033609,6.585569859,147.3289948,11.37080002,144.5,141.5,147.25,143.0833333,7.050000191,7.949999809,8,7.050000191"
"571,28302308,0-20 cm,28302308,3.5,53,722,53,3.5,Shrubland,0.254296604,14547.38636,47.20429993,-3.816479921,42.24356943,-8.203693472,12.74670029,119.4720001,13.85219955,116.8333333,114.5,119.0833333,116,9.149999619,10.05000019,10.10000038,9.149999619"
"572,28322384,0-20 cm,28322384,7.4,37,338,37,7.4,Woodland,0.291313896,14655.31818,54.61729813,-2.835030079,42.91129856,-8.38830372,0.816614985,147.3200073,13.02740002,144.75,141.1666667,146.9166667,142.8333333,9.550000191,10.39999962,10.5,9.550000191"
"573,28322424,0-20 cm,28322424,10.7,99.6,392,99.6,10.7,Woodland,0.297710089,14544.21951,47.66479874,-3.079560041,43.26003306,-8.500435638,3.951839924,105.1999969,13.32369995,103.25,100.1666667,103.8333333,101.6666667,10.5,11.35000038,11.35000038,10.5"
"574,28382290,0-20 cm,28382290,6.3,126.4,846,126.4,6.3,Artificial land,0.290422385,14530.70732,48.48899841,-2.397919893,42.10356116,-8.060886597,8.032799721,129.6889954,11.19979954,126.75,124.6666667,129.5833333,125.3333333,6.599999905,7.5,7.550000191,6.599999905"
"575,28482404,0-20 cm,28482404,4.2,105.4,400,105.4,4.2,Woodland,0.309027948,14579.5122,52.40710068,-3.40279007,43.12074637,-8.252501044,2.836610079,131.7890015,12.58810043,129.25,125.4166667,130.25,126.8333333,9.300000191,10.10000038,10.14999962,9.199999809"
"576,28542300,0-20 cm,28542300,2.4,335.8,531,335.8,2.4,Cropland,0.283596342,14625.775,46.50439835,-3.512330055,42.22526001,-7.898597983,3.077749968,138.2890015,13.00860023,134.75,132.5,137.75,133.6666667,7.900000095,8.850000381,8.899999619,7.900000095"
"577,28542382,0-20 cm,28542382,4,285,439,285,4,Cropland,0.278704831,14689,53.55950165,-3.189320087,42.94176579,-8.119963987,7.231890202,138.6860046,12.43130016,135.8333333,132.0833333,137.5833333,133.5833333,8.699999809,9.550000191,9.649999619,8.699999809"
"578,28542426,0-20 cm,28542426,5.4,61.6,138,61.6,5.4,Woodland,0.289475829,14596.34091,46.36980057,-3.583019972,43.32573872,-8.241730232,3.50612998,93.62030029,14.15960026,91.58333333,88.5,92.33333333,89.83333333,11.25,12.10000038,12.14999962,11.19999981"
"579,28562376,0-20 cm,28562376,4.2,85.6,437,85.6,4.2,Woodland,0.31453964,14690.75,54.42229843,-1.761719942,42.8936967,-8.079635057,0.448772997,137.0090027,12.65320015,134.0833333,130.5833333,135.8333333,132,8.850000381,9.699999809,9.75,8.850000381"
"580,28562440,0-20 cm,28562440,4.3,53,93,53,4.3,Woodland,0.26775147,14478.88889,52.84989929,2.823960066,43.45220507,-8.256824219,1.207859993,86.5861969,14.08600044,84.91666667,82,85.41666667,83.58333333,11.5,12.35000038,12.44999981,11.5"
"581,28622326,0-20 cm,28622326,1.2,115.2,559,115.2,1.2,Shrubland,0.304338551,14597.95122,49.84719849,-1.47239995,42.46966459,-7.873089943,2.930190086,140.9389954,12.34220028,137.3333333,134.5,140.0833333,135.75,7.550000191,8.449999809,8.550000191,7.550000191"
"582,28742296,0-20 cm,28742296,2.2,62.8,608,62.8,2.2,Woodland,0.28120594,14609.65854,44.55540085,-2.185440063,42.23262181,-7.651527299,1.744220018,150.0240021,12.54920006,146.0833333,143.75,149.5833333,144.5833333,7.550000191,8.449999809,8.550000191,7.550000191"
"583,28762374,0-20 cm,28762374,5,58.4,665,58.4,5,Woodland,0.298972462,14595.02778,47.80939865,-1.637109995,42.91908519,-7.835185497,1.665400028,134.6490021,11.7901001,131.25,127.8333333,132.8333333,129.0833333,7.75,8.649999619,8.699999809,7.75"
"584,28782384,0-20 cm,28782384,2.1,90.9,552,90.9,2.1,Grassland,0.322018363,14668.08108,46.75799942,-2.198529959,43.01073938,-7.838280925,1.842139959,131.0480042,11.87409973,127.75,124,129.1666667,125.5,8,8.899999619,8.899999619,8"
"585,28822460,0-20 cm,28822460,6.2,123.2,406,123.2,6.2,Woodland,0.268123987,14430.33333,57.17850113,1.140859962,43.68302514,-7.998696078,3.552900076,103.2839966,12.37819958,101.5,98,101.5,100.25,9.75,10.60000038,10.64999962,9.75"
"586,28842314,0-20 cm,28842314,4.5,37.3,623,37.3,4.5,Woodland,0.270814991,14541.75,56.05310059,-3.547889948,42.41117609,-7.580243026,5.431540012,145.3529968,12.77040005,141.5833333,138.8333333,144.25,139.6666667,8,8.949999809,9,8"
"587,28842386,0-20 cm,28842386,6.3,179.6,515,179.6,6.3,Grassland,0.293710381,14652.77778,48.23609924,-0.107234001,43.04097366,-7.771814422,0.256969988,127.6490021,12.08819962,124.25,120.8333333,125.75,122.0833333,8.100000381,9,9.050000191,8.100000381"
"588,28862294,0-20 cm,28862294,5.7,54.3,1319,54.3,5.7,Shrubland,0.212074076,14485.275,51.79439926,-2.992039919,42.2402476,-7.504314867,6.962180138,122.7590027,9.663660049,119.0833333,117,121.9166667,117.5,4.699999809,5.650000095,5.699999809,4.75"
"589,28882422,0-20 cm,28882422,8.8,202.3,575,202.3,8.8,Grassland,0.28913504,14607.76923,57.70759964,-1.869480014,43.36406399,-7.821491718,4.562880039,115.6549988,11.92280006,112.9166667,109.3333333,113.5833333,111.0833333,8.399999619,9.25,9.350000381,8.399999619"
"590,28922268,0-20 cm,28922268,1.6,73,1031,73,1.6,Shrubland,0.230324266,14604.09756,36.25709915,-2.919579983,42.02492812,-7.366290708,4.863979816,111.6039963,10.44779968,108.25,106.75,111.0833333,106.9166667,5.300000191,6.25,6.300000191,5.349999905"
"591,28962388,0-20 cm,28962388,2.8,275.8,483,275.8,2.8,Shrubland,0.291309891,14527.45,50.09999847,-3.370510101,43.0838252,-7.633329548,5.251760006,119.0970001,12.46560001,115.8333333,112.3333333,116.9166667,113.4166667,8.649999619,9.550000191,9.600000381,8.649999619"
"592,28962438,0-20 cm,28962438,3.2,43,710,43,3.2,Shrubland,0.250657251,14506.05263,65.11569977,-4.082779884,43.52085848,-7.768727579,7.323019981,111.8649979,11.87360001,109.5833333,105.5833333,109.8333333,107.75,8.699999809,9.550000191,9.550000191,8.649999619"
"593,29002312,0-20 cm,29002312,3.7,58.3,733,58.3,3.7,Woodland,0.211896765,14567.6,58.8871994,-4.327159882,42.42701396,-7.385102902,10.0145998,139.9539948,13.01449966,135.8333333,133.1666667,138.6666667,134.0833333,8.449999809,9.350000381,9.399999619,8.449999809"
"594,29022422,0-20 cm,29022422,3.4,81.9,560,81.9,3.4,Shrubland,0.281623826,14639.71053,56.29940033,-2.883009911,43.39373837,-7.65278511,2.727469921,115.3300018,11.63519955,112.4166667,108.8333333,113,110.5833333,8,8.899999619,8.949999809,8"
"595,29082270,0-20 cm,29082270,3.6,117.8,1123,117.8,3.6,Shrubland,0.191134633,14580.36585,33.77999878,-3.24661994,42.0753887,-7.182503372,4.662230015,105.2870026,10.7972002,102.0833333,100.6666667,104.75,100.5833333,5.349999905,6.300000191,6.349999905,5.349999905"
"596,29082342,0-20 cm,29082342,5.6,157.7,731,157.7,5.6,Woodland,0.320985768,14632.45946,57.81990051,-3.472650051,42.70634398,-7.368023646,7.981080055,125.276001,11.62689972,121.5,118.5833333,123.4166667,119.6666667,7,7.900000095,7.949999809,6.949999809"
"597,29122396,0-20 cm,29122396,3.7,242.4,451,242.4,3.7,Grassland,0.300529664,14638.48649,40.30810165,9.574649811,43.18733759,-7.462585722,0.057460699,111.5849991,12.61289978,108.3333333,105,109.25,106.3333333,8.850000381,9.75,9.850000381,8.850000381"
"598,29122450,0-20 cm,29122450,3,74,87,74,3,Cropland,0.240101934,14467.11111,57.77310181,-3.115360022,43.65955772,-7.607956372,6.670710087,90.53790283,13.9385004,88.58333333,85.33333333,88.58333333,87.33333333,11.30000019,12.14999962,12.19999981,11.25"
"599,29162260,0-20 cm,29162260,3.6,107.4,1084,107.4,3.6,Cropland,0.210027796,14662.59524,41.55659866,-1.808030009,42.0039924,-7.062748973,0.489248008,96.26650238,10.62590027,93.16666667,91.91666667,95.66666667,91.91666667,4.900000095,5.900000095,5.949999809,4.949999809"
"600,29182358,0-20 cm,29182358,2.9,192.8,547,192.8,2.9,Grassland,0.316002802,14530.81081,54.33570099,-3.282299995,42.86714733,-7.290385551,10.73509979,118.2109985,11.79730034,114.4166667,111.25,116,112.3333333,7.400000095,8.25,8.300000191,7.349999905"
"601,29242332,0-20 cm,29242332,3.1,37.8,915,37.8,3.1,Woodland,0.285167332,14535.12195,68.41840363,-3.866410017,42.65168689,-7.151251635,16.62669945,115.2549973,11.0145998,111.3333333,108.6666667,113.1666667,109.5,6.099999905,7,7.050000191,6.099999905"
"602,29262342,0-20 cm,29262342,3.2,101.4,1181,101.4,3.2,Woodland,0.296276138,14438.45,63.0862999,-4.832459927,42.74342044,-7.153191141,14.04759979,118.2630005,9.159799576,114.25,111.25,115.75,112,4.25,5.199999809,5.25,4.25"
"603,29322340,0-20 cm,29322340,5.8,245.3,1205,245.3,5.8,Grassland,0.272994722,14518.73684,63.0862999,-4.331150055,42.73814694,-7.076381715,7.422019958,112.3730011,10.0376997,108.4166667,105.4166667,110.1666667,106.3333333,5,5.949999809,6,5"
"604,29342336,0-20 cm,29342336,7,144.5,1335,144.5,7,Woodland,0.269259572,14482.21053,63.0862999,-4.187329769,42.7071525,-7.042227449,11.86429977,113.5250015,9.315660477,109.5,106.8333333,111.1666667,107.5833333,4.25,5.099999905,5.199999809,4.199999809"
"605,29342404,0-20 cm,29342404,5.2,57.1,331,57.1,5.2,Woodland,0.242614981,14480.02439,55.02830124,-4.180250168,43.30294373,-7.219004823,16.42830086,101.9940033,12.76099968,98.91666667,95.66666667,99.58333333,97.16666667,9.399999619,10.30000019,10.35000038,9.399999619"
"606,29362376,0-20 cm,29362376,5.1,130.5,719,130.5,5.1,Woodland,0.279165873,14537.05405,59.96630096,-3.351789951,43.06180426,-7.121627337,12.25930023,109.5360031,11.63669968,105.75,102.5833333,106.8333333,103.5833333,7.400000095,8.350000381,8.399999619,7.400000095"
"607,29822380,0-20 cm,29822380,7.8,117.9,952,117.9,7.8,Woodland,0.293202476,14559.46154,63.84379959,-3.688659906,43.18949591,-6.578738779,9.394519806,94.25499725,11.29570007,90.58333333,87.41666667,91.25,88.5,7.199999809,8.149999619,8.199999809,7.199999809"
"608,29862388,0-20 cm,29862388,5,206.5,736,206.5,5,Grassland,0.33013708,14512.44186,53.42010117,-3.591919899,43.26763067,-6.550769133,9.147540092,96.64859772,11.03919983,93,89.83333333,93.58333333,91.08333333,7.099999905,8,8.050000191,7.099999905"
"609,30442394,0-20 cm,30442394,3.5,144.1,225,144.1,3.5,Grassland,0.33876973,14637.43902,78.67720032,-2.131279945,43.43277814,-5.864620407,1.330690026,81.4905014,13.10789967,78.66666667,76,78.91666667,77.08333333,9.5,10.39999962,10.5,9.449999809"
"610,30442402,0-20 cm,30442402,7.1,228,215,228,7.1,Grassland,0.307536395,14564.53659,96.8628006,-3.333940029,43.50313774,-5.884158834,11.21860027,82.54039764,13.48400021,79.83333333,76.91666667,79.91666667,78.16666667,10.30000019,11.19999981,11.25,10.25"
"611,30582366,0-20 cm,30582366,7,266.5,1112,266.5,7,Shrubland,0.241627576,14507.02326,80.896698,-3.596689939,43.21274845,-5.627750307,3.837680101,77.91059875,11.16940022,75.08333333,72.5,75.5,73.41666667,6.900000095,7.800000191,7.900000095,6.900000095"
"612,30642354,0-20 cm,30642354,9.1,187.4,690,187.4,9.1,Woodland,0.298733409,14565.09756,81.71949768,-3.846199989,43.11825013,-5.526833422,8.31155014,72.47460175,10.55049992,69.66666667,67.58333333,70.33333333,68.25,5.650000095,6.650000095,6.699999809,5.699999809"
"613,30702378,0-20 cm,30702378,5.5,103.5,348,103.5,5.5,Woodland,0.271779471,14489.45455,94.43190002,-3.675689936,43.34076231,-5.511277432,10.84599972,76.2378006,12.6498003,73.25,71.16666667,73.66666667,72.16666667,8.649999619,9.600000381,9.649999619,8.699999809"
"614,30782390,0-20 cm,30782390,2.8,49.6,75,49.6,2.8,Grassland,0.310555211,14603.11628,93.78050232,2.743860006,43.46126133,-5.442872575,4.180699825,76.8082962,13.66520023,74,71.5,74.33333333,72.75,10.10000038,11,11.05000019,10.05000019"
"615,30442240,0-10 cm,30442240,0.6,120.8,792,120.8,0.6,Cropland,0.177691979,14730.65217,42.27679825,-2.240740061,42.07646614,-5.500400398,1.577419996,46.93740082,12.33180046,44.66666667,43.91666667,45.66666667,44.08333333,6.300000191,7.349999905,7.400000095,6.400000095"
"616,30562176,0-10 cm,30562176,1.3,226.3,767,226.3,1.3,Cropland,0.200834989,14792.97561,50.89429855,-1.068570018,41.53358865,-5.214344239,0.29579401,39.00930023,12.51949978,37.41666667,36.58333333,38.33333333,36.66666667,6.449999809,7.5,7.599999905,6.599999905"
"617,29262270,0-20 cm,29262270,2.4,64.2,1282,64.2,2.4,Shrubland,0.203117512,14544.5,42.30659866,-3.676680088,42.1120145,-6.969757339,7.458889961,99.40260315,9.210960388,96,94.41666667,98.33333333,94.5,3.549999952,4.5,4.550000191,3.549999952"
"618,29402258,0-20 cm,29402258,2.7,116.5,1110,116.5,2.7,Woodland,0.225285458,14522.66667,30.32369995,-1.658810019,42.03481527,-6.774328411,5.426730156,89.70729828,9.18696022,86.5,85.16666667,88.66666667,85.16666667,3.349999905,4.300000191,4.400000095,3.400000095"
"619,29462254,0-20 cm,29462254,3.5,84.8,1142,84.8,3.5,Shrubland,0.192070633,14568.13953,39.72629929,-2.688250065,42.01164484,-6.693554521,1.582119942,78.48329926,10.30080032,75.5,74.5,77.58333333,74.5,4.300000191,5.25,5.300000191,4.300000191"
"620,29482162,0-20 cm,29482162,1,48.2,812,48.2,1,Grassland,0.223044515,14794.68182,42.49000168,-0.862702012,41.20664463,-6.447497878,1.397799969,93.14389801,12.43770027,89.75,89.41666667,93,88.5,6.75,7.800000191,7.849999905,6.900000095"
"621,29522350,0-20 cm,29522350,2.5,72.6,1192,72.6,2.5,Woodland,0.251970264,14439.65,53.4314003,-3.529639959,42.86634924,-6.862826542,11.42780018,116.8310013,7.958950043,112.5,109.3333333,114,110.25,2.900000095,3.799999952,3.900000095,2.900000095"
"622,29542268,0-20 cm,29542268,2.2,76.5,1251,76.5,2.2,Grassland,0.236366067,14476.39024,30.36610031,-3.45065999,42.15052502,-6.633440505,7.78703022,84.96289825,9.558799744,81.66666667,80.41666667,83.58333333,80.5,3.799999952,4.699999809,4.800000191,3.799999952"
"623,29562318,0-20 cm,29562318,3.1,188,527,188,3.1,Woodland,0.265542927,14711.07143,39.53110123,-1.446490049,42.59358453,-6.734069806,0.975892007,88.34259796,12.92479992,84.66666667,82.58333333,85.91666667,83.08333333,7.199999809,8.149999619,8.199999809,7.199999809"
"624,29582280,0-20 cm,29582280,1.7,33.1,1095,33.1,1.7,Woodland,0.178798922,14681.64103,50.57429886,3.059149981,42.26387357,-6.615643046,12.36270046,87.45140076,9.540659904,84.16666667,82.5,86.08333333,82.66666667,3.450000048,4.400000095,4.449999809,3.5"
"625,29702300,0-20 cm,29702300,2.6,170,1169,170,2.6,Shrubland,0.225861731,14434,60.5943985,-3.647900105,42.4632909,-6.522442765,11.44069958,85.75630188,10.23639965,82.33333333,80.41666667,83.83333333,80.66666667,4.25,5.25,5.300000191,4.300000191"
"626,29722186,0-20 cm,29722186,2.2,59.2,777,59.2,2.2,Grassland,0.20118283,14802.95238,41.77090073,-0.695915997,41.46455684,-6.223580016,2.011120081,79.92340088,12.37629986,76.33333333,76,78.91666667,75.25,6.349999905,7.349999905,7.449999809,6.449999809"
"627,29782206,0-20 cm,29782206,3.2,51.8,838,51.8,3.2,Grassland,0.224888169,14705.66667,46.30759811,1.402770042,41.65221642,-6.200412297,1.13823998,72.40609741,11.7894001,69,68.58333333,71.41666667,68.16666667,5.800000191,6.800000191,6.849999905,5.849999905"
"628,29782232,0-20 cm,29782232,1.8,46,1143,46,1.8,Woodland,0.240847389,14463.79545,38.6393013,-2.858530045,41.8810477,-6.26230483,9.383239746,71.61260223,10.44610023,68.5,67.58333333,70.58333333,67.66666667,4.5,5.5,5.550000191,4.550000191"
"629,29842170,0-20 cm,29842170,1.1,91.1,878,91.1,1.1,Cropland,0.222974519,14773.43478,33.02199936,-1.825160027,41.34667503,-6.04551611,0.749153018,75.10299683,12.0369997,72,71.58333333,74.33333333,71,6.050000191,7.050000191,7.150000095,6.099999905"
"630,29842266,0-20 cm,29842266,1.7,65.5,1108,65.5,1.7,Woodland,0.232416521,14523.65909,34.82369995,-2.386519909,42.19179218,-6.27305587,3.521090031,74.96659851,10.05529976,72,70.91666667,73.58333333,70.91666667,4.150000095,5.099999905,5.150000095,4.150000095"
"631,29862340,0-20 cm,29862340,2.1,113.5,1071,113.5,2.1,Woodland,0.208169986,14577.02632,55.59180069,-4.378029823,42.84615864,-6.430431384,11.95849991,95.3443985,9.362730026,91.33333333,88.75,92.5,89.41666667,3.849999905,4.800000191,4.849999905,3.849999905"
"632,29902286,0-20 cm,29902286,2.1,186,1152,186,2.1,Grassland,0.20701162,14682.84091,32.34379959,-2.895200014,42.37932964,-6.250186524,2.488879919,81.90499878,9.723529816,79,77,80.08333333,77.33333333,3.700000048,4.699999809,4.75,3.75"
"633,29962290,0-20 cm,29962290,1.5,100.9,1034,100.9,1.5,Shrubland,0.201748318,14657.53488,32.34379959,-2.103120089,42.42612054,-6.188469035,1.563240051,76.520401,10.57689953,73.33333333,71.91666667,74.66666667,72,4.449999809,5.449999809,5.550000191,4.5"
"634,29962314,0-20 cm,29962314,4.4,70.1,1116,70.1,4.4,Woodland,0.229039897,14533.71795,40.5082016,-4.214240074,42.63717319,-6.246783342,9.040840149,87.72579956,9.455860138,83.91666667,81.83333333,85.16666667,82.33333333,3.650000095,4.599999905,4.650000095,3.650000095"
"635,29982166,0-20 cm,29982166,0.8,92.5,838,92.5,0.8,Grassland,0.205329848,14763.81395,35.50579834,0.275445998,41.33801016,-5.872357382,0.833616018,61.94200134,12.31770039,59.41666667,58.83333333,61.25,58.5,6.300000191,7.349999905,7.400000095,6.400000095"
"636,29982246,0-20 cm,29982246,1.5,128.4,801,128.4,1.5,Cropland,0.210923017,14752.7619,42.1385994,-1.154800057,42.04278576,-6.059310471,0.309432,63.56200027,11.81070042,60.75,59.91666667,62.33333333,59.91666667,5.650000095,6.650000095,6.650000095,5.699999809"
"637,30022122,0-20 cm,30022122,1.5,81.9,886,81.9,1.5,Grassland,0.1581297,14795.34091,53.12210083,-0.920571983,40.9574413,-5.725414988,1.421790004,52.27560043,12.07380009,50.33333333,49.66666667,52,49.33333333,5.900000095,6.949999809,7,6.050000191"
"638,30022296,0-20 cm,30022296,0.8,144.4,1021,144.4,0.8,Bareland,0.1816104,14603.97674,30.6298008,-3.134030104,42.49046823,-6.131490516,2.206480026,76.91290283,10.50090027,73.66666667,71.91666667,74.91666667,72.41666667,4.5,5.5,5.599999905,4.550000191"
"639,30042136,0-20 cm,30042136,0.9,148.4,866,148.4,0.9,Cropland,0.205252921,14731.90909,55.73210144,-1.033550024,41.08471098,-5.733751006,0.872313976,52.04499817,12.15229988,50.16666667,49.5,51.66666667,49.16666667,6.050000191,7.050000191,7.150000095,6.150000095"
"640,30042222,0-20 cm,30042222,1,90.6,779,90.6,1,Grassland,0.167542582,14783.2381,42.42010117,-0.642463982,41.84287479,-5.931815677,0.367922992,61.32659912,12.03950024,58.41666667,57.83333333,60.08333333,57.5,6,7,7.099999905,6.099999905"
"641,30062254,0-20 cm,30062254,0.7,138.9,816,138.9,0.7,Cropland,0.191545862,14708.38636,34.97190094,-3.371700048,42.12849916,-5.983519193,4.683239937,61.51919937,11.61880016,58.66666667,57.83333333,60.16666667,57.83333333,5.400000095,6.400000095,6.449999809,5.449999809"
"642,30062344,0-20 cm,30062344,1.6,88.4,1446,88.4,1.6,Shrubland,0.159597061,14485.4,59.88679886,-1.823220015,42.92028574,-6.200476656,3.536220074,99.02870178,8.011269569,94.91666667,92.16666667,96,92.91666667,2.299999952,3.25,3.299999952,2.349999905"
"643,30082172,0-20 cm,30082172,0.6,101.2,809,101.2,0.6,Cropland,0.184187639,14749.84091,34.99560165,-2.373600006,41.40974345,-5.768964895,1.154790044,56.96720123,12.44659996,54.66666667,54.08333333,56.33333333,53.75,6.449999809,7.449999809,7.550000191,6.550000191"
"644,30082268,0-20 cm,30082268,1.4,61.1,865,61.1,1.4,Grassland,0.177046324,14626.97826,36.26150131,-1.2773,42.25556738,-5.993009939,2.581110001,62.69760132,11.72169971,59.83333333,58.75,61.16666667,58.75,5.5,6.449999809,6.5,5.550000191"
"645,30102128,0-20 cm,30102128,1.1,585.2,858,585.2,1.1,Cropland,0.218701296,14770.70455,54.11700058,0.817103028,41.02531404,-5.645728616,0.887319982,45.05870056,12.25689983,43.16666667,42.75,44.66666667,42.25,6.050000191,7.099999905,7.150000095,6.199999809"
"646,30102228,0-20 cm,30102228,0.7,113.9,814,113.9,0.7,Grassland,0.170037254,14663.37778,35.41939926,-2.239759922,41.90710331,-5.875007187,1.476420045,59.5041008,12.01760006,56.83333333,56,58.16666667,55.75,5.949999809,6.949999809,7.050000191,6.050000191"
"647,30122158,0-20 cm,30122158,0.5,100,934,100,0.5,Woodland,0.192688085,14685.48889,58.16130066,-1.619830012,41.29375318,-5.69017135,0.574588001,52.87030029,11.90499973,50.75,50.08333333,52.5,50.08333333,5.849999905,6.900000095,6.949999809,5.949999809"
"648,30122294,0-20 cm,30122294,1,68.1,996,68.1,1,Cropland,0.186688291,14653.13636,38.27050018,-1.210940003,42.49204907,-6.007467332,0.43948099,71.41139984,11.09920025,68.33333333,66.75,69.41666667,67,4.949999809,5.900000095,6,4.949999809"
"649,30122298,0-20 cm,30122298,1.5,35.8,1025,35.8,1.5,Shrubland,0.195755878,14586.6087,38.27050018,-1.382480025,42.52724931,-6.017058368,0.812561989,75.13569641,10.73670006,71.83333333,70.25,73.08333333,70.58333333,4.650000095,5.599999905,5.699999809,4.650000095"
"650,30142128,0-20 cm,30142128,1,198.8,878,198.8,1,Cropland,0.213757951,14771.86047,56.08819962,0.224607006,41.03274626,-5.599095654,0.809509993,42.67480087,12.13059998,41.08333333,40.41666667,42.33333333,40.16666667,5.900000095,6.949999809,7,6"
"651,30142200,0-20 cm,30142200,0.6,84.6,758,84.6,0.6,Bareland,0.155261844,14764.55556,44.68280029,0.459609002,41.66788209,-5.762822966,0.287301004,56.35309982,12.50020027,53.91666667,53.25,55.41666667,53,6.449999809,7.5,7.550000191,6.550000191"
"652,30142232,0-20 cm,30142232,1,141.2,775,141.2,1,Grassland,0.215149341,14695.93333,35.41939926,-1.91189003,41.94990418,-5.837076123,3.182549953,57.58869934,12.15859985,54.83333333,54.08333333,56.25,54,6.050000191,7.050000191,7.150000095,6.150000095"
"653,30162202,0-20 cm,30162202,0.5,78.7,746,78.7,0.5,Cropland,0.172377466,14806.02439,44.68280029,-0.456681997,41.68926686,-5.743884114,0.203152999,54.69380188,12.48390007,52.33333333,51.5,53.83333333,51.33333333,6.400000095,7.449999809,7.5,6.5"
"654,30162346,0-20 cm,30162346,10.4,149.9,1259,149.9,10.4,Grassland,0.244342412,14427.12195,90.22080231,6.30934,42.95715681,-6.085300908,0.55262202,102.0569992,7.353240013,98.08333333,95.08333333,98.91666667,96.08333333,1.600000024,2.549999952,2.599999905,1.600000024"
"655,30182170,0-20 cm,30182170,0.5,136.8,779,136.8,0.5,Cropland,0.180088585,14758.55814,50.65769958,-2.744240046,41.41080288,-5.647141845,2.469949961,50.19810104,12.35420036,48.25,47.58333333,49.75,47.33333333,6.300000191,7.349999905,7.400000095,6.400000095"
"656,30182224,0-20 cm,30182224,1.5,116.9,787,116.9,1.5,Grassland,0.194183831,14728.51111,40.47669983,-1.976079941,41.88694324,-5.771177481,1.400750041,54.82830048,12.26329994,52.25,51.66666667,53.66666667,51.41666667,6.300000191,7.349999905,7.349999905,6.349999905"
"657,30182314,0-20 cm,30182314,2,88.6,1176,88.6,2,Grassland,0.245532209,14541.5122,50.64820099,-1.818590045,42.67950212,-5.983826339,3.101969957,83.39240265,9.235110283,79.91666667,77.91666667,81.08333333,78.33333333,3.450000048,4.400000095,4.449999809,3.5"
"658,30182326,0-20 cm,30182326,7,135.2,1112,135.2,7,Grassland,0.237532259,14488.19512,55.08010101,5.740910053,42.78508164,-6.012754557,4.533180237,86.83709717,8.757559776,83.41666667,81.08333333,84.33333333,81.5,3.049999952,4.050000191,4.099999905,3.049999952"
"659,30182344,0-20 cm,30182344,3.1,107.3,1355,107.3,3.1,Shrubland,0.199410824,14381.65909,90.22080231,-1.890069962,42.94340906,-6.056406063,5.601789951,98.31330109,7.693130016,94.33333333,91.5,95.33333333,92.41666667,1.899999976,2.849999905,2.900000095,1.950000048"
"660,30202278,0-20 cm,30202278,1.2,114.5,843,114.5,1.2,Cropland,0.254253927,14588.3913,38.04349899,-0.129719004,42.36642049,-5.874058366,0.406302005,58.21760178,11.67730045,55.58333333,54.41666667,56.66666667,54.5,5.650000095,6.599999905,6.650000095,5.699999809"
"661,30222190,0-20 cm,30222190,1.3,375.5,695,375.5,1.3,Cropland,0.230182699,14790.88095,42.53030014,0.809056997,41.59466893,-5.645735502,0.681065023,51.12799835,12.73900032,49,48.33333333,50.25,48.16666667,6.75,7.75,7.849999905,6.800000191"
"662,30222222,0-20 cm,30222222,1.2,142.4,757,142.4,1.2,Grassland,0.179513021,14736.46667,40.56090164,2.564039946,41.87682137,-5.71929119,0.577453017,53.49750137,12.30959988,50.91666667,50.33333333,52.5,50.08333333,6.400000095,7.400000095,7.5,6.5"
"663,30242236,0-20 cm,30242236,4.3,313.8,767,313.8,4.3,Grassland,0.264369964,14690.25,42.0882988,7.186309814,42.003966,-5.728090546,0.128485993,52.98080063,12.29469967,50.41666667,49.66666667,51.83333333,49.58333333,6.300000191,7.349999905,7.349999905,6.349999905"
"664,30242254,0-20 cm,30242254,1.5,241.5,814,241.5,1.5,Cropland,0.225255409,14684.43182,37.74150085,-0.263850987,42.16257923,-5.770043509,0.218803003,54.22240067,12.10639954,51.58333333,50.66666667,52.66666667,50.66666667,6.050000191,7.050000191,7.099999905,6.099999905"
"665,30242300,0-20 cm,30242300,1.1,94.9,977,94.9,1.1,Grassland,0.195373089,14689.45455,44.28279877,-2.659549952,42.56769656,-5.878616451,2.970340014,69.57759857,10.9751997,66.66666667,65,67.75,65.33333333,4.849999905,5.849999905,5.900000095,4.949999809"
"666,30262106,0-20 cm,30262106,0.3,97.7,894,97.7,0.3,Bareland,0.222657388,14684.43478,56.17779922,-1.214859962,40.86060013,-5.410421964,1.171810031,35.37350082,12.08769989,34,33.25,35.08333333,33.16666667,5.650000095,6.75,6.849999905,5.849999905"
"667,30262168,0-20 cm,30262168,0.8,165.6,786,165.6,0.8,Bareland,0.167631621,14855.59524,43.97529984,0.126848996,41.40801221,-5.548783095,1.802790046,46.99319839,12.45800018,45.33333333,44.41666667,46.33333333,44.33333333,6.300000191,7.400000095,7.449999809,6.449999809"
"668,30262322,0-20 cm,30262322,3.9,125.4,1078,125.4,3.9,Cropland,0.213391054,14589.28571,55.08010101,3.799870014,42.76513552,-5.907288142,8.200409889,79.16069794,9.625769615,75.75,73.75,77,74.41666667,3.650000095,4.650000095,4.699999809,3.700000048"
"669,30282128,0-20 cm,30282128,0.9,131.6,900,131.6,0.9,Cropland,0.242510235,14730.20513,52.16759872,2.942310095,41.05858669,-5.435803982,0.784663022,37.14559937,11.88140011,35.75,35.08333333,36.75,34.75,5.650000095,6.699999809,6.800000191,5.800000191"
"670,30282228,0-20 cm,30282228,0.7,101.4,768,101.4,0.7,Cropland,0.190678832,14666.28889,39.60100174,0.137952,41.94093423,-5.66224011,1.697270036,50.73799896,12.31980038,48.25,47.5,49.66666667,47.5,6.400000095,7.449999809,7.449999809,6.449999809"
"671,30302208,0-20 cm,30302208,0.7,101,745,101,0.7,Cropland,0.17974194,14784.5,42.97850037,2.448410034,41.76830727,-5.592655093,0.327573001,49.7057991,12.55659962,47.41666667,46.83333333,48.75,46.66666667,6.599999905,7.650000095,7.650000095,6.650000095"
"672,30302240,0-20 cm,30302240,0.8,69.3,813,69.3,0.8,Cropland,0.180212964,14777.64444,42.0882988,-1.193650007,42.05045074,-5.666318532,1.855960011,50.58739853,12.38329983,48.08333333,47.25,49.16666667,47.25,6.25,7.25,7.349999905,6.349999905"
"673,30302248,0-20 cm,30302248,1,158.7,823,158.7,1,Shrubland,0.169242801,14763.38636,44.99940109,3.786390066,42.12096195,-5.684879206,0.414348006,51.68479919,12.2840004,49.08333333,48.33333333,50.25,48.33333333,6.099999905,7.099999905,7.199999809,6.199999809"
"674,30302288,0-20 cm,30302288,1.3,175.5,918,175.5,1.3,Cropland,0.233141164,14628.47727,38.68209839,3.619590044,42.47337025,-5.778563872,0.349514991,54.9620018,11.5340004,52.75,51.33333333,53.41666667,51.58333333,5.449999809,6.449999809,6.5,5.5"
"675,30302302,0-20 cm,30302302,1.6,66.4,934,66.4,1.6,Grassland,0.238207558,14611.42222,44.28279877,0.563428998,42.59665505,-5.811704365,0.406302005,61.99129868,11.03670025,59.41666667,57.91666667,60.41666667,58.33333333,5,5.949999809,6,5.050000191"
"676,30322206,0-20 cm,30322206,0.8,165.2,748,165.2,0.8,Cropland,0.181545978,14815.67442,42.97850037,2.268179893,41.75437996,-5.564496167,0.203152999,48.48490143,12.50319958,46.16666667,45.41666667,47.41666667,45.5,6.550000191,7.550000191,7.650000095,6.650000095"
"677,30322278,0-20 cm,30322278,1.2,259.3,882,259.3,1.2,Cropland,0.224102991,14614.4,42.4408989,0.348037004,42.3890486,-5.731185315,0.128485993,52.11840057,11.72369957,49.83333333,48.58333333,50.75,48.91666667,5.599999905,6.599999905,6.699999809,5.650000095"
"678,30322286,0-20 cm,30322286,1.3,166.7,911,166.7,1.3,Cropland,0.243753135,14624.31818,42.4408989,-0.934436977,42.45951816,-5.749999425,0.203152999,52.4776001,11.7258997,50.33333333,49,50.91666667,49.33333333,5.550000191,6.5,6.599999905,5.550000191"
"679,30342282,0-20 cm,30342282,1.1,147,891,147,1.1,Cropland,0.221991977,14641.27273,42.4408989,4.036920071,42.42803892,-5.716750423,0.260163009,52.08039856,11.7052002,49.83333333,48.58333333,50.66666667,48.83333333,5.599999905,6.599999905,6.650000095,5.650000095"
"680,30362152,0-20 cm,30362152,0.7,157,779,157,0.7,Cropland,0.196540758,14798,48.29119873,-1.038259983,41.28519513,-5.395686353,0.454257011,38.71900177,12.51130009,37.25,36.58333333,38.16666667,36.5,6.300000191,7.349999905,7.400000095,6.400000095"
"681,30362188,0-20 cm,30362188,1.5,297.1,804,297.1,1.5,Cropland,0.178754733,14842.06977,46.46640015,-0.177809998,41.602973,-5.476489329,1.471390009,45.44260025,12.34869957,43.58333333,42.75,44.66666667,42.75,6.349999905,7.349999905,7.449999809,6.449999809"
"682,30362254,0-20 cm,30362254,0.7,140.2,834,140.2,0.7,Cropland,0.177944264,14708.91304,44.99940109,-1.555850029,42.18504831,-5.62760925,1.624799967,50.26169968,12.2177,48,46.91666667,48.91666667,47,6.050000191,7.050000191,7.150000095,6.099999905"
"683,30362296,0-20 cm,30362296,1.1,110.8,980,110.8,1.1,Grassland,0.183501324,14717.65217,33.54150009,-1.847949982,42.5551123,-5.725836853,0.528186023,53.73460007,11.45950031,51.5,50.41666667,52.33333333,50.5,5.099999905,6.099999905,6.199999809,5.150000095"
"684,30382104,0-20 cm,30382104,0.8,191.6,934,191.6,0.8,Cropland,0.195171637,14735.51163,56.55789948,-0.538496017,40.86481354,-5.266416142,0.902077019,35.25329971,11.81169987,33.91666667,33.16666667,35,33,5.5,6.550000191,6.650000095,5.650000095"
"685,30382148,0-20 cm,30382148,0.7,215.4,781,215.4,0.7,Cropland,0.202379656,14790.72727,48.29119873,5.490680218,41.25353389,-5.363368626,0.385452002,38.01319885,12.58769989,36.66666667,35.91666667,37.5,35.75,6.349999905,7.400000095,7.449999809,6.449999809"
"686,30402232,0-20 cm,30402232,0.9,98.3,784,98.3,0.9,Cropland,0.181284933,14760.97778,46.11899948,-1.98368001,41.99851485,-5.529445281,0.490931988,46.80939865,12.29349995,44.66666667,43.91666667,45.66666667,43.91666667,6.25,7.300000191,7.349999905,6.300000191"
"687,30422164,0-20 cm,30422164,0.2,55.4,793,55.4,0.2,Bareland,0.156788654,14831.04762,43.76029968,-1.087679982,41.40213513,-5.35210928,1.799129963,39.67409897,12.43299961,38.25,37.33333333,39,37.33333333,6.300000191,7.349999905,7.400000095,6.400000095"
"688,30422198,0-20 cm,30422198,1.3,289.1,753,289.1,1.3,Cropland,0.158750049,14867.92308,43.6908989,0.195931002,41.70226358,-5.428426464,0.327573001,44.35380173,12.48340034,42.41666667,41.66666667,43.5,41.5,6.550000191,7.599999905,7.650000095,6.650000095"
"689,30422296,0-20 cm,30422296,1.8,135.2,930,135.2,1.8,Grassland,0.193098944,14716.35556,33.64509964,2.835289955,42.56635162,-5.654171058,0.574588001,46.50139999,12.00469971,44.66666667,43.41666667,45.33333333,43.75,5.599999905,6.599999905,6.699999809,5.650000095"
"690,30422300,0-20 cm,30422300,1.7,82.8,996,82.8,1.7,Shrubland,0.177950778,14649.08696,33.64509964,-1.267150044,42.60158944,-5.663571589,1.312590003,47.60779953,11.86120033,45.83333333,44.5,46.41666667,44.75,5.550000191,6.5,6.550000191,5.550000191"
"691,30442322,0-20 cm,30442322,3.4,104.8,1117,104.8,3.4,Grassland,0.241921678,14479.95122,62.21080017,-3.209369898,42.79910593,-5.691561374,2.770580053,75.30090332,9.125849724,72.33333333,70.5,73.25,71.08333333,3.400000095,4.449999809,4.5,3.450000048"
"692,30462110,0-20 cm,30462110,0.7,178.4,932,178.4,0.7,Cropland,0.206802889,14768.36585,54.3647995,-0.530892015,40.93233139,-5.186353593,0.256969988,33.83499908,11.83430004,32.66666667,31.75,33.41666667,31.83333333,5.5,6.550000191,6.650000095,5.650000095"
"693,30482108,0-20 cm,30482108,0.5,98.6,946,98.6,0.5,Cropland,0.200077183,14713.2,54.3647995,-0.555195987,40.91826065,-5.158704037,0.490931988,33.91759872,11.78960037,32.75,31.83333333,33.58333333,31.83333333,5.5,6.599999905,6.650000095,5.650000095"
"694,30482140,0-20 cm,30482140,0.4,85.9,833,85.9,0.4,Cropland,0.202088096,14750.48837,50.50780106,-1.720350027,41.20107183,-5.228661394,1.035770059,34.97980118,12.29469967,33.75,32.91666667,34.66666667,32.91666667,6.050000191,7.099999905,7.199999809,6.199999809"
"695,30482230,0-20 cm,30482230,1,145.7,809,145.7,1,Cropland,0.18769673,14742.90909,49.19609833,2.139800072,41.99563972,-5.430144559,0.448772997,45.1629982,12.30370045,43,42.33333333,44.08333333,42.16666667,6.25,7.300000191,7.300000191,6.300000191"
"696,30482324,0-20 cm,30482324,4,222.6,1073,222.6,4,Woodland,0.237871888,14456.13953,62.21080017,-1.732879996,42.82420802,-5.648319607,13.40569973,65.17150116,10.22249985,62.75,60.91666667,63.41666667,61.33333333,4.400000095,5.400000095,5.449999809,4.449999809"
"697,30482334,0-20 cm,30482334,3.6,225,1394,225,3.6,Grassland,0.2114788,14483.275,61.75749969,-4.830699921,42.91227491,-5.672011219,17.37360001,80.37290192,8.631640434,77.41666667,75.25,78.08333333,75.66666667,2.849999905,3.799999952,3.900000095,2.900000095"
"698,30502124,0-20 cm,30502124,0.6,120.8,864,120.8,0.6,Cropland,0.220516563,14736.59091,46.3927002,-1.572759986,41.06329825,-5.170226062,0.363407999,33.97249985,12.08699989,32.83333333,31.83333333,33.66666667,32,5.849999905,6.900000095,7,6"
"699,30502182,0-20 cm,30502182,0.8,183.3,755,183.3,0.8,Bareland,0.163416647,14869.36585,50.89429855,-0.709849,41.57567113,-5.298276241,1.261970043,40.65790176,12.51060009,39.08333333,38.16666667,40,38.33333333,6.5,7.550000191,7.550000191,6.550000191"
"700,30502286,0-20 cm,30502286,1.5,164.4,836,164.4,1.5,Woodland,0.245484355,14672,53.52659988,1.041180015,42.49312796,-5.535275757,0.207176998,45.1053009,12.26830006,43.16666667,42.08333333,44,42.33333333,6.050000191,7,7.050000191,6.099999905"
"701,30502304,0-20 cm,30502304,1.5,102.8,974,102.8,1.5,Cropland,0.20940928,14652.23913,52.48479843,-1.886059999,42.65175234,-5.577289522,3.376029968,48.37559891,11.75990009,46.58333333,45.25,47.16666667,45.5,5.550000191,6.5,6.550000191,5.599999905"
"702,30522198,0-20 cm,30522198,0.7,117.9,772,117.9,0.7,Cropland,0.183587264,14777,53.03580093,-2.403000116,41.7205767,-5.310527049,1.546800017,41.64749908,12.32059956,39.75,39.08333333,40.91666667,38.91666667,6.400000095,7.449999809,7.550000191,6.550000191"
"703,30522274,0-20 cm,30522274,1.3,220.9,841,220.9,1.3,Cropland,0.187255296,14658.31111,53.06850052,-0.233538002,42.39104993,-5.483600631,1.26522994,44.72769928,12.11359978,42.91666667,41.75,43.58333333,41.91666667,6,7,7.099999905,6.050000191"
"704,30542182,0-20 cm,30542182,1.3,474.3,782,474.3,1.3,Cropland,0.207087372,14877.2381,50.89429855,-1.555289984,41.58294916,-5.251206361,0.77620399,39.88439941,12.47109985,38.33333333,37.41666667,39.25,37.5,6.449999809,7.5,7.550000191,6.550000191"
"705,30542196,0-20 cm,30542196,0.9,119.6,794,119.6,0.9,Cropland,0.208739068,14768.43902,53.87590027,-1.707399964,41.70656563,-5.282460851,0.564444005,42.08679962,12.03999996,40.25,39.58333333,41.33333333,39.33333333,6.050000191,7.150000095,7.150000095,6.150000095"
"706,30562152,0-20 cm,30562152,0.3,95,790,95,0.3,Cropland,0.173812913,14799.19048,47.37469864,-1.091560006,41.32156917,-5.161360305,0.272558004,35.35219955,12.49670029,34,33.16666667,34.91666667,33.25,6.300000191,7.349999905,7.400000095,6.400000095"
"707,30562158,0-20 cm,30562158,0.6,125.2,780,125.2,0.6,Cropland,0.156757705,14830.15556,48.68840027,1.086380005,41.37458224,-5.174559965,1.096899986,36.85089874,12.49139977,35.5,34.66666667,36.33333333,34.75,6.300000191,7.349999905,7.449999809,6.449999809"
"708,30562216,0-20 cm,30562216,0.7,72.7,762,72.7,0.7,Cropland,0.199189153,14761.77273,52.42139816,-0.476292014,41.88676054,-5.303760062,0.162523001,42.08729935,12.41320038,40.25,39.41666667,41.08333333,39.33333333,6.550000191,7.550000191,7.650000095,6.599999905"
"709,30562306,0-20 cm,30562306,1.1,51.3,1066,51.3,1.1,Woodland,0.218514465,14622.74419,57.74739838,-3.434600115,42.68051456,-5.510155436,1.952909946,50.51079941,11.36979961,48.66666667,47.33333333,49.16666667,47.66666667,5.199999809,6.199999809,6.25,5.25"
"710,30582240,0-20 cm,30582240,0.6,104.5,838,104.5,0.6,Cropland,0.156441361,14794.64444,55.05469894,-0.822866023,42.10220832,-5.334357484,0.55262202,43.29669952,12.24680042,41.33333333,40.41666667,42.16666667,40.66666667,6.150000095,7.150000095,7.25,6.25"
"711,30622096,0-20 cm,30622096,0.5,115.1,1029,115.1,0.5,Bareland,0.197760145,14703.40909,60.92010117,0.0918843,40.83722206,-4.96981272,0.599884987,33.92869949,11.58870029,32.75,32,33.58333333,31.83333333,5.349999905,6.449999809,6.449999809,5.449999809"
"712,30622150,0-20 cm,30622150,0.6,139.2,797,139.2,0.6,Cropland,0.20151809,14789.23256,47.37469864,3.056090117,41.31469819,-5.086641471,0.128485993,34.82500076,12.41539955,33.5,32.83333333,34.25,32.66666667,6.150000095,7.199999809,7.300000191,6.300000191"
"713,30622276,0-20 cm,30622276,0.9,104.6,888,104.6,0.9,Cropland,0.171449577,14710.85714,53.06850052,0.0404443,42.42709809,-5.368995362,0.218803003,44.32789993,12.05860043,42.5,41.41666667,43.16666667,41.75,5.800000191,6.849999905,6.900000095,5.900000095"
"714,30642228,0-20 cm,30642228,0.8,133.4,817,133.4,0.8,Cropland,0.184665692,14761.81818,48.98550034,0.0329003,42.00724468,-5.236087746,0.887319982,41.15919876,12.25489998,39.25,38.41666667,40.08333333,38.58333333,6.25,7.25,7.300000191,6.300000191"
"715,30642236,0-20 cm,30642236,1.9,424.2,775,424.2,1.9,Cropland,0.168561453,14803.36585,48.98550034,-1.149829984,42.07785526,-5.2541206,0.287301004,41.69010162,12.39360046,39.75,38.83333333,40.5,39,6.400000095,7.400000095,7.449999809,6.449999809"
"716,30642296,0-20 cm,30642296,2.6,350.4,886,350.4,2.6,Cropland,0.225971505,14641.57143,41.47840118,-2.283309937,42.60712931,-5.391194112,1.458439946,46.52880096,11.71189976,44.75,43.5,45.33333333,43.75,5.550000191,6.550000191,6.599999905,5.599999905"
"717,30662168,0-20 cm,30662168,1,365.9,722,365.9,1,Cropland,0.209991653,14731.93023,49.67559814,0.348037004,41.4809536,-5.079121304,0.203152999,36.07939911,12.51469994,34.66666667,33.83333333,35.33333333,33.83333333,6.400000095,7.5,7.5,6.5"
"718,30662208,0-20 cm,30662208,1.2,352.6,806,352.6,1.2,Cropland,0.190289963,14780.2619,52.09740067,-0.934436977,41.834295,-5.167618223,0.872313976,40.23009872,12.23330021,38.41666667,37.66666667,39.25,37.58333333,6.349999905,7.400000095,7.5,6.449999809"
"719,30682308,0-20 cm,30682308,0.7,67.1,962,67.1,0.7,Shrubland,0.226077285,14605.18182,52.47890091,-2.211090088,42.72027567,-5.371073278,3.955780029,51.55369949,10.85589981,49.58333333,48.25,50.08333333,48.66666667,4.949999809,5.949999809,6,5"
"720,30722152,0-20 cm,30722152,0.6,298.7,844,298.7,0.6,Cropland,0.154698049,14792.37778,48.05929947,-2.662719965,41.35027184,-4.973726644,0.694266021,35.2010994,12.32059956,33.58333333,33,34.58333333,32.91666667,6.050000191,7.099999905,7.150000095,6.150000095"
"721,30722254,0-20 cm,30722254,1.1,161,844,161,1.1,Cropland,0.164871276,14750.52273,55.42240143,-1.349220037,42.25124854,-5.199751799,0.94757998,42.0646019,12.14480019,40.41666667,39.5,41,39.5,6.050000191,7.050000191,7.099999905,6.099999905"
"722,30722268,0-20 cm,30722268,0.9,66.4,915,66.4,0.9,Cropland,0.164299926,14709.88636,53.23279953,-0.691684008,42.374791,-5.231487391,0.309432,43.5387001,11.93760014,41.66666667,40.58333333,42.41666667,40.83333333,5.75,6.75,6.849999905,5.800000191"
"723,30742170,0-20 cm,30742170,0.5,156.7,748,156.7,0.5,Grassland,0.17159338,14843.13636,55.17639923,-0.934436977,41.51295442,-4.989439321,0.207176998,36.46680069,12.47840023,34.75,34.16666667,35.75,34,6.349999905,7.400000095,7.449999809,6.449999809"
"724,30782134,0-20 cm,30782134,1.3,371.3,798,371.3,1.3,Bareland,0.181013325,14801.4186,47.26010132,4.498320103,41.2017551,-4.864534144,0.146495998,32.957901,12.27900028,31.5,30.91666667,32.41666667,30.66666667,5.949999809,7.050000191,7.099999905,6.099999905"
"725,30782138,0-20 cm,30782138,0.7,163.6,792,163.6,0.7,Cropland,0.197738924,14822.44186,47.26010132,1.734330058,41.23713468,-4.873130866,0.181705996,33.26190186,12.33090019,31.83333333,31.16666667,32.75,30.91666667,5.949999809,7.050000191,7.099999905,6.099999905"
"726,30782210,0-20 cm,30782210,0.9,225.3,795,225.3,0.9,Cropland,0.194407412,14719.18605,54.92990112,-1.215620041,41.87355893,-5.030183458,1.90158999,39.18019867,12.04749966,37.33333333,36.83333333,38.25,36.66666667,6.099999905,7.150000095,7.25,6.150000095"
"727,30782218,0-20 cm,30782218,1,150.2,791,150.2,1,Cropland,0.202312524,14785.1,49.9701004,-0.129718006,41.94422513,-5.047908125,0.207176998,39.62810135,12.17090034,37.91666667,37,38.58333333,37.08333333,6.199999809,7.300000191,7.300000191,6.300000191"
"728,30782234,0-20 cm,30782234,1.2,162.7,870,162.7,1.2,Cropland,0.193962432,14758.16667,50.81829834,-0.934436977,42.08552905,-5.083524891,0.528186023,40.3504982,12.02509975,38.66666667,37.75,39.33333333,37.83333333,6.050000191,7.050000191,7.099999905,6.099999905"
"729,30802150,0-20 cm,30802150,0.6,60.2,813,60.2,0.6,Cropland,0.161549859,14819.62222,49.0848999,-0.815602005,41.34680435,-4.875535608,1.390699983,35.22219849,12.23840046,33.58333333,32.83333333,34.58333333,32.83333333,5.900000095,6.949999809,7.050000191,6.050000191"
"730,30822210,0-20 cm,30822210,1.5,328.6,809,328.6,1.5,Cropland,0.210582023,14795.8,54.92990112,6.435959816,41.88071546,-4.982865164,0.040630799,38.21260071,12.0802002,36.33333333,36,37.25,35.83333333,6.099999905,7.150000095,7.25,6.150000095"
"731,30842162,0-20 cm,30842162,0.6,217.4,796,217.4,0.6,Grassland,0.158218131,14815.02326,36.42100143,-2.840500116,41.46000247,-4.854474162,1.38654995,35.7635994,12.34000015,34.25,33.5,35.08333333,33.33333333,5.949999809,7.050000191,7.099999905,6.099999905"
"732,30842222,0-20 cm,30842222,1,171.6,817,171.6,1,Cropland,0.193786911,14735.33333,49.9701004,-0.208621994,41.99030284,-4.98569335,0.383305013,38.23139954,12.1576004,36.33333333,35.91666667,37.25,35.83333333,6.199999809,7.300000191,7.300000191,6.300000191"
"733,30842234,0-20 cm,30842234,1.3,168.7,820,168.7,1.3,Bareland,0.206114623,14729.23256,55.73080063,0.00146365,42.09629907,-5.012309505,0.172381997,39.10139847,12.04870033,37.41666667,36.66666667,38.08333333,36.75,6.050000191,7.050000191,7.150000095,6.150000095"
"734,30862182,0-20 cm,30862182,1.6,290.3,904,290.3,1.6,Bareland,0.19078447,14735.33333,60.19409943,3.455339909,41.6403761,-4.874297406,0.128485993,38.5182991,11.87959957,36.83333333,36,37.75,36.08333333,5.75,6.800000191,6.900000095,5.900000095"
"735,30882342,0-20 cm,30882342,4.5,130.8,1424,130.8,4.5,Grassland,0.191888409,14447.27027,82.65019989,-2.010250092,43.05659795,-5.209411924,8.754940033,92.64420319,6.824379921,89.25,86.66666667,90,87.83333333,1.399999976,2.400000095,2.450000048,1.399999976"
"736,30902164,0-20 cm,30902164,0.6,170.4,755,170.4,0.6,Cropland,0.173029342,14790.93023,36.42100143,0.162255004,41.48828206,-4.788239767,0.672528982,34.87099838,12.44769955,33.33333333,32.5,34.16666667,32.5,6.050000191,7.150000095,7.150000095,6.150000095"
"737,30902260,0-20 cm,30902260,1.1,113.4,871,113.4,1.1,Cropland,0.193798208,14712.95349,60.20119858,-1.935179949,42.33665193,-4.998916951,1.093129992,42.53530121,11.73320007,40.91666667,39.83333333,41.5,40.25,5.699999809,6.699999809,6.800000191,5.75"
"738,30922224,0-20 cm,30922224,1.4,346.5,812,346.5,1.4,Cropland,0.203108384,14704.97674,50.04759979,1.339679956,42.02222796,-4.895262893,0.243783996,37.34469986,12.13669968,35.58333333,35,36.41666667,35,6.150000095,7.150000095,7.199999809,6.199999809"
"739,30922278,0-20 cm,30922278,3.1,173.9,896,173.9,3.1,Cropland,0.189253089,14678.86047,55.87969971,-0.375422001,42.4991596,-5.015416811,0.385452002,44.06719971,11.6697998,42.41666667,41.33333333,42.75,41.66666667,5.599999905,6.650000095,6.699999809,5.699999809"
"740,30942294,0-20 cm,30942294,1.7,396.1,951,396.1,1.7,Cropland,0.19083634,14662.37209,45.28089905,1.37590003,42.64398395,-5.027561423,0.128485993,48.94400024,10.96640015,47.08333333,45.91666667,47.75,46.33333333,5,6,6.099999905,5.050000191"
"741,30942340,0-20 cm,30942340,6.3,128.9,1206,128.9,6.3,Grassland,0.232400065,14476.60526,89.95359802,-1.848109961,43.04984489,-5.132472181,2.478270054,76.92050171,8.334569931,73.91666667,72,74.75,72.91666667,2.75,3.799999952,3.849999905,2.799999952"
"742,30962308,0-20 cm,30962308,0.9,48.3,1141,48.3,0.9,Cropland,0.20915922,14665.89744,58.48799896,-2.035870075,42.77113547,-5.035286009,5.254710197,55.74250031,10.25669956,53.83333333,52.08333333,54.33333333,52.83333333,4.400000095,5.449999809,5.5,4.449999809"
"743,30982250,0-20 cm,30982250,1.5,185.3,875,185.3,1.5,Cropland,0.202954986,14718.54762,57.35860062,-1.637109995,42.26259653,-4.881370248,0.98347199,40.92959976,11.71930027,39.41666667,38.33333333,39.91666667,38.66666667,5.699999809,6.699999809,6.75,5.75"
"744,31062246,0-20 cm,31062246,1.2,257.4,875,257.4,1.2,Cropland,0.200312734,14712.59524,55.97249985,-2.049860001,42.24141317,-4.777305093,1.577419996,38.55139923,11.84780025,37.08333333,36.33333333,37.83333333,36.33333333,5.849999905,6.849999905,6.949999809,5.900000095"
"745,31062274,0-20 cm,31062274,2,59.2,1003,59.2,2,Grassland,0.191158039,14566.91111,40.09180069,-0.652702987,42.4887931,-4.839178554,0.335047007,45.19189835,10.83829975,43.41666667,42.5,44.08333333,42.75,4.949999809,6,6.050000191,5.050000191"
"746,31102296,0-20 cm,31102296,1.4,40.6,1130,40.6,1.4,Cropland,0.186030186,14514.56818,53.91830063,-0.783676982,42.69018755,-4.840321609,1.04843998,53.63529968,9.956330299,51.83333333,50.33333333,52.33333333,50.83333333,4.199999809,5.199999809,5.25,4.25"
"747,31102302,0-20 cm,31102302,1.6,99.9,1181,99.9,1.6,Cropland,0.205772379,14529.87805,53.91830063,-2.195760012,42.74317114,-4.853746367,0.77620399,55.4756012,9.79668045,53.75,52.16666667,54.16666667,52.58333333,4.050000191,5.050000191,5.099999905,4.099999905"
"748,27722242,0-20 cm,27722242,4.1,220.2,122,220.2,4.1,Cropland,0.274511736,14760.88095,45.54859924,-0.107234001,41.53997645,-8.705776471,1.207859993,127.3089981,14.41740036,125.9166667,124.5833333,129.1666667,125.5,11.19999981,12.10000038,12.14999962,11.19999981"
"749,27782284,0-20 cm,27782284,3,106.3,130,106.3,3,Grassland,0.275219184,14548.51163,43.520401,-3.104439974,41.91971201,-8.75063462,4.592909813,128.2319946,14.44439983,126.75,124.6666667,129.75,126,11.10000038,11.94999981,12.05000019,11.10000038"
"750,27922244,0-20 cm,27922244,2.4,333.7,85,333.7,2.4,Grassland,0.25883302,14793.90698,47.76789856,4.023920059,41.60164597,-8.477583325,0.655124009,123.7279968,14.80659962,122.4166667,120.8333333,125.5,122,11.19999981,12.10000038,12.14999962,11.19999981"
"751,27982170,0-20 cm,27982170,4.9,62.6,421,62.6,4.9,Cropland,0.235463031,14607.05,46.09970093,-1.630470037,40.96790225,-8.211525863,7.055109978,117.7679977,13.51650047,116.6666667,116.1666667,120.1666667,115.75,9.300000191,10.19999981,10.30000019,9.300000191"
"752,28022250,0-20 cm,28022250,1.3,49.6,144,49.6,1.3,Shrubland,0.272452825,14764,44.29970169,-3.80328989,41.6759665,-8.376746755,5.863210201,121.1600037,14.52130032,119.5,118.0833333,122.8333333,119.1666667,10.64999962,11.60000038,11.64999962,10.69999981"
"753,28042176,0-20 cm,28042176,6.6,68.6,968,68.6,6.6,Shrubland,0.214371117,14587.70732,38.09109879,-4.054200172,41.03335579,-8.157644417,16.58849907,124.4639969,12.24540043,122.9166667,122.3333333,126.25,121.6666667,7.900000095,8.800000191,8.899999619,7.900000095"
"754,28062190,0-20 cm,28062190,2,40.9,321,40.9,2,Woodland,0.24138869,14693.60465,43.90159988,-4.210040092,41.16015511,-8.171007081,10.08129978,112.9929962,13.86690044,111.8333333,111.3333333,115.25,111,9.75,10.69999981,10.75,9.800000191"
"755,28262288,0-20 cm,28262288,6.5,127.3,1112,127.3,6.5,Shrubland,0.24053972,14658.69231,57.37220001,-4.043360233,42.06017685,-8.19698605,15.03779984,131.5670013,10.3774004,128.4166667,126.5,131.6666667,127.0833333,5.849999905,6.75,6.800000191,5.849999905"
"756,28442182,0-20 cm,28442182,1.8,191.6,587,191.6,1.8,Cropland,0.207809814,14775.66667,41.33710098,-3.568170071,41.17111856,-7.708574104,5.492450237,105.6110001,13.83279991,103.5833333,103.25,106.8333333,102.4166667,9.649999619,10.60000038,10.64999962,9.649999619"
"757,28482206,0-20 cm,28482206,3.3,38.8,941,38.8,3.3,Shrubland,0.216153974,14764.2439,38.18560028,-3.763060093,41.38981111,-7.723445629,9.576620102,107.9410019,11.08440018,105.3333333,104.5,108.3333333,104,6.349999905,7.300000191,7.349999905,6.400000095"
"758,28542144,0-20 cm,28542144,2.5,62.9,669,62.9,2.5,Cropland,0.204199864,14681.86047,43.48149872,-3.338730097,40.85885734,-7.496487261,6.714300156,112.2480011,12.53709984,109.5,109.3333333,113.3333333,108.3333333,7.800000191,8.850000381,8.899999619,7.900000095"
"759,28542192,0-20 cm,28542192,3.1,55.2,869,55.2,3.1,Bareland,0.196255182,14698.85714,33.74760056,-3.046109915,41.27974826,-7.617644148,4.84664011,101.7730026,12.4236002,99.41666667,98.91666667,102.5833333,98.25,7.849999905,8.850000381,8.899999619,7.949999809"
"760,28542246,0-20 cm,28542246,4.8,59.6,936,59.6,4.8,Grassland,0.213720333,14444.33333,44.68220139,-1.391080022,41.75276262,-7.756650142,8.436559677,107.9150009,10.94769955,104.9166667,103.75,107.9166667,103.9166667,6.25,7.199999809,7.25,6.25"
"761,28562254,0-20 cm,28562254,3.4,68.1,1059,68.1,3.4,Shrubland,0.244967959,14601.19512,45.94829941,-3.133179903,41.82702424,-7.753991213,2.770580053,104.8320007,10.45699978,101.75,100.5,104.5833333,100.5,5.75,6.699999809,6.75,5.75"
"762,28602250,0-20 cm,28602250,3.8,42.2,1086,42.2,3.8,Grassland,0.239747382,14603.09756,33.01200104,-1.210940003,41.80044333,-7.696589842,1.383569956,105.3099976,10.50459957,102.1666667,100.9166667,104.9166667,100.9166667,5.650000095,6.599999905,6.650000095,5.699999809"
"763,28622242,0-20 cm,28622242,5.4,58.9,1182,58.9,5.4,Shrubland,0.196961245,14624.21951,33.01200104,-3.209180117,41.73459301,-7.652383136,3.748759985,111.7389984,11.49009991,108.75,107.6666667,111.9166667,107.6666667,6.650000095,7.599999905,7.699999809,6.699999809"
"764,28642160,0-20 cm,28642160,6.8,99.3,952,99.3,6.8,Grassland,0.193901263,14694.6,49.91640091,-1.054800034,41.01996652,-7.420534293,3.799429893,105.7529984,11.69029999,103.0833333,102.5833333,106.3333333,102,6.849999905,7.849999905,7.900000095,6.900000095"
"765,28642168,0-20 cm,28642168,0.8,43.6,613,43.6,0.8,Cropland,0.189500205,14704.55,41.18420029,-3.134690046,41.09014788,-7.440574931,4.098519802,104.3270035,13.43249989,101.6666667,101.3333333,105.0833333,100.5833333,9.050000191,10.05000019,10.10000038,9.149999619"
"766,28642190,0-20 cm,28642190,1.9,31.8,865,31.8,1.9,Woodland,0.210906072,14682.88372,31.55629921,-3.250380039,41.28308859,-7.496005502,1.707919955,102.0859985,12.61349964,99.5,99.08333333,102.6666667,98.41666667,8.050000191,9,9.050000191,8.050000191"
"767,28642240,0-20 cm,28642240,1.8,117,630,117,1.8,Cropland,0.243192508,14725.09756,33.01200104,-3.033790112,41.72127372,-7.62374721,3.128629923,129.5590057,12.74230003,126.5833333,125.4166667,130.3333333,125.4166667,8.050000191,9,9.050000191,8.050000191"
"768,28762198,0-20 cm,28762198,2.3,31.9,383,31.9,2.3,Woodland,0.201455928,14826.97619,39.97740173,-1.436570048,41.37812398,-7.37618672,6.915170193,108.4469986,13.52420044,105.75,105.0833333,109.1666667,104.4166667,9.149999619,10.14999962,10.19999981,9.199999809"
"769,28842200,0-20 cm,28842200,2.1,148,423,148,2.1,Cropland,0.186083827,14795.84091,41.73070145,-2.108150005,41.41215899,-7.287754038,1.657459974,107.9120026,14.04899979,104.8333333,104.0833333,108.3333333,103.75,9.850000381,10.80000019,10.85000038,9.850000381"
"770,28902202,0-20 cm,28902202,0.7,82.9,417,82.9,0.7,Cropland,0.177579498,14877.80952,44.82379913,-1.637580037,41.44202201,-7.222622029,1.146900058,108.1829987,14.04039955,105,104.5,108.4166667,104,9.699999809,10.64999962,10.75,9.75"
"771,29082210,0-20 cm,29082210,1.8,161.6,611,161.6,1.8,Woodland,0.204547252,14724.82222,38.84329987,-3.229969978,41.54891968,-7.031841889,3.655420065,92.23130035,12.73630047,89.33333333,88.83333333,92.16666667,88.41666667,7.550000191,8.5,8.600000381,7.650000095"
"772,29082220,0-20 cm,29082220,1.3,187.1,405,187.1,1.3,Grassland,0.211217249,14696.02326,38.10699844,4.178050041,41.636707,-7.056708756,2.870630026,103.3199997,13.48320007,100,99.25,103.25,99.16666667,8.699999809,9.649999619,9.75,8.75"
"773,29102206,0-20 cm,29102206,0.6,39.5,619,39.5,0.6,Cropland,0.220434125,14758.71111,50.67549896,-2.392499924,41.51784815,-6.998495697,7.999499798,91.77819824,12.95499992,88.83333333,88.33333333,91.66666667,87.83333333,7.900000095,8.850000381,8.899999619,7.949999809"
"774,29202218,0-20 cm,29202218,2.8,56.9,1169,56.9,2.8,Grassland,0.183644027,14686.55,45.60559845,-3.569590092,41.64340585,-6.910904605,10.76340008,84.71340179,10.89019966,81.83333333,81.08333333,84.5,80.91666667,5.300000191,6.300000191,6.349999905,5.349999905"
"775,29342236,0-20 cm,29342236,0.7,28.4,786,28.4,0.7,Cropland,0.245654005,14676,39.38019943,-3.741760015,41.82959097,-6.790723619,5.6416502,67.50189972,12.4435997,65.25,64.58333333,67.33333333,64.41666667,6.400000095,7.349999905,7.400000095,6.449999809"
"776,29382188,0-20 cm,29382188,0.7,27.2,695,27.2,0.7,Cropland,0.197730149,14702.44444,49.87049866,-3.662719965,41.41569461,-6.626633207,5.041039944,85.290802,12.53719997,82.16666667,81.91666667,85,81.08333333,6.849999905,7.800000191,7.900000095,6.949999809"
"777,29522188,0-20 cm,29522188,1.1,95,796,95,1.1,Grassland,0.143839282,14769.92857,45.56980133,-3.037930012,41.44325721,-6.462705177,1.38654995,85.46179962,12.74419975,82.08333333,81.66666667,84.91666667,80.91666667,6.849999905,7.849999905,7.949999809,6.949999809"
"778,29582204,0-20 cm,29582204,1.9,68.2,822,68.2,1.9,Woodland,0.18769266,14738.83721,38.66090012,-3.072979927,41.59576262,-6.430661544,2.039599895,75.96559906,12.12689972,72.83333333,72.33333333,75.16666667,71.83333333,6.099999905,7.099999905,7.150000095,6.199999809"
"779,29642200,0-20 cm,29642200,0.7,91.4,840,91.4,0.7,Woodland,0.199275623,14757.54762,38.66090012,-2.209759951,41.57227686,-6.350646468,1.146900058,77.63890076,11.9659996,74.41666667,73.83333333,76.66666667,73.33333333,5.949999809,6.949999809,7.050000191,6.050000191"
"780,29662194,0-20 cm,29662194,5.1,223.6,800,223.6,5.1,Woodland,0.195091778,14778.88095,41.77090073,1.432119966,41.52336196,-6.312890334,0.944963992,79.56759644,12.22970009,76.16666667,75.75,78.66666667,75.08333333,6.199999809,7.199999809,7.300000191,6.300000191"
"781,28662146,0-20 cm,28662146,2.1,65.3,839,65.3,2.1,Grassland,0.212333606,14638.45238,44.31090164,-1.707399964,40.90124972,-7.362426783,1.545729995,103.0439987,12.21790028,100.3333333,100,103.6666667,99.25,7.5,8.449999809,8.550000191,7.599999905"
"782,28682136,0-20 cm,28682136,1.2,169.7,716,169.7,1.2,Cropland,0.202175448,14776.97619,34.13940048,-4.071149826,40.81759138,-7.314469231,9.310720444,100.4599991,12.8920002,97.66666667,97.5,101.0833333,96.66666667,8.199999809,9.149999619,9.25,8.300000191"
"783,28782132,0-20 cm,28782132,2,196.5,508,196.5,2,Shrubland,0.186809204,14745.88372,39.88999939,-1.691390038,40.80295743,-7.188824358,5.186689854,92.13189697,13.61709976,89.33333333,89.25,92.58333333,88.33333333,8.949999809,9.949999809,10,9.050000191"
"784,28862140,0-20 cm,28862140,1.2,85.8,489,85.8,1.2,Shrubland,0.159878971,14916.09302,37.17380142,-3.222739935,40.88952602,-7.115728921,3.920789957,90.5522995,14.21450043,87.66666667,87.41666667,90.75,86.58333333,9.5,10.55000019,10.60000038,9.600000381"
"785,29022146,0-20 cm,29022146,0.7,47.7,634,47.7,0.7,Shrubland,0.169047223,14812.95349,40.68590164,-2.307579994,40.97462072,-6.944660675,1.634920001,87.84580231,13.75139999,84.83333333,84.83333333,88.08333333,83.91666667,8.800000191,9.850000381,9.899999619,8.899999619"
"786,29042132,0-20 cm,29042132,1.3,96.9,677,96.9,1.3,Woodland,0.151274465,14751.95349,36.4958992,-1.261399984,40.85558051,-6.887533901,1.131700039,82.33010101,12.98630047,79.58333333,79.41666667,82.5,78.58333333,7.949999809,9,9.050000191,8.050000191"
"787,29062134,0-20 cm,29062134,1.3,52.3,715,52.3,1.3,Grassland,0.201902916,14800.525,43.68379974,-3.369980097,40.87717456,-6.869164101,4.367030144,84.96330261,13.56949997,82.08333333,81.83333333,85.25,81.08333333,8.5,9.550000191,9.600000381,8.649999619"
"788,31302340,0-20 cm,31302340,5.1,113,1345,113,5.1,Woodland,0.255054319,14445.55814,83.50389862,-4.923989773,43.11406306,-4.69809535,19.81410027,68.8463974,10.20269966,66.16666667,64.25,66.66666667,65.08333333,5.449999809,6.5,6.550000191,5.5"
"789,31322332,0-20 cm,31322332,4.8,165.5,1350,165.5,4.8,Grassland,0.24581516,14309.81395,83.50389862,-4.604979992,43.04692001,-4.656074184,13.70460033,69.37470245,9.662110329,66.66666667,65,67.33333333,65.66666667,4.800000191,5.800000191,5.849999905,4.849999905"
"790,31502332,0-20 cm,31502332,2.2,110.4,1226,110.4,2.2,Woodland,0.245727106,14402.2093,70.48970032,-4.869239807,43.07824131,-4.438798487,15.33310032,79.69309998,8.170289993,76.75,74.66666667,77.16666667,75.58333333,3.400000095,4.400000095,4.449999809,3.450000048"
"791,31802344,0-20 cm,31802344,5.4,126.5,577,126.5,5.4,Grassland,0.357224247,14602.78571,99.86049652,-3.660510063,43.23557039,-4.102046355,13.54409981,76.08959961,12.86410046,73.33333333,71.41666667,73.66666667,72.08333333,9.25,10.19999981,10.30000019,9.25"
"792,31982326,0-20 cm,31982326,6.8,102.3,814,102.3,6.8,Grassland,0.269097339,14526.95238,76.959198,-3.878089905,43.10638706,-3.845731499,9.777600288,75.7397995,11.09850025,72.83333333,70.66666667,73.33333333,71.5,7.099999905,8.100000381,8.149999619,7.099999905"
"793,32042344,0-20 cm,32042344,4.7,98.9,303,98.9,4.7,Grassland,0.330957984,14606.19048,100.8779984,-4.397659779,43.2756676,-3.811085743,10.65550041,86.95780182,13.35900021,83.91666667,81.25,84.25,82.5,10.19999981,11.19999981,11.30000019,10.25"
"794,32322346,0-20 cm,32322346,6.1,116,221,116,6.1,Shrubland,0.289899785,14597.36842,58.81439972,-3.440279961,43.33912304,-3.475324092,8.133919716,95.86399841,13.86019993,92.08333333,89.08333333,92.25,90.33333333,10.85000038,11.80000019,11.94999981,10.85000038"
"795,32382340,0-20 cm,32382340,2.9,84.1,296,84.1,2.9,Woodland,0.310983501,14595.80488,79.22789764,-3.531189919,43.29560637,-3.390077588,8.920949936,94.76999664,13.48180008,90.83333333,87.83333333,90.83333333,89,10.25,11.30000019,11.39999962,10.35000038"
"796,32682264,0-20 cm,32682264,4.6,488.7,582,488.7,4.6,Shrubland,0.221272073,14713.48837,72.21790314,-4.078919888,42.66850686,-2.875828263,7.4519701,56.12720108,12.35840034,52.91666667,51.25,53.5,51.5,7.449999809,8.449999809,8.600000381,7.5"
"797,32762332,0-20 cm,32762332,1.9,126.8,155,126.8,1.9,Woodland,0.245068614,14681.56098,93.00469971,-3.730760098,43.28450985,-2.91232412,11.19180012,98.60359955,14.05760002,93.66666667,90.75,93.83333333,91.91666667,10.55000019,11.55000019,11.64999962,10.60000038"
"798,32762344,0-20 cm,32762344,1.9,79,71,79,1.9,Woodland,0.232211131,14582.92857,77.83509827,5.455920219,43.3909912,-2.936129511,9.692520142,101.5940018,14.16009998,96.66666667,93.75,96.83333333,95,11,12,12.10000038,11.05000019"
"799,32822262,0-20 cm,32822262,1.5,274.9,713,274.9,1.5,Cropland,0.205561053,14584.2439,75.60790253,3.228739977,42.67215482,-2.703538632,1.260010004,57.8030014,11.05220032,54.5,52.58333333,55,52.91666667,6.050000191,7.099999905,7.25,6.150000095"
"800,32842296,0-20 cm,32842296,2.3,131.7,703,131.7,2.3,Woodland,0.283513268,14459.4186,78.24469757,-2.748759985,42.9772081,-2.744866626,5.132410049,78.71379852,10.71049976,74.41666667,72.08333333,75,72.5,6.300000191,7.349999905,7.449999809,6.400000095"
"801,32902338,0-20 cm,32902338,4.2,68.7,480,68.7,4.2,Woodland,0.244523823,14524.52381,70.72000122,-4.624090195,43.35928614,-2.753879952,14.74650002,102.9250031,12.97939968,97.66666667,94.75,97.83333333,95.75,9.600000381,10.60000038,10.75,9.699999809"
"802,32942242,0-20 cm,32942242,1.3,263.9,436,263.9,1.3,Cropland,0.172418269,14726.02326,74.09649658,2.381959915,42.51250688,-2.521389424,1.217389941,41.6291008,13.0333004,39.08333333,37.66666667,39.58333333,38,7.699999809,8.75,8.850000381,7.75"
"803,33142268,0-20 cm,33142268,3.3,163.7,1073,163.7,3.3,Woodland,0.283040501,14486.2439,117.0049973,-4.359899998,42.77339492,-2.329362662,13.7489996,70.44760132,9.690589905,66.5,64.25,67,64.33333333,4.800000191,5.900000095,6,4.949999809"
"804,33162272,0-20 cm,33162272,6.5,272.5,1073,272.5,6.5,Woodland,0.274716338,14436.31707,117.0049973,-2.202510118,42.81191147,-2.312683927,3.119149923,75.55699921,9.14536953,71.16666667,68.83333333,71.91666667,69.16666667,4.300000191,5.349999905,5.5,4.349999905"
"805,33282222,0-20 cm,33282222,0.8,215.3,391,215.3,0.8,Cropland,0.17715239,14778.40909,69.58499908,-2.820990086,42.38458332,-2.076655634,4.605730057,38.1935997,13.8295002,35.58333333,34.25,36.16666667,34.41666667,8.199999809,9.300000191,9.399999619,8.300000191"
"806,33442216,0-20 cm,33442216,2,412.1,464,412.1,2,Cropland,0.168568178,14770.44444,58.38850021,-2.939150095,42.35406629,-1.87411594,4.247779846,41.17789841,13.73709965,38.41666667,36.83333333,39.08333333,37.08333333,8.050000191,9.100000381,9.25,8.100000381"
"807,33442270,0-20 cm,33442270,6.6,202.6,1100,202.6,6.6,Grassland,0.228682634,14575.07895,94.59609985,-0.620292008,42.83480375,-1.970923869,2.525650024,82.10359955,9.223150253,76.83333333,74.16666667,77.91666667,74.41666667,4.25,5.300000191,5.449999809,4.300000191"
"808,33582234,0-20 cm,33582234,1.8,209.6,473,209.6,1.8,Shrubland,0.233521125,14696.02273,72.94529724,-3.619539976,42.53414355,-1.737858076,3.797699928,50.16519928,13.2013998,46.58333333,45,47.33333333,45.25,7.449999809,8.600000381,8.699999809,7.599999905"
"809,33582292,0-20 cm,33582292,10,128.8,1191,128.8,10,Woodland,0.24267731,14485,102.2630005,-4.13781023,43.05055493,-1.841256784,6.552110195,96.48410034,9.680020332,89.83333333,86.5,91.08333333,87.08333333,5.199999809,6.300000191,6.400000095,5.300000191"
"810,33602170,0-20 cm,33602170,1.7,281.5,410,281.5,1.7,Cropland,0.177806812,14800.86667,44.45149994,-1.804810047,41.96662715,-1.602678497,3.534130096,33.9455986,14.23120022,31.58333333,30.25,32.25,30.41666667,8.399999619,9.5,9.649999619,8.5"
"811,33602290,0-20 cm,33602290,3.3,270.8,797,270.8,3.3,Woodland,0.290802432,14567.0303,78.75140381,-2.266060114,43.03558635,-1.813405182,14.95180035,92.43399811,10.63379955,86,83,87.16666667,83.25,6,7.050000191,7.150000095,6.099999905"
"812,33622176,0-20 cm,33622176,1.1,156.3,366,156.3,1.1,Bareland,0.203837974,14746.56818,57.2276001,-2.972949982,42.02288666,-1.589123399,2.048870087,34.13959885,14.37839985,31.75,30.5,32.41666667,30.58333333,8.600000381,9.699999809,9.800000191,8.699999809"
"813,33622266,0-20 cm,33622266,1.8,236.6,467,236.6,1.8,Cropland,0.200431498,14745.975,81.96579742,-1.793069959,42.82474353,-1.746282738,0.454257011,71.06770325,12.66969967,66.16666667,63.75,67.08333333,64.08333333,7.150000095,8.149999619,8.300000191,7.25"
"814,33642280,0-20 cm,33642280,2.7,81.2,669,81.2,2.7,Grassland,0.305513102,14545.3,89.37750244,-2.930919886,42.95220778,-1.747027827,3.089220047,84.22740173,10.98099995,78.16666667,75.58333333,79.41666667,75.75,6.050000191,7.099999905,7.25,6.150000095"
"815,33662254,0-20 cm,33662254,1.8,308.7,773,308.7,1.8,Cropland,0.254912499,14603.80488,86.22779846,-4.436460018,42.72348429,-1.676750793,9.899129868,68.145401,11.13000011,63.41666667,61.16666667,64.41666667,61.41666667,5.75,6.800000191,6.949999809,5.849999905"
"816,33702206,0-20 cm,33702206,1.5,184.4,471,184.4,1.5,Bareland,0.209216131,14738,72.68560028,0.593140006,42.30136338,-1.545041321,0.181705996,42.7745018,13.76439953,39.75,38.08333333,40.66666667,38.33333333,8.050000191,9.100000381,9.25,8.100000381"
"817,33722266,0-20 cm,33722266,2.3,261.9,536,261.9,2.3,Shrubland,0.219553416,14748.575,70.96890259,-4.401649952,42.83873065,-1.625434712,12.90929985,74.72299957,12.18330002,69.41666667,67.08333333,70.58333333,67.16666667,6.800000191,7.849999905,7.949999809,6.849999905"
"818,33722280,0-20 cm,33722280,2.8,165.9,618,165.9,2.8,Grassland,0.308965739,14536.64286,92.00540161,-0.938557029,42.96341333,-1.650148577,8.457819939,86.53790283,11.19740009,80.16666667,77.58333333,81.58333333,77.83333333,6.25,7.300000191,7.400000095,6.349999905"
"819,33742314,0-20 cm,33742314,3.6,129.5,131,129.5,3.6,Woodland,0.254783788,14582.53333,94.76170349,7.276659966,43.26892463,-1.686406332,6.028510094,106.2080002,13.87419987,98.5,94.83333333,99.75,95.66666667,10.05000019,11.10000038,11.19999981,10.14999962"
"820,33762288,0-20 cm,33762288,3.8,57.5,886,57.5,3.8,Shrubland,0.24033639,14434.81081,87.248703,-4.267129898,43.04022655,-1.615825118,7.178719997,91.05509949,9.999150276,84.58333333,81.5,85.83333333,81.58333333,5.349999905,6.400000095,6.5,5.449999809"
"821,33802284,0-20 cm,33802284,5,159,1238,159,5,Woodland,0.275931409,14358.15385,92.00540161,-4.635839939,43.01015408,-1.560267076,11.7020998,93.58070374,9.108329773,87.08333333,83.66666667,88.25,84.08333333,4.5,5.550000191,5.699999809,4.650000095"
"822,33822298,0-20 cm,33822298,3.8,125.7,281,125.7,3.8,Woodland,0.277301621,14601.40909,83.50659943,-4.11330986,43.13760798,-1.560665625,5.643380165,98.77739716,12.88669968,91.58333333,88.41666667,93,88.66666667,8.699999809,9.75,9.899999619,8.75"
"823,33862240,0-20 cm,33862240,1.7,113.9,959,113.9,1.7,Cropland,0.262186491,14504.45455,89.65779877,-3.674789906,42.62637106,-1.41126889,6.195310116,64.13559723,11.25660038,59.5,57.25,60.58333333,57.5,5.900000095,7,7.099999905,6"
"824,33922242,0-20 cm,33922242,1.8,158.1,517,158.1,1.8,Cropland,0.209555235,14664.22727,84.52339935,1.641970038,42.65236551,-1.342382928,0.916594982,61.770401,12.35900021,57.16666667,55.08333333,58.33333333,55.33333333,6.849999905,7.949999809,8.100000381,6.949999809"
"825,34082276,0-20 cm,34082276,3,147.5,1117,147.5,3,Woodland,0.266629758,14423.225,102.0670013,-3.815949917,42.97704249,-1.206972701,14.90569973,87.68849945,9.635490417,81.33333333,78,82.75,78.5,4.900000095,5.949999809,6.099999905,5"
"826,34242272,0-20 cm,34242272,6,202.4,1462,202.4,6,Grassland,0.257921702,14352.4359,93.39749908,-4.501719952,42.96265997,-1.006249017,7.466249943,95.53900146,7.891590118,88.41666667,85.08333333,90.33333333,85.16666667,3.200000048,4.300000191,4.449999809,3.299999952"
"827,34362268,0-20 cm,34362268,4,144,1302,144,4,Woodland,0.281298179,14364.62162,96.34079742,-3.567029953,42.94268891,-0.854132369,14.26280022,89.86419678,8.629400253,83.16666667,80,84.91666667,80.16666667,3.700000048,4.849999905,4.949999809,3.849999905"
"828,32542242,0-20 cm,32542242,1.5,447.6,715,447.6,1.5,Cropland,0.205304455,14647.13636,89.43609619,-3.564189911,42.45149184,-3.001174339,2.548690081,45.76610184,11.38020039,43,41.83333333,43.66666667,41.75,6.199999809,7.300000191,7.400000095,6.349999905"
"829,32542260,0-20 cm,32542260,1.8,358.7,717,358.7,1.8,Cropland,0.221011284,14710.61538,71.8214035,0.716979027,42.61130308,-3.036333478,1.744220018,52.58150101,11.74709988,49.58333333,48.25,50.16666667,48.25,6.75,7.800000191,7.900000095,6.849999905"
"830,32582246,0-20 cm,32582246,1.4,306.2,644,306.2,1.4,Cropland,0.224212345,14638.81818,71.52690125,-2.283309937,42.49321699,-2.960999055,4.519440174,45.77690125,12.04269981,42.91666667,41.75,43.58333333,41.75,6.900000095,7.949999809,8.050000191,6.949999809"
"831,32622242,0-20 cm,32622242,1.7,243.9,654,243.9,1.7,Cropland,0.22278561,14645.71111,71.47419739,2.478899956,42.46387655,-2.905286738,0.848335028,45.09970093,11.99180031,42.25,41,43.08333333,41.25,6.75,7.800000191,7.949999809,6.849999905"
"832,32622246,0-20 cm,32622246,1.3,100.6,602,100.6,1.3,Cropland,0.21367201,14646.72727,60.14849854,-0.879616022,42.49940225,-2.913023625,0.661392987,45.09970093,11.99180031,42.25,41,43.08333333,41.25,6.75,7.800000191,7.949999809,6.849999905"
"833,32622254,0-20 cm,32622254,0.8,218.8,543,218.8,0.8,Cropland,0.197310895,14689.95455,71.72669983,-0.934436977,42.57044757,-2.928534441,0.325042993,48.97359848,12.47920036,46.25,44.66666667,46.66666667,44.83333333,7.349999905,8.449999809,8.600000381,7.5"
"834,32842232,0-20 cm,32842232,0.7,267.3,680,267.3,0.7,Cropland,0.174512811,14660.07317,66.95970154,1.043679953,42.40858535,-2.622502731,1.677729964,42.25320053,11.48600006,39.83333333,38.33333333,40.16666667,38.41666667,6.050000191,7.150000095,7.25,6.199999809"
"835,33022200,0-20 cm,33022200,2.8,117.8,1480,117.8,2.8,Woodland,0.23446564,14379.09302,71.68109894,-3.42475009,42.1508602,-2.347679453,12.18939972,55.54090118,8.334950447,52.16666667,50.16666667,53.16666667,50.33333333,3.349999905,4.449999809,4.599999905,3.450000048"
"836,33042228,0-20 cm,33042228,1.3,227.7,496,227.7,1.3,Grassland,0.196573628,14743.34884,71.33319855,-1.313809991,42.40289675,-2.37532948,2.504699945,35.30490112,12.92590046,32.91666667,31.83333333,33.75,31.91666667,7.400000095,8.449999809,8.600000381,7.449999809"
"837,33062206,0-20 cm,33062206,2.6,87.9,1181,87.9,2.6,Woodland,0.195856964,14575.46512,72.084198,-4.347109795,42.21013605,-2.310895955,10.21049976,45.53089905,10.09759998,42.66666667,41.16666667,43.33333333,41.33333333,4.800000191,5.949999809,6.050000191,4.949999809"
"838,33122224,0-20 cm,33122224,1.4,192.9,582,192.9,1.4,Grassland,0.167267642,14728.51111,71.33319855,1.190189958,42.37909825,-2.272077672,2.563189983,35.58420181,13.08600044,33.25,32,34,32.08333333,7.5,8.550000191,8.699999809,7.550000191"
"839,33162228,0-20 cm,33162228,1.7,500.8,401,500.8,1.7,Bareland,0.18281873,14753.97778,67.18440247,1.264330029,42.42054454,-2.231451668,0.912986994,35.50139999,13.77880001,33.16666667,32,33.66666667,32,8.199999809,9.25,9.399999619,8.25"
"840,33182222,0-20 cm,33182222,1,254.7,464,254.7,1,Cropland,0.178519558,14722.51111,58.75370026,-1.161900043,42.37007654,-2.196518313,1.169700027,36.31880188,13.00380039,33.91666667,32.75,34.66666667,32.83333333,7.400000095,8.5,8.600000381,7.449999809"
"841,33322186,0-20 cm,33322186,3.2,164,655,164,3.2,Shrubland,0.13720329,14795.20455,47.02030182,-2.577270031,42.06979335,-1.964419185,6.490530014,34.49449921,12.79800034,32.16666667,31,33.08333333,31.16666667,7.150000095,8.25,8.399999619,7.25"
"842,33362216,0-20 cm,33362216,1.7,253.1,342,253.1,1.7,Cropland,0.242979561,14727.66667,61.10089874,12.05410004,42.3426659,-1.969992979,0.057460699,38.9510994,13.96549988,36.33333333,34.91666667,37,35.08333333,8.350000381,9.399999619,9.550000191,8.399999619"
"843,33382196,0-20 cm,33382196,0.8,243,542,243,0.8,Cropland,0.171771167,14741.15556,50.98070145,-0.670360029,42.16741502,-1.910493482,2.50206995,35.16930008,13.62059975,32.91666667,31.66666667,33.33333333,31.58333333,7.900000095,9,9.149999619,8"
"844,33402202,0-20 cm,33402202,0.7,178.7,411,178.7,0.7,Cropland,0.155148578,14791.71111,55.70600128,-0.721996009,42.223699,-1.897203316,0.564444005,36.36249924,13.98620033,34,32.66666667,34.5,32.58333333,8.25,9.350000381,9.5,8.350000381"
"845,33062092,0-20 cm,33062092,1.6,404.8,972,404.8,1.6,Grassland,0.152905517,14758.53488,56.27980042,-2.380480051,41.1950094,-2.106788245,1.108870029,39.50669861,11.69009972,36.75,35.58333333,37.66666667,35.75,5.900000095,7.050000191,7.150000095,6"
"846,33062106,0-20 cm,33062106,1.6,359.5,799,359.5,1.6,Bareland,0.159764285,14719.47826,57.84249878,-2.91079998,41.31976164,-2.1313643,1.747059941,34.4314003,12.70489979,32,31.08333333,32.75,31,6.699999809,7.800000191,7.949999809,6.75"
"847,33102118,0-20 cm,33102118,2,514.5,931,514.5,2,Cropland,0.152582772,14761.61364,52.46989822,2.640889883,41.43245745,-2.105318363,1.200330019,37.66329956,11.61079979,35.16666667,33.75,35.83333333,34,5.699999809,6.849999905,7,5.849999905"
"848,33142106,0-20 cm,33142106,0.6,210,788,210,0.6,Cropland,0.141049133,14795.13953,47.40919876,-0.210045993,41.33128608,-2.037076498,1.683120012,33.28749847,12.98460007,30.91666667,30,31.58333333,30,6.900000095,8.050000191,8.199999809,7.050000191"
"849,33162102,0-20 cm,33162102,0.6,95.2,769,95.2,0.6,Cropland,0.145144745,14782.31818,47.40919876,-2.412689924,41.29850267,-2.006529554,1.656960011,33.28749847,12.98460007,30.91666667,30,31.58333333,30,6.900000095,8.050000191,8.199999809,7.050000191"
"850,33322114,0-20 cm,33322114,1.8,435.7,768,435.7,1.8,Cropland,0.220995211,14694.26087,44.43999863,8.047719955,41.42821553,-1.838579987,0.618847013,33.87200165,12.2737999,31.58333333,30.5,32.41666667,30.75,6.400000095,7.5,7.699999809,6.5"
"851,33402066,0-20 cm,33402066,1.3,357.9,1145,357.9,1.3,Cropland,0.166238512,14654.17778,43.00719833,-2.437659979,41.01130276,-1.662777101,1.217389941,39.54299927,11.34440041,37,35.58333333,37.83333333,35.75,5.449999809,6.650000095,6.800000191,5.599999905"
"852,33442076,0-20 cm,33442076,1.2,570.7,1095,570.7,1.2,Cropland,0.154920177,14705.97727,43.10329819,0.071314096,41.10608249,-1.632582369,3.646650076,40.11849976,11.13529968,37.41666667,36.16666667,38.33333333,36.25,5.300000191,6.449999809,6.550000191,5.400000095"
"853,33462046,0-20 cm,33462046,1.3,137.6,1222,137.6,1.3,Grassland,0.170003576,14694.95652,59.49309921,-2.386409998,40.84110192,-1.559119615,2.325700045,40.19670105,11.04370022,37.58333333,36.25,38.58333333,36.41666667,5.099999905,6.300000191,6.449999809,5.25"
"854,33502070,0-20 cm,33502070,1.2,205.7,1113,205.7,1.2,Cropland,0.182966291,14678.17778,43.00719833,-0.425531,41.06082791,-1.552056371,2.105989933,39.46170044,11.1505003,36.75,35.58333333,37.58333333,35.58333333,5.25,6.400000095,6.550000191,5.349999905"
"855,33502132,0-20 cm,33502132,1.3,304.2,801,304.2,1.3,Cropland,0.174613042,14696.06522,43.6167984,2.943530083,41.61393122,-1.656520439,2.303639889,34.53570175,12.49860001,32.25,30.91666667,32.91666667,31.25,6.75,7.849999905,8,6.849999905"
"856,33522120,0-20 cm,33522120,0.7,230.8,702,230.8,0.7,Cropland,0.160265468,14753.45652,39.86420059,-3.881789923,41.50968869,-1.612445752,5.225580215,31.74860001,13.11330032,29.66666667,28.5,30.33333333,28.75,7.199999809,8.350000381,8.5,7.349999905"
"857,33522152,0-20 cm,33522152,1.9,158.2,814,158.2,1.9,Bareland,0.177922761,14671.06667,49.3606987,-2.976449966,41.79504037,-1.667001639,2.363990068,35.62530136,12.5340004,33.25,31.91666667,34,32.25,6.849999905,7.949999809,8.149999619,7"
"858,33602136,0-20 cm,33602136,0.9,167.6,935,167.6,0.9,Cropland,0.18735661,14663.84783,45.87179947,-3.951719999,41.66344662,-1.544778506,5.1552701,34.71480179,12.45419979,32.33333333,31.08333333,33.16666667,31.41666667,6.699999809,7.800000191,7.949999809,6.800000191"
"859,33622104,0-20 cm,33622104,1.9,425.9,791,425.9,1.9,Cropland,0.204936993,14561.30435,44.84009933,-3.792649984,41.38071156,-1.467375238,4.272210121,34.55929947,12.23970032,32.25,30.83333333,32.83333333,31,6.400000095,7.550000191,7.699999809,6.550000191"
"860,33642042,0-20 cm,33642042,2,200.9,981,200.9,2,Cropland,0.195661886,14785.13636,35.75870132,-1.627580047,40.82993085,-1.341845886,0.857044995,35.44839859,12.10789967,33,31.66666667,33.83333333,31.91666667,5.849999905,7.050000191,7.099999905,5.949999809"
"861,33642142,0-20 cm,33642142,1,239.1,629,239.1,1,Cropland,0.145450322,14745.23913,46.75239944,-3.205270052,41.7224643,-1.507458802,2.482249975,33.66410065,12.96399975,31.41666667,30.08333333,32.08333333,30.41666667,7.199999809,8.350000381,8.449999809,7.300000191"
"862,33662110,0-20 cm,33662110,2.8,524.3,626,524.3,2.8,Cropland,0.173770046,14757.75556,40.9095993,-3.227780104,41.43971431,-1.430117461,3.738019943,30.02070045,13.76609993,28,26.75,28.66666667,27,7.849999905,9,9.149999619,7.949999809"
"863,33662144,0-20 cm,33662144,1.1,274.5,543,274.5,1.1,Cropland,0.147067397,14823.58696,46.75239944,-1.478590012,41.74304779,-1.487087881,1.099900007,31.83849907,13.64669991,29.83333333,28.66666667,30.41666667,28.75,7.75,8.899999619,9.050000191,7.900000095"
"864,33682068,0-20 cm,33682068,0.9,94.2,985,94.2,0.9,Cropland,0.155964357,14778.15909,59.5503006,-3.506799936,41.06752121,-1.337283174,3.752049923,35.37549973,12.02470016,32.83333333,31.5,33.66666667,31.91666667,5.900000095,7.099999905,7.25,6.050000191"
"865,33702120,0-20 cm,33702120,3.2,346.9,439,346.9,3.2,Cropland,0.247882315,14851.32609,45.45149994,3.55340004,41.5343956,-1.399448713,0.975892007,28.71879959,14.48190022,26.75,25.66666667,27.33333333,25.83333333,8.649999619,9.800000191,9.899999619,8.699999809"
"866,33722150,0-20 cm,33722150,1.5,218.9,447,218.9,1.5,Bareland,0.153703988,14805.73333,46.75239944,-2.007849932,41.80477276,-1.425899475,1.763499975,31.92880058,14.2475996,29.83333333,28.5,30.41666667,28.66666667,8.300000191,9.399999619,9.600000381,8.449999809"
"867,33742074,0-20 cm,33742074,1.6,222.8,1000,222.8,1.6,Bareland,0.143784545,14774.55556,59.5503006,-2.111949921,41.12918289,-1.276525914,0.958832979,35.99079895,11.8295002,33.33333333,32,34.16666667,32.25,5.650000095,6.800000191,6.949999809,5.75"
"868,33762084,0-20 cm,33762084,0.8,61.6,933,61.6,0.8,Bareland,0.164493795,14697.24444,46.57630157,-2.195139885,41.22116406,-1.269277841,1.322610021,36.19169998,11.6942997,33.41666667,32.16666667,34.33333333,32.5,5.75,6.900000095,7.050000191,5.900000095"
"869,33762162,0-20 cm,33762162,2.2,326.2,293,326.2,2.2,Cropland,0.311733175,14710.13043,42.53390121,-1.134600043,41.91726307,-1.398479047,0.489248008,32.21350098,14.65839958,30,28.83333333,30.66666667,28.91666667,8.949999809,10.05000019,10.19999981,9.050000191"
"870,33782062,0-20 cm,33782062,1.5,232.9,1133,232.9,1.5,Cropland,0.143178153,14772.95349,58.5284996,1.241179943,41.02737139,-1.210055627,1.83901,38.2901001,11.18389988,35.58333333,34.08333333,36.41666667,34.33333333,5.050000191,6.25,6.349999905,5.150000095"
"871,33782074,0-20 cm,33782074,1.3,113.1,1008,113.1,1.3,Cropland,0.156915019,14716.48889,41.1291008,1.326740026,41.13454776,-1.229468429,1.310080051,36.91650009,11.50319958,34.16666667,32.91666667,35.08333333,32.91666667,5.449999809,6.599999905,6.75,5.550000191"
"872,33782092,0-20 cm,33782092,1.7,371.9,768,371.9,1.7,Shrubland,0.140158122,14797,45.78290176,-3.138550043,41.29527989,-1.258759034,2.550630093,33.21760178,12.85919952,30.83333333,29.41666667,31.5,29.83333333,6.900000095,8.050000191,8.149999619,7"
"873,33802040,0-20 cm,33802040,1.7,269.8,1315,269.8,1.7,Cropland,0.169250937,14702.11905,53.84289932,-3.313750029,40.83349527,-1.151279679,3.142260075,39.66289902,10.53549957,36.91666667,35.66666667,37.75,35.66666667,4.400000095,5.599999905,5.699999809,4.5"
"874,33862160,0-20 cm,33862160,2.3,197,294,197,2.3,Cropland,0.299783934,14744.20455,42.53390121,10.75259972,41.91296036,-1.276022644,0.181705996,32.24459839,14.76360035,30.08333333,28.83333333,30.66666667,28.91666667,9,10.10000038,10.25,9.100000381"
"875,33862190,0-20 cm,33862190,2.7,167.8,415,167.8,2.7,Cropland,0.265484976,14727.64444,62.94210052,-1.488849998,42.18057599,-1.326235878,0.37459299,40.14659882,13.92269993,37.41666667,35.75,38.08333333,36,8.300000191,9.350000381,9.5,8.350000381"
"876,33882128,0-20 cm,33882128,2.2,337,438,337,2.2,Cropland,0.144125675,14888.36364,52.53559875,-1.536039948,41.63006387,-1.199398372,0.978425026,30.28129959,14.50129986,28.25,27.08333333,28.75,27.25,8.300000191,9.399999619,9.600000381,8.399999619"
"877,33902140,0-20 cm,33902140,1.7,82.5,323,82.5,1.7,Bareland,0.12493785,14888.43902,47.63050079,-1.19291997,41.73984873,-1.195361301,0.327573001,30.53590012,14.93360043,28.41666667,27.33333333,29.08333333,27.41666667,8.850000381,9.949999809,10.10000038,8.949999809"
"878,33902172,0-20 cm,33902172,3,294.6,377,294.6,3,Cropland,0.294743971,14777.90698,61.89479828,-1.93829,42.02540542,-1.24830446,0.650066018,35.56420135,14.51620007,33,31.66666667,33.66666667,31.91666667,8.75,9.800000191,9.949999809,8.800000191"
"879,33922038,0-20 cm,33922038,1.2,486.8,1226,486.8,1.2,Cropland,0.157536234,14693.44444,61.74340057,0.872631013,40.83145737,-1.007562889,0.317333996,40.52259827,10.22770023,37.83333333,36.41666667,38.66666667,36.5,4.150000095,5.349999905,5.449999809,4.25"
"880,33922200,0-20 cm,33922200,1.6,302.5,478,302.5,1.6,Cropland,0.261484347,14724.47727,64.68460083,-1.709040046,42.27786766,-1.271219993,0.437599003,44.13199997,13.62080002,40.91666667,39.33333333,42,39.5,7.900000095,9,9.149999619,8"
"881,33942144,0-20 cm,33942144,1.9,235.8,272,235.8,1.9,Cropland,0.280940372,14743.80435,47.63050079,-0.800381005,41.780888,-1.154392509,0.128485993,29.77210045,14.98029995,27.75,26.66666667,28.33333333,26.75,9,10.14999962,10.25,9.100000381"
"882,33962116,0-20 cm,33962116,2.3,110,663,110,2.3,Cropland,0.185802526,14809.95652,51.17829895,-2.412689924,41.53356376,-1.085043834,2.12932992,31.04680061,13.70600033,28.91666667,27.75,29.66666667,28.08333333,7.5,8.649999619,8.800000191,7.650000095"
"883,33962128,0-20 cm,33962128,1.4,118.1,400,118.1,1.4,Cropland,0.161959101,14901.7619,42.56999969,-1.960289955,41.64071133,-1.104512597,1.970129967,29.59269905,14.66749954,27.58333333,26.41666667,28.25,26.5,8.449999809,9.550000191,9.699999809,8.550000191"
"884,33962134,0-20 cm,33962134,1.9,108.3,312,108.3,1.9,Cropland,0.324692907,14786.85366,42.56999969,-1.063019991,41.69427881,-1.114281576,1.468019962,29.70859909,15.0369997,27.75,26.5,28.33333333,26.58333333,8.800000191,9.899999619,10,8.850000381"
"885,33962182,0-20 cm,33962182,2,278.7,386,278.7,2,Cropland,0.272298427,14741.84444,67.290802,-1.228330016,42.12266816,-1.193273631,0.256969988,38.21369934,14.36610031,35.5,34.08333333,36.25,34.25,8.649999619,9.75,9.850000381,8.699999809"
"886,33982054,0-20 cm,33982054,3.5,324.3,1233,324.3,3.5,Shrubland,0.168389469,14634.86667,59.39459991,-4.501510143,40.98231309,-0.962422192,12.23670006,39.8606987,10.39540005,37.16666667,35.75,38.08333333,35.83333333,4.449999809,5.650000095,5.800000191,4.599999905"
"887,34002034,0-20 cm,34002034,1,281.7,1223,281.7,1,Bareland,0.13305476,14623.59091,58.53340149,-0.50542599,40.80614165,-0.907596901,1.410140038,39.42549896,10.57970047,36.91666667,35.33333333,37.66666667,35.58333333,4.449999809,5.650000095,5.75,4.550000191"
"888,34022174,0-20 cm,34022174,1.9,195.4,431,195.4,1.9,Cropland,0.232571225,14715.71739,62.85499954,-1.791679978,42.05927712,-1.108354909,0.735814989,38.48260117,14.2407999,35.66666667,34.5,36.5,34.33333333,8.25,9.350000381,9.449999809,8.300000191"
"889,34062038,0-20 cm,34062038,1.2,139.6,1065,139.6,1.2,Woodland,0.182231328,14684.15217,58.53340149,-2.632920027,40.84967672,-0.843539845,5.471479893,36.51309967,11.34490013,34.25,32.75,34.91666667,33,5.25,6.5,6.599999905,5.400000095"
"890,34062044,0-20 cm,34062044,1.5,86.9,1186,86.9,1.5,Cropland,0.146730111,14681.32609,63.5442009,-2.676830053,40.90332091,-0.852872997,2.242769957,38.77370071,10.73219967,36.16666667,34.91666667,37.08333333,34.91666667,4.650000095,5.849999905,6,4.800000191"
"891,34102106,0-20 cm,34102106,1.5,166.9,639,166.9,1.5,Grassland,0.177226432,14724.42222,46.82839966,-3.829299927,41.46260968,-0.903283534,5.996319771,30.88940048,13.75969982,28.75,27.58333333,29.58333333,27.83333333,7.449999809,8.600000381,8.75,7.599999905"
"892,34222172,0-20 cm,34222172,1.6,281.3,473,281.3,1.6,Grassland,0.18729256,14729.65217,66.76599884,-1.372969985,42.0676799,-0.866183675,1.194820046,40.05199814,14.36270046,37,35.58333333,37.91666667,35.83333333,8.100000381,9.199999809,9.300000191,8.199999809"
"893,34242074,0-20 cm,34242074,1.3,433.1,544,433.1,1.3,Bareland,0.131130309,14874.24444,48.36059952,0.117842004,41.19464152,-0.687802175,2.023370028,31.13400078,14.02140045,29.08333333,28,29.83333333,28.08333333,7.650000095,8.850000381,9,7.800000191"
"894,34262082,0-20 cm,34262082,0.9,92.8,443,92.8,0.9,Bareland,0.11476778,14885.21739,43.2322998,0.42989701,41.26871232,-0.676592957,0.614832997,29.56909943,14.7901001,27.66666667,26.58333333,28.41666667,26.75,8.350000381,9.5,9.649999619,8.449999809"
"895,34322110,0-20 cm,34322110,2.5,236.8,225,236.8,2.5,Cropland,0.26480954,14820.68182,46.09740067,-0.652702987,41.52664151,-0.649085426,0.207176998,29.59090042,15.66689968,27.66666667,26.58333333,28.25,26.75,9.199999809,10.35000038,10.5,9.350000381"
"896,34322146,0-20 cm,34322146,1.5,226.8,417,226.8,1.5,Bareland,0.159900638,14920.02326,61.12860107,0.079060003,41.84834371,-0.705458641,0.877031028,35.53210068,14.97280025,33,31.75,33.75,31.91666667,8.25,9.350000381,9.5,8.350000381"
"897,34342040,0-20 cm,34342040,1.1,150.1,877,150.1,1.1,Cropland,0.156830017,14758.31818,54.47520065,0.288013011,40.90319354,-0.518263328,1.28271997,35.81370163,12.06849957,33.58333333,32.16666667,34.41666667,32.25,6,7.150000095,7.25,6.099999905"
"898,34362154,0-20 cm,34362154,2.5,432.5,463,432.5,2.5,Grassland,0.171752652,14836.79545,62.19060135,-3.157569885,41.92492298,-0.670402112,4.320270061,37.48089981,14.86999989,34.75,33.33333333,35.5,33.58333333,8.25,9.350000381,9.5,8.399999619"
"899,34362190,0-20 cm,34362190,1.5,121.5,595,121.5,1.5,Cropland,0.225507116,14679.6087,76.81600189,-3.414730072,42.24647804,-0.727520758,2.682440042,45.5868988,14.11670017,42.16666667,40.41666667,43.08333333,40.75,8.100000381,9.199999809,9.350000381,8.199999809"
"900,34382156,0-20 cm,34382156,1.7,270.9,453,270.9,1.7,Grassland,0.181076499,14814,62.19060135,-2.720390081,41.94533825,-0.649697887,2.337359905,37.86780167,14.70930004,35.16666667,33.66666667,35.75,34.08333333,8,9.149999619,9.300000191,8.149999619"
"901,34402168,0-20 cm,34402168,2.6,564.6,427,564.6,2.6,Cropland,0.239684092,14793.47727,69.57759857,2.432369947,42.05508873,-0.64472208,0.897490978,40.7118988,14.77649975,37.66666667,36.25,38.5,36.5,8.199999809,9.350000381,9.5,8.350000381"
"902,34402178,0-20 cm,34402178,1.2,197.3,477,197.3,1.2,Cropland,0.198263722,14642.3913,76.48059845,-0.902680993,42.14441717,-0.660526059,0.828652024,42.95220184,14.60359955,39.66666667,38.16666667,40.5,38.5,8.199999809,9.350000381,9.449999809,8.350000381"
"903,34422080,0-20 cm,34422080,1.1,112.5,322,112.5,1.1,Cropland,0.126836459,15026.40909,47.21289825,-1.01425004,41.2710175,-0.48470806,1.476979971,29.48390007,15.64340019,27.66666667,26.66666667,28.25,26.58333333,8.949999809,10.14999962,10.30000019,9.100000381"
"904,34442086,0-20 cm,34442086,1.1,404.7,291,404.7,1.1,Grassland,0.107001976,14962.77778,47.21289825,-2.838959932,41.32717859,-0.47021296,2.090670109,29.77020073,15.66419983,27.91666667,26.91666667,28.5,26.91666667,9.050000191,10.14999962,10.30000019,9.100000381"
"905,34442090,0-20 cm,34442090,1.5,162.5,286,162.5,1.5,Cropland,0.139948748,14990.31707,48.582901,-1.94749999,41.36295167,-0.476299118,2.215790033,29.37000084,15.82289982,27.58333333,26.5,28.08333333,26.5,9.199999809,10.39999962,10.5,9.350000381"
"906,34462160,0-20 cm,34462160,1.9,108.2,431,108.2,1.9,Cropland,0.241694854,14762.6,69.22769928,-1.813369989,41.99121404,-0.560499058,0.995976985,39.62369919,14.78439999,36.75,35.25,37.5,35.66666667,8.050000191,9.199999809,9.350000381,8.199999809"
"907,34482108,0-20 cm,34482108,1.9,372.3,294,372.3,1.9,Grassland,0.126257334,14953.5814,42.90209961,-1.902420044,41.52891079,-0.456401551,1.383569956,31.45470047,15.60379982,29.41666667,28.25,30,28.5,8.699999809,9.850000381,10,8.850000381"
"908,34482120,0-20 cm,34482120,1.7,309.1,400,309.1,1.7,Grassland,0.191847091,14912.42857,51.85020065,-1.722740054,41.63620476,-0.474767503,0.978425026,34.05960083,15.16880035,31.83333333,30.58333333,32.5,30.83333333,8.100000381,9.25,9.399999619,8.25"
"909,34482166,0-20 cm,34482166,2.4,255.8,508,255.8,2.4,Grassland,0.221884649,14803.79545,74.75260162,-1.808030009,42.04734885,-0.545983408,2.239830017,41.83050156,14.72649956,38.91666667,37.08333333,39.5,37.41666667,8,9.100000381,9.25,8.100000381"
"910,34482180,0-20 cm,34482180,1.5,276.1,459,276.1,1.5,Cropland,0.2250172,14801.62222,76.48059845,-0.447712988,42.17243295,-0.56791715,0.489248008,45.18489838,14.57409954,41.66666667,40.16666667,42.75,40.33333333,8.100000381,9.199999809,9.350000381,8.199999809"
"911,34482192,0-20 cm,34482192,1.6,328.7,694,328.7,1.6,Cropland,0.222052091,14755.15556,80.39550018,-1.600919962,42.27963068,-0.586815086,1.172510028,48.75730133,13.77140045,45.08333333,43.33333333,46.08333333,43.58333333,7.599999905,8.75,8.850000381,7.75"
"912,34502098,0-20 cm,34502098,4.1,571.5,245,571.5,4.1,Cropland,0.314617957,14834.06818,58.69029999,-1.303570032,41.44197549,-0.417491611,0.418312997,30.06579971,15.70650005,28.16666667,27.08333333,28.91666667,27.25,9.100000381,10.30000019,10.44999981,9.25"
"913,34522176,0-20 cm,34522176,1.2,68.6,518,68.6,1.2,Cropland,0.216510205,14772.86957,85.84159851,0.527804971,42.14173499,-0.513766104,0.897490978,44.5564003,14.63469982,41.16666667,39.58333333,42.16666667,39.83333333,7.949999809,9.100000381,9.25,8.100000381"
"914,34542132,0-20 cm,34542132,1.2,190.2,547,190.2,1.2,Cropland,0.204022426,14739.56522,63.45819855,-2.402590036,41.75097486,-0.421859813,1.83901,37.7234993,14.38070011,35.25,33.83333333,36.08333333,34,7.5,8.649999619,8.75,7.650000095"
"915,34542186,0-20 cm,34542186,1.4,134,673,134,1.4,Cropland,0.213882021,14724.15217,76.12110138,-3.738610029,42.23359543,-0.505441291,4.190680027,47.63759995,14.20730019,44.08333333,42.33333333,45.08333333,42.58333333,7.75,8.850000381,9,7.849999905"
"916,34582064,0-20 cm,34582064,0.8,142,404,142,0.8,Bareland,0.135159569,14897.47727,48.17959976,-1.954550028,41.14767732,-0.27198742,1.462960005,32.07350159,15.14430046,30.16666667,29.08333333,30.91666667,29,8.550000191,9.75,9.850000381,8.699999809"
"917,34602156,0-20 cm,34602156,1.6,373,398,373,1.6,Cropland,0.272421713,14777.31818,71.26129913,-2.517819881,41.97298463,-0.387165222,2.837480068,39.94459915,15.09440041,37.25,35.66666667,38,36.08333333,8.25,9.399999619,9.5,8.399999619"
"918,34622108,0-20 cm,34622108,1.6,252.9,407,252.9,1.6,Bareland,0.142402801,14948.10256,52.78779984,0.922535002,41.54624336,-0.290433946,0.699005008,34.45669937,14.8803997,32.33333333,31.16666667,33.08333333,31.08333333,7.699999809,8.899999619,9.050000191,7.849999905"
"919,34642088,0-20 cm,34642088,1,250.1,394,250.1,1,Bareland,0.145177565,14867.84091,59.49919891,-0.838899016,41.36977106,-0.236833723,1.710340023,31.14360046,15.30560017,29.33333333,28.16666667,30.16666667,28,8.399999619,9.550000191,9.699999809,8.5"
"920,34642160,0-20 cm,34642160,1.2,110.2,472,110.2,1.2,Cropland,0.217122668,14792.06667,69.14219666,-0.303104997,42.01369614,-0.345529772,2.090670109,42.11560059,14.95660019,39.16666667,37.66666667,39.91666667,37.91666667,7.900000095,9.050000191,9.149999619,8.050000191"
"921,34642178,0-20 cm,34642178,2.2,308.3,721,308.3,2.2,Cropland,0.213755188,14773.2,80.94539642,-4.167210102,42.17458807,-0.373192,8.85033989,47.83399963,14.18169975,44.33333333,42.66666667,45.33333333,42.91666667,7.400000095,8.550000191,8.649999619,7.5"
"922,34662094,0-20 cm,34662094,1.8,499.6,396,499.6,1.8,Cropland,0.148412331,14979.04878,59.49919891,-1.203130007,41.42589572,-0.222102956,0.822655022,33.05009842,15.10319996,31.08333333,29.83333333,31.91666667,29.83333333,8,9.199999809,9.300000191,8.149999619"
"923,34702086,0-20 cm,34702086,2,147.1,390,147.1,2,Cropland,0.168310043,14875.52273,59.49919891,-2.37748003,41.35917592,-0.162919605,1.323230028,31.51729965,15.36130047,29.75,28.58333333,30.5,28.5,8.449999809,9.600000381,9.699999809,8.600000381"
"924,34702098,0-20 cm,34702098,0.9,215.8,399,215.8,0.9,Bareland,0.164085701,14914.81395,65.9681015,-1.570610046,41.46655424,-0.180687551,1.442520022,33.38800049,15.09729958,31.41666667,30.16666667,32.25,30.16666667,7.949999809,9.149999619,9.25,8.100000381"
"925,34742116,0-20 cm,34742116,1.8,444.6,457,444.6,1.8,Cropland,0.186717362,14840.38636,58.16329956,4.135519981,41.63245473,-0.159996057,1.04843998,35.48429871,14.83220005,33.41666667,31.91666667,34.08333333,32.25,7.599999905,8.75,8.850000381,7.75"
"926,34762150,0-20 cm,34762150,1.8,78.9,436,78.9,1.8,Cropland,0.314413739,14780.27273,75.30690002,-0.610423982,41.93900404,-0.187061699,0.349514991,40.34220123,15.0145998,37.66666667,36.33333333,38.58333333,36.5,7.800000191,8.949999809,9.050000191,7.949999809"
"927,34782164,0-20 cm,34782164,1.2,107.6,504,107.6,1.2,Cropland,0.229888509,14792.40909,84.97080231,-2.560820103,42.06663303,-0.184269062,1.467460036,44.08620071,14.85560036,41.08333333,39.5,41.91666667,39.75,7.599999905,8.75,8.850000381,7.75"
"928,31742078,0-20 cm,31742078,0.9,136,1172,136,0.9,Shrubland,0.1918384,14664.7619,41.51470184,-3.647959948,40.86818513,-3.627533272,5.511129856,38.54750061,11.59300041,36.83333333,35.75,37.66666667,35.83333333,5.400000095,6.5,6.599999905,5.550000191"
"929,31742100,0-20 cm,31742100,4.3,237.1,1501,237.1,4.3,Woodland,0.257772067,14388.84615,75.85279846,-4.179840088,41.06351457,-3.67065514,14.64560032,66.59230042,8.437959671,63.25,61.75,64.83333333,61.5,3.099999905,4.199999809,4.300000191,3.25"
"930,31782094,0-20 cm,31782094,1.2,128.8,1125,128.8,1.2,Grassland,0.207951292,14761.18605,47.25009918,-2.842449903,41.0167423,-3.612063983,3.754669905,37.14360046,11.2947998,35.25,34.16666667,36.16666667,34.41666667,5.150000095,6.199999809,6.349999905,5.25"
"931,31782102,0-20 cm,31782102,3.2,233.7,1339,233.7,3.2,Cropland,0.253880056,14499.86047,73.125,-1.726400018,41.08776972,-3.627748655,6.000380039,65.19809723,8.406709671,61.66666667,60.41666667,63.41666667,60.16666667,3.049999952,4.099999905,4.25,3.099999905"
"932,31802070,0-20 cm,31802070,1.9,548.7,748,548.7,1.9,Grassland,0.209138617,14849.11111,41.51470184,-2.910059929,40.80683183,-3.541976478,2.744620085,32.97430038,13.05620003,31.16666667,30.33333333,32.08333333,30.5,6.650000095,7.800000191,7.900000095,6.800000191"
"933,31862098,0-20 cm,31862098,1.8,121.5,1224,121.5,1.8,Woodland,0.240062939,14659.9,73.125,-2.708830118,41.06518489,-3.52623559,6.387040138,42.03879929,10.37230015,39.83333333,38.75,40.75,38.75,4.5,5.550000191,5.699999809,4.599999905"
"934,31882096,0-20 cm,31882096,1.7,156.8,1324,156.8,1.7,Woodland,0.232600171,14549.80952,49.52489853,-2.352679968,41.05064057,-3.498926259,4.673449993,52.57360077,9.165969849,49.66666667,48.41666667,50.91666667,48.5,3.599999905,4.699999809,4.800000191,3.700000048"
"935,31382090,0-10 cm,31382090,5.4,107.7,1145,107.7,5.4,Grassland,0.211011301,14787.575,69.51629639,-1.560269952,40.91535072,-4.071540939,1.773290038,44.78749847,10.46549988,42.91666667,41.83333333,43.91666667,41.75,4.199999809,5.300000191,5.400000095,4.300000191"
"936,31382312,0-10 cm,31382312,4.1,163.6,1112,163.6,4.1,Grassland,0.249323633,14472.52273,61.76959991,-1.416200042,42.88069463,-4.539464314,7.065080166,61.45780182,9.491979599,59.08333333,57.5,59.66666667,58.16666667,4.099999905,5.150000095,5.199999809,4.150000095"
"937,32462208,0-10 cm,32462208,2.8,131,1180,131,2.8,Shrubland,0.209449293,14601.12821,46.98479843,-4.176640034,42.13711009,-3.030838713,9.492959976,49.31669998,9.200079918,46.41666667,44.83333333,47,44.66666667,3.75,4.849999905,4.949999809,3.849999905"
"938,32482188,0-10 cm,32482188,2.5,147,1270,147,2.5,Woodland,0.238459845,14422.66667,54.38800049,0.878576994,41.96254704,-2.968540631,5.490970135,49.59400177,8.571990013,46.58333333,45.08333333,47.41666667,45.08333333,3.349999905,4.449999809,4.599999905,3.450000048"
"939,32522262,0-10 cm,32522262,5.4,421.3,939,421.3,5.4,Shrubland,0.257392302,14576.23077,71.8214035,0.0281129,42.62593624,-3.064290303,2.698659897,55.82379913,11.22640038,52.75,51,53.33333333,51.41666667,6.25,7.300000191,7.449999809,6.349999905"
"940,32862174,0-10 cm,32862174,3.4,159.7,1154,159.7,3.4,Woodland,0.211768111,14560.13043,82.86419678,-2.934950113,41.89581451,-2.490500522,4.387239933,41.60070038,9.833800316,39,37.66666667,39.75,37.66666667,4.199999809,5.300000191,5.5,4.349999905"
"941,32902170,0-10 cm,32902170,1.5,237.6,1109,237.6,1.5,Cropland,0.178911066,14630.46667,82.86419678,1.099979997,41.86617593,-2.435618395,1.45164001,39.77539825,10.26679993,37.25,35.91666667,38,35.83333333,4.550000191,5.650000095,5.849999905,4.650000095"
"942,32902202,0-10 cm,32902202,4.1,139,1221,139,4.1,Shrubland,0.235389573,14490.5,83.98020172,0.293431014,42.15084767,-2.494608426,9.049220085,54.07929993,8.37677002,50.75,49.16666667,51.66666667,49.08333333,3.25,4.400000095,4.5,3.349999905"
"943,33262130,0-10 cm,33262130,1.6,279,1096,279,1.6,Shrubland,0.175164839,14673.60465,59.35369873,-2.902309895,41.56232454,-1.937244001,5.146870136,39.90019989,10.90680027,37.25,35.83333333,38.08333333,36.08333333,5.25,6.349999905,6.5,5.349999905"
"944,33502280,0-10 cm,33502280,5,290.5,612,290.5,5,Woodland,0.283456614,14635.875,100.723999,-4.664060116,42.93237671,-1.916487638,25.67620087,85.70909882,10.79129982,79.83333333,77.08333333,81.08333333,77.33333333,6.050000191,7.099999905,7.199999809,6.099999905"
"945,30922116,0-20 cm,30922116,2.3,230.5,902,230.5,2.3,Cropland,0.224616315,14772.81395,25.71199989,2.143150091,41.06707991,-4.662455132,0.837566972,32.98619843,11.67650032,31.66666667,30.91666667,32.5,30.75,5.599999905,6.650000095,6.699999809,5.699999809"
"946,30942150,0-20 cm,30942150,0.7,309.3,778,309.3,0.7,Cropland,0.218254746,14711.11364,5.195750237,-2.257250071,41.37146686,-4.711209966,1.544129968,33.57350159,12.27149963,32.16666667,31.33333333,32.91666667,31.16666667,5.900000095,6.949999809,7,6"
"947,31002120,0-20 cm,31002120,0.6,102.8,929,102.8,0.6,Cropland,0.173922434,14766.7381,53.76240158,1.511970043,41.11641053,-4.577341477,1.332550049,32.85490036,11.71949959,31.5,30.75,32.33333333,30.66666667,5.5,6.599999905,6.650000095,5.650000095"
"948,31022086,0-20 cm,31022086,1.1,207.1,1136,207.1,1.1,Grassland,0.170511508,14740.43902,59.60269928,-2.728970051,40.81874928,-4.483074915,1.991350055,34.1167984,11.0302,32.83333333,31.91666667,33.66666667,31.91666667,4.849999905,5.949999809,6,5"
"949,31022198,0-20 cm,31022198,1.8,184.9,903,184.9,1.8,Bareland,0.19660677,14726.04545,55.0965004,-0.476292014,41.81006076,-4.720111209,0.272558004,37.87170029,11.89840031,36,35.33333333,37,35.5,5.650000095,6.699999809,6.800000191,5.800000191"
"950,31062184,0-20 cm,31062184,1.9,248.8,904,248.8,1.9,Cropland,0.178766465,14731,54.85760117,-2.216909885,41.69323942,-4.642704884,2.599859953,35.81029892,12.20790005,34.08333333,33.41666667,34.91666667,33.5,5.849999905,6.949999809,7,6"
"951,31082110,0-20 cm,31082110,0.8,128,919,128,0.8,Cropland,0.189885706,14734.97561,20.02260017,-1.333879948,41.04167993,-4.462895547,1.027780056,32.6413002,11.74380016,31.33333333,30.5,32.16666667,30.5,5.449999809,6.550000191,6.650000095,5.599999905"
"952,31082242,0-20 cm,31082242,1.4,110.8,874,110.8,1.4,Cropland,0.198094973,14730.92683,55.97249985,-2.614890099,42.209586,-4.744725035,1.780240059,38.90990067,11.7191,37.58333333,36.58333333,38.08333333,36.66666667,5.699999809,6.75,6.75,5.75"
"953,31102234,0-20 cm,31102234,1.6,237.7,823,237.7,1.6,Cropland,0.214246978,14674.80435,53.15859985,-0.822866023,42.14238747,-4.703453404,0.43948099,36.39659882,11.95100021,35,34,35.58333333,34.25,5.900000095,6.949999809,7,6"
"954,31122250,0-20 cm,31122250,1.2,73.2,896,73.2,1.2,Cropland,0.181445714,14692.13953,56.14260101,-2.237770081,42.28732383,-4.714625469,1.598709941,39.44070053,11.61760044,37.91666667,37.16666667,38.58333333,37.25,5.550000191,6.599999905,6.699999809,5.650000095"
"955,31142216,0-20 cm,31142216,1.2,146,925,146,1.2,Cropland,0.207793551,14775.46341,53.36209869,0.00146365,41.9902302,-4.616906257,0.114921004,36.57789993,11.75189972,34.75,34.25,35.66666667,34,5.599999905,6.650000095,6.75,5.650000095"
"956,31142272,0-20 cm,31142272,1.6,99.6,947,99.6,1.6,Cropland,0.227694911,14599.44444,43.43690109,-0.233538002,42.4852536,-4.739136619,0.260163009,43.70800018,11.17479992,42.08333333,41.08333333,42.83333333,41.41666667,5.349999905,6.349999905,6.449999809,5.400000095"
"957,31162082,0-20 cm,31162082,0.6,106.6,1047,106.6,0.6,Grassland,0.187241985,14766.15556,73.25119781,-2.566440105,40.80727754,-4.311793702,1.577419996,34.61429977,11.46039963,33.33333333,32.33333333,34.16666667,32.33333333,5.099999905,6.199999809,6.300000191,5.25"
"958,31162226,0-20 cm,31162226,1.6,373.8,804,373.8,1.6,Cropland,0.213764071,14732.85714,51.32109833,2.24725008,42.08215043,-4.614781754,0.408327997,34.51449966,12.18729973,32.91666667,32.08333333,33.5,32.16666667,6.150000095,7.199999809,7.300000191,6.25"
"959,31182138,0-20 cm,31182138,0.8,187,836,187,0.8,Cropland,0.216850903,14785.97619,44.3932991,1.152760029,41.3068521,-4.404134952,0.040630799,32.96509933,11.97749996,31.5,30.75,32.16666667,30.66666667,5.650000095,6.75,6.800000191,5.75"
"960,31182246,0-20 cm,31182246,1.1,160.3,872,160.3,1.1,Cropland,0.206437471,14685.73171,54.31280136,-2.424550056,42.26247574,-4.634408772,1.834969997,38.34579849,11.7670002,36.66666667,35.83333333,37.41666667,36,5.75,6.800000191,6.849999905,5.849999905"
"961,31202176,0-20 cm,31202176,1.4,309,855,309,1.4,Cropland,0.205047375,14761.52273,61.98820114,-3.914740086,41.64673142,-4.460452972,6.590610027,34.92589951,12.04310036,33.08333333,32.41666667,33.75,32.25,5.699999809,6.800000191,6.900000095,5.849999905"
"962,31202186,0-20 cm,31202186,2.3,422.5,916,422.5,2.3,Cropland,0.191718922,14756.23256,54.01210022,-2.033260107,41.73523666,-4.48164849,1.747059941,35.34840012,11.88969994,33.5,32.66666667,34.16666667,32.75,5.650000095,6.699999809,6.75,5.699999809"
"963,31202252,0-20 cm,31202252,1.8,122.1,872,122.1,1.8,Cropland,0.21242549,14648.40909,55.00690079,-0.642463982,42.31901115,-4.623646189,0.565904021,38.87469864,11.60280037,37.08333333,36.25,37.83333333,36.5,5.699999809,6.75,6.800000191,5.800000191"
"964,31262106,0-20 cm,31262106,0.6,132.3,941,132.3,0.6,Grassland,0.202105096,14716.77778,59.57690048,-2.031150103,41.03698698,-4.244245711,3.036060095,35.21820068,11.70349979,33.75,32.66666667,34.58333333,32.75,5.300000191,6.349999905,6.449999809,5.400000095"
"965,31282184,0-20 cm,31282184,1.2,335.2,802,335.2,1.2,Cropland,0.220040429,14735.61905,54.01210022,0.122947,41.73129858,-4.382892763,2.849060059,34.06719971,12.03530025,32.25,31.41666667,32.83333333,31.5,5.800000191,6.900000095,6.949999809,5.900000095"
"966,31302196,0-20 cm,31302196,1.5,544.2,805,544.2,1.5,Cropland,0.194588073,14757.60465,56.12020111,7.645659924,41.84095059,-4.384588998,0.162523001,33.81489944,12.08600044,32,31.08333333,32.66666667,31.16666667,5.849999905,6.949999809,7.050000191,5.949999809"
"967,31302250,0-20 cm,31302250,1.2,114,867,114,1.2,Cropland,0.196647788,14718.4878,55.00690079,-1.682180047,42.31871165,-4.500063011,0.948450029,38.31079865,11.74709988,36.58333333,35.66666667,37.16666667,35.91666667,5.75,6.800000191,6.849999905,5.849999905"
"968,31322102,0-20 cm,31322102,1.3,276.5,1014,276.5,1.3,Cropland,0.18054713,14737.79545,60.21490097,0.051926602,41.01167388,-4.165942071,0.732442975,37.59410095,11.49979973,36.08333333,35,36.91666667,35,5,6.099999905,6.199999809,5.150000095"
"969,31322144,0-20 cm,31322144,2,214.8,855,214.8,2,Cropland,0.205056377,14763.60465,70.57959747,-0.803255022,41.38388973,-4.252174734,0.203152999,33.99010086,11.77690029,32.33333333,31.5,33,31.41666667,5.449999809,6.5,6.599999905,5.550000191"
"970,31322182,0-20 cm,31322182,1.3,389.2,940,389.2,1.3,Cropland,0.168221911,14744.54762,60.22949982,0.806182981,41.72043869,-4.331420245,0.081261598,34.29790115,11.92529964,32.33333333,31.5,33,31.66666667,5.650000095,6.800000191,6.849999905,5.800000191"
"971,31322218,0-20 cm,31322218,1.4,265.8,852,265.8,1.4,Cropland,0.196588071,14795.275,57.29550171,-3.168359995,42.03908466,-4.407590995,2.315049887,34.38389969,12.09689999,32.25,31.83333333,33.16666667,31.75,5.949999809,7.050000191,7.099999905,6.050000191"
"972,31322300,0-20 cm,31322300,1.5,56.5,1159,56.5,1.5,Woodland,0.227644675,14497.72093,73.1085968,-1.80400002,42.7642038,-4.585184224,0.236915007,56.36750031,9.836959839,54.41666667,52.83333333,54.83333333,53.41666667,4.150000095,5.150000095,5.199999809,4.199999809"
"973,31342268,0-20 cm,31342268,1.7,181.8,898,181.8,1.7,Cropland,0.194570571,14624.90909,55.78549957,-1.333019972,42.48480794,-4.491277359,0.969103992,42.53239822,11.35840034,40.5,39.75,41.5,39.91666667,5.449999809,6.5,6.550000191,5.550000191"
"974,31342280,0-20 cm,31342280,2,142.5,1026,142.5,2,Woodland,0.236231261,14489.20455,57.04299927,-2.633749962,42.59090461,-4.51737985,2.599859953,47.98239899,10.46010017,46,44.83333333,46.75,45.25,4.699999809,5.75,5.800000191,4.75"
"975,31342286,0-20 cm,31342286,1.6,52.9,1022,52.9,1.6,Woodland,0.218634457,14594.38095,57.04299927,2.1161201,42.64394535,-4.530477821,0.969103992,49.28120041,10.4843998,47.08333333,46.25,47.91666667,46.41666667,4.75,5.75,5.849999905,4.800000191"
"976,31362156,0-20 cm,31362156,0.8,164.2,955,164.2,0.8,Cropland,0.195346086,14767.78049,70.61840057,1.722470045,41.49698393,-4.229975322,0.090853304,34.74029922,11.58720016,32.83333333,32.33333333,33.66666667,32,5.300000191,6.349999905,6.449999809,5.449999809"
"977,31382126,0-20 cm,31382126,1.4,127.5,929,127.5,1.4,Grassland,0.210012793,14717.53488,2.364049911,6.782820225,41.23453057,-4.144683833,0.385452002,34.83200073,11.69849968,33.16666667,32.5,34,32.33333333,5.150000095,6.199999809,6.300000191,5.25"
"978,31382252,0-20 cm,31382252,1.2,189.2,884,189.2,1.2,Cropland,0.170685159,14701.54762,51.9538002,-2.399319887,42.3502072,-4.408936449,0.857044995,39.32970047,11.67179966,37.25,36.5,38.08333333,36.5,5.699999809,6.75,6.800000191,5.75"
"979,31382306,0-20 cm,31382306,1.9,150.4,1180,150.4,1.9,Cropland,0.230044612,14482.88372,73.1085968,-2.333080053,42.82766859,-4.52627083,2.545140028,58.47969818,9.752470016,56.25,54.66666667,56.66666667,55.25,4.150000095,5.199999809,5.25,4.199999809"
"980,31402124,0-20 cm,31402124,0.6,234.6,944,234.6,0.6,Cropland,0.192023886,14720.46512,2.364049911,4.552410126,41.22016803,-4.117141485,0.247145995,35.11209869,11.67450047,33.41666667,32.75,34.25,32.5,5.050000191,6.150000095,6.25,5.199999809"
"981,31422198,0-20 cm,31422198,1.7,280.2,875,280.2,1.7,Cropland,0.187889386,14783.85,70.834198,-3.241620064,41.87914337,-4.246699882,3.523190022,35.57659912,11.66450024,33.58333333,32.58333333,34.08333333,32.58333333,5.5,6.599999905,6.650000095,5.599999905"
"982,31422234,0-20 cm,31422234,1.9,491,834,491,1.9,Cropland,0.23022811,14722.88095,56.47079849,-1.396610022,42.19781185,-4.322759637,1.449929953,36.62360001,11.81760025,34.66666667,33.75,35.33333333,33.83333333,5.800000191,6.900000095,7,5.949999809"
"983,31422252,0-20 cm,31422252,1.3,132.3,859,132.3,1.3,Cropland,0.205809258,14685.63636,51.9538002,-1.068570018,42.35707775,-4.361196571,0.490931988,39.01779938,11.75949955,37,36.16666667,37.66666667,36.25,5.800000191,6.900000095,6.949999809,5.949999809"
"984,31422310,0-20 cm,31422310,3.7,159.1,1150,159.1,3.7,Woodland,0.261224764,14574.92857,64.8207016,-1.966410041,42.86995928,-4.486932377,2.27196002,57.9679985,9.941360474,55.83333333,54.16666667,56.25,54.66666667,4.400000095,5.449999809,5.5,4.449999809"
"985,31442214,0-20 cm,31442214,1.6,384.1,805,384.1,1.6,Bareland,0.189932073,14749.15,59.53540039,0.516767025,42.02420108,-4.256623424,0.77086997,34.27619934,12.0291996,32.33333333,31.66666667,32.83333333,31.5,5.900000095,7,7.050000191,6"
"986,31442268,0-20 cm,31442268,1.1,237,885,237,1.1,Cropland,0.185773067,14666.95122,55.78549957,4.358170033,42.50204552,-4.371666358,0.203152999,43.67440033,11.27070045,41.58333333,40.66666667,42.25,40.75,5.449999809,6.449999809,6.550000191,5.5"
"987,31462112,0-20 cm,31462112,0.8,145.4,1025,145.4,0.8,Cropland,0.202568791,14651.56818,12.57499981,-0.509986997,41.12382656,-4.022449086,2.131269932,39.0379982,11.22099972,37.25,36.16666667,38.16666667,36.16666667,4.800000191,5.849999905,5.949999809,4.849999905"
"988,31462148,0-20 cm,31462148,1.4,502,914,502,1.4,Bareland,0.201928533,14756.97561,68.98529816,1.021729946,41.44297348,-4.095760533,2.382380009,34.50249863,11.66549969,32.58333333,31.91666667,33.41666667,31.75,5.349999905,6.5,6.550000191,5.5"
"989,31462238,0-20 cm,31462238,3,68.5,895,68.5,3,Cropland,0.209020223,14659.64286,56.47079849,-2.06930995,42.24003988,-4.283621227,2.442120075,37.50149918,11.74520016,35.33333333,34.5,36.08333333,34.5,5.800000191,6.900000095,7,5.900000095"
"990,31462302,0-20 cm,31462302,2.1,250.8,1142,250.8,2.1,Woodland,0.197936793,14658.2439,63.76139832,-1.246170044,42.80615207,-4.421330367,1.522619963,58.75859833,9.816670418,56.41666667,55,56.91666667,55.41666667,4.199999809,5.25,5.300000191,4.300000191"
"991,31482142,0-20 cm,31482142,1.8,376.8,939,376.8,1.8,Cropland,0.207760056,14858.28947,71.91220093,-1.954550028,41.39314783,-4.059952032,0.513930023,34.50899887,11.66600037,32.66666667,31.91666667,33.41666667,31.83333333,5.349999905,6.400000095,6.5,5.449999809"
"992,31482262,0-20 cm,31482262,1.8,209.1,915,209.1,1.8,Cropland,0.198951791,14644.74419,55.27809906,-1.695790052,42.45582033,-4.310940918,0.763338983,41.4530983,11.53059959,39.33333333,38.58333333,40.16666667,38.66666667,5.650000095,6.699999809,6.75,5.75"
"993,31482294,0-20 cm,31482294,2.9,208.4,1100,208.4,2.9,Grassland,0.180775958,14609.86047,79.54360199,-3.006609917,42.73885955,-4.379904926,1.149060011,52.29320145,10.54839993,50.41666667,48.91666667,50.66666667,49.25,4.849999905,5.900000095,5.949999809,4.900000095"
"994,31502164,0-20 cm,31502164,1.5,268,884,268,1.5,Shrubland,0.189106163,14765.75,66.1414032,-3.678139925,41.5914822,-4.081494396,10.98770046,32.99739838,11.98900032,31.08333333,30.33333333,31.75,30.25,5.699999809,6.75,6.849999905,5.800000191"
"995,31522178,0-20 cm,31522178,2.1,297.4,963,297.4,2.1,Cropland,0.185380759,14781.45,65.82730103,-0.456681997,41.7188913,-4.086734184,0.363407999,34.95999908,11.57619953,32.91666667,32.16666667,33.58333333,32.08333333,5.349999905,6.400000095,6.5,5.449999809"
"996,31522294,0-20 cm,31522294,6,317.6,1017,317.6,6,Cropland,0.20850289,14613.04651,68.78579712,-1.50711,42.74572312,-4.331858336,3.570879936,53.25559998,10.4630003,51.25,49.66666667,51.5,50.08333333,4.849999905,5.849999905,5.949999809,4.900000095"
"997,31542174,0-20 cm,31542174,1.7,206.5,957,206.5,1.7,Cropland,0.177790085,14715.04651,63.79959869,-2.320729971,41.68680381,-4.054851382,2.493170023,34.61920166,11.65450001,32.58333333,31.83333333,33.33333333,31.66666667,5.449999809,6.5,6.599999905,5.5"
"998,31542236,0-20 cm,31542236,1.6,183.4,966,183.4,1.6,Cropland,0.198767709,14670.15909,58.90439987,0.00146365,42.23593093,-4.184059268,1.586279988,38.74629974,11.50739956,36.5,35.66666667,37.16666667,35.66666667,5.599999905,6.650000095,6.699999809,5.650000095"
"999,31542242,0-20 cm,31542242,1.6,375.4,864,375.4,1.6,Cropland,0.202975192,14770.67568,57.47840118,-2.180089951,42.28904382,-4.196731685,1.184409976,38.61600113,11.80099964,36.41666667,35.58333333,37.08333333,35.5,5.849999905,6.949999809,7.050000191,6"
"1000,31562158,0-20 cm,31562158,1.8,276,977,276,1.8,Bareland,0.168390025,14810.10811,68.86650085,-0.530892015,41.54834576,-3.99843605,0.574588001,33.87319946,11.74670029,31.91666667,31.08333333,32.66666667,31,5.449999809,6.5,6.599999905,5.550000191"
"1001,31562258,0-20 cm,31562258,1,204.4,881,204.4,1,Cropland,0.179034583,14706.7619,53.72999954,1.152760029,42.43405027,-4.206764317,0.218803003,41.98469925,11.62819958,39.75,38.91666667,40.58333333,39.08333333,5.75,6.849999905,6.900000095,5.849999905"
"1002,31602108,0-20 cm,31602108,1.7,124.4,1078,124.4,1.7,Woodland,0.186540471,14674.62791,62.28689957,-3.120840073,41.11157572,-3.850450282,6.149099827,40.55770111,10.89850044,38.58333333,37.41666667,39.66666667,37.58333333,4.550000191,5.650000095,5.75,4.699999809"
"1003,31602148,0-20 cm,31602148,2.5,412.2,1012,412.2,2.5,Cropland,0.170872243,14737.02381,68.60520172,-2.962529898,41.46634963,-3.930949618,1.798210025,34.75239944,11.56439972,32.75,32,33.5,31.83333333,5.25,6.349999905,6.449999809,5.349999905"
"1004,31602166,0-20 cm,31602166,1.1,278,818,278,1.1,Cropland,0.17831926,14745.95238,63.79959869,-0.0943055,41.62592472,-3.967586277,0.656382978,32.00640106,12.09819984,30,29.25,30.83333333,29.41666667,5.849999905,6.949999809,7.050000191,5.949999809"
"1005,31622098,0-20 cm,31622098,5.9,552.2,1451,552.2,5.9,Woodland,0.235869746,14399.41463,61.51950073,-3.935539961,41.0261369,-3.807126779,15.16100025,66.23370361,8.142279625,63.33333333,61.58333333,64.83333333,61.5,2.599999905,3.75,3.799999952,2.75"
"1006,31622124,0-20 cm,31622124,0.8,243.9,974,243.9,0.8,Cropland,0.181070776,14700.59524,69.8993988,2.117389917,41.25681628,-3.859023278,0.610791981,35.85649872,11.67920017,34,33.25,34.75,33.08333333,5.199999809,6.300000191,6.400000095,5.300000191"
"1007,31622196,0-20 cm,31622196,2.2,440.1,990,440.1,2.2,Cropland,0.177531888,14795,64.84819794,-1.169440031,41.8951268,-4.005515024,0.347146004,35.73929977,11.37650013,33.75,32.83333333,34.33333333,32.75,5.25,6.349999905,6.449999809,5.349999905"
"1008,31642104,0-20 cm,31642104,2,173.6,1237,173.6,2,Woodland,0.227266027,14714.2381,62.28689957,-1.339050055,41.08266662,-3.79564159,0.656382978,45.81969833,9.97329998,43.75,42.5,44.66666667,42.41666667,3.950000048,5.050000191,5.150000095,4.099999905"
"1009,31662250,0-20 cm,31662250,1.8,400.1,854,400.1,1.8,Cropland,0.19474869,14699.46667,58.52690125,-1.457419991,42.38011981,-4.070352234,0.502563,41.69990158,11.73859978,39.5,38.41666667,40.25,38.66666667,5.900000095,6.949999809,7.050000191,6"
"1010,31682200,0-20 cm,31682200,3.5,223.2,934,223.2,3.5,Grassland,0.208209708,14734.80952,65.6792984,-2.274950027,41.94057286,-3.942593823,2.625380039,35.25579834,11.49989986,33.25,32.25,33.83333333,32.25,5.449999809,6.5,6.599999905,5.5"
"1011,31702172,0-20 cm,31702172,0.8,213.5,829,213.5,0.8,Cropland,0.209609434,14748.63415,57.93880081,1.241880059,41.69570373,-3.861678086,0.272558004,31.3647995,12.04759979,29.41666667,28.5,30,28.75,5.900000095,7,7.099999905,5.949999809"
"1012,31702240,0-20 cm,31702240,1.9,253.4,977,253.4,1.9,Cropland,0.18841241,14680.97674,65.06620026,-3.765409946,42.29827101,-4.001655329,4.009530067,41.43730164,11.27770042,39.16666667,38.33333333,39.91666667,38.08333333,5.400000095,6.5,6.599999905,5.550000191"
"1013,31702250,0-20 cm,31702250,1.7,452,925,452,1.7,Cropland,0.188402436,14713,58.52690125,-3.096149921,42.38683021,-4.022559024,2.277390003,42.87639999,11.4623003,40.66666667,39.58333333,41.33333333,39.75,5.599999905,6.699999809,6.800000191,5.75"
"1014,31702276,0-20 cm,31702276,6.4,277,1044,277,6.4,Woodland,0.214418445,14677.82927,60.94779968,-3.456010103,42.61702009,-4.077298384,6.937839985,50.89279938,10.88990021,48.41666667,47.25,49.16666667,47.5,5.300000191,6.349999905,6.400000095,5.349999905"
"1015,31722120,0-20 cm,31722120,1.6,156.2,1085,156.2,1.6,Shrubland,0.154234236,14754.23077,77.25759888,-3.037009954,41.23775954,-3.733654459,2.112240076,37.98649979,11.19789982,35.83333333,34.83333333,36.83333333,35,4.800000191,5.900000095,6,4.900000095"
"1016,31722206,0-20 cm,31722206,1.4,292.4,919,292.4,1.4,Cropland,0.192703725,14773.25641,62.93870163,0.499942988,42.00038876,-3.907444124,1.261319995,34.60210037,11.76379967,32.58333333,31.66666667,33.25,31.66666667,5.699999809,6.75,6.849999905,5.75"
"1017,31722228,0-20 cm,31722228,1.2,311.9,848,311.9,1.2,Cropland,0.185273321,14715.93023,66.03669739,-1.261399984,42.19531604,-3.952853205,0.327573001,36.50680161,11.91720009,34.58333333,33.41666667,35,33.66666667,6,7.099999905,7.199999809,6.099999905"
"1018,31742190,0-20 cm,31742190,2.3,222.6,982,222.6,2.3,Cropland,0.165366869,14818.81579,64.21230316,0.322156012,41.86188885,-3.850962348,0.912986994,34.59339905,11.50139999,32.5,31.5,33.16666667,31.58333333,5.400000095,6.5,6.599999905,5.5"
"1019,31782120,0-20 cm,31782120,0.5,130.5,1079,130.5,0.5,Bareland,0.164122111,14680.64286,77.25759888,-1.488849998,41.2475489,-3.663218018,0.577453017,37.3307991,11.16469955,35.25,34.16666667,36.16666667,34.41666667,4.800000191,5.849999905,6,4.900000095"
"1020,31782138,0-20 cm,31782138,1.6,107,1112,107,1.6,Grassland,0.172454658,14746.53659,57.55970001,-3.012069941,41.40728315,-3.698936941,0.609440029,38.55469894,10.91930008,36.25,35.25,37.16666667,35.33333333,4.699999809,5.800000191,5.900000095,4.800000191"
"1021,31782252,0-20 cm,31782252,2,239.5,901,239.5,2,Cropland,0.193321708,14723.15,62.60309982,4.694099903,42.41789808,-3.931108233,1.793159962,44.78519821,11.2493,42.58333333,41.5,43.33333333,41.66666667,5.5,6.5,6.599999905,5.550000191"
"1022,31822122,0-20 cm,31822122,1.8,95,1102,95,1.8,Shrubland,0.176211615,14658.30233,72.17220306,-2.961730003,41.27180009,-3.620193149,1.588879943,37.87680054,11.00650024,35.75,34.58333333,36.66666667,34.91666667,4.699999809,5.800000191,5.900000095,4.800000191"
"1023,31822144,0-20 cm,31822144,0.8,50.8,1299,50.8,0.8,Woodland,0.182061445,14627.93182,62.59220123,-3.416990042,41.46704255,-3.663776226,4.986780167,41.88270187,10.33180046,39.5,38.33333333,40.25,38.25,4.300000191,5.449999809,5.5,4.449999809"
"1024,31822180,0-20 cm,31822180,1.3,200.1,970,200.1,1.3,Cropland,0.164355077,14747.65,57.78509903,-2.540169954,41.78638655,-3.735907932,1.939779997,32.73880005,11.79710007,30.66666667,29.58333333,31.25,29.83333333,5.650000095,6.75,6.849999905,5.800000191"
"1025,31842150,0-20 cm,31842150,1.1,277.7,1121,277.7,1.1,Shrubland,0.17148464,14663.37778,62.46170044,-3.653310061,41.52353616,-3.652143511,3.821830034,38.56679916,10.79189968,36.25,35.25,37.08333333,35.08333333,4.650000095,5.75,5.849999905,4.800000191"
"1026,31842178,0-20 cm,31842178,0.9,234.6,902,234.6,0.9,Cropland,0.144987882,14759.62791,57.78509903,-1.792029977,41.77192247,-3.708198494,2.152800083,32.32080078,11.7968998,30.16666667,29.16666667,30.83333333,29.33333333,5.75,6.800000191,6.900000095,5.800000191"
"1027,31842214,0-20 cm,31842214,0.9,96,942,96,0.9,Cropland,0.175086355,14756.15789,64.82360077,-2.39312005,42.09111882,-3.781181348,1.164039969,36.23550034,11.56330013,34.25,33.25,34.91666667,33.41666667,5.550000191,6.650000095,6.75,5.599999905"
"1028,31862170,0-20 cm,31862170,0.7,122.4,829,122.4,0.7,Cropland,0.178313868,14737.20455,57.66859818,-0.62223202,41.70422852,-3.668468516,1.617169976,31.63199997,12.03779984,29.58333333,28.66666667,30.25,28.75,5.849999905,6.949999809,7.050000191,5.949999809"
"1029,31862210,0-20 cm,31862210,1,171.8,944,171.8,1,Cropland,0.185101366,14719.2,64.82360077,-2.346960068,42.05894601,-3.749237927,1.983469963,35.35829926,11.50599957,33.33333333,32.33333333,34,32.5,5.5,6.599999905,6.699999809,5.599999905"
"1030,31862228,0-20 cm,31862228,1,149.8,936,149.8,1,Cropland,0.183998373,14716.55263,68.55999756,-1.247460008,42.21849787,-3.786001735,1.417140007,38.75899887,11.49359989,36.75,35.66666667,37.33333333,35.75,5.599999905,6.699999809,6.800000191,5.650000095"
"1031,31882154,0-20 cm,31882154,1.4,253.1,983,253.1,1.4,Bareland,0.148206918,14727.74419,45.63339996,-1.997640014,41.56552864,-3.612912923,1.868800044,33.79069901,11.52999973,31.75,30.75,32.41666667,30.91666667,5.300000191,6.449999809,6.550000191,5.449999809"
"1032,31902120,0-20 cm,31902120,1.5,95.9,1232,95.9,1.5,Woodland,0.224631748,14542.90244,72.17220306,0.238509998,41.26697817,-3.522286794,0.899327993,41.17710114,10.17039967,38.83333333,37.75,39.83333333,38,4.25,5.349999905,5.449999809,4.400000095"
"1033,31902138,0-20 cm,31902138,1.2,248.5,1031,248.5,1.2,Cropland,0.179947947,14680.70455,60.64160156,-0.455568999,41.42677077,-3.557658332,1.169700027,35.37279892,11.28180027,33.41666667,32.33333333,34.08333333,32.33333333,5.050000191,6.150000095,6.300000191,5.150000095"
"1034,31922258,0-20 cm,31922258,2,408.7,935,408.7,2,Bareland,0.193553823,14718.35897,66.12779999,-1.939319968,42.49422142,-3.776015471,1.747059941,47.32170105,11.10589981,44.91666667,43.75,45.83333333,43.91666667,5.449999809,6.5,6.599999905,5.550000191"
"1035,31922312,0-20 cm,31922312,2.8,240.5,969,240.5,2.8,Grassland,0.293070736,14517.02273,60.48149872,-2.525059938,42.97248842,-3.888685083,3.377239943,67.48419952,10.53460026,64.83333333,62.91666667,65.33333333,63.58333333,5.75,6.800000191,6.900000095,5.849999905"
"1036,31962184,0-20 cm,31962184,2.2,405.4,1036,405.4,2.2,Cropland,0.166051807,14736.69048,62.42630005,0.263725996,41.84467211,-3.578073636,0.781500995,34.9557991,11.19270039,32.75,31.66666667,33.33333333,31.58333333,5.25,6.349999905,6.5,5.349999905"
"1037,31982142,0-20 cm,31982142,2.1,152.4,1043,152.4,2.1,Cropland,0.143439354,14706.18182,64.11949921,-1.446490049,41.47516349,-3.471271576,0.167524993,34.96670151,11.33940029,32.91666667,31.91666667,33.58333333,31.91666667,5.099999905,6.199999809,6.300000191,5.199999809"
"1038,31982206,0-20 cm,31982206,1.2,185.6,932,185.6,1.2,Bareland,0.193748383,14671.66667,74.70240021,-1.850499988,42.04306123,-3.598437657,3.341289997,36.69010162,11.11260033,34.58333333,33.58333333,35.33333333,33.5,5.25,6.349999905,6.449999809,5.300000191"
"1039,31982278,0-20 cm,31982278,1.7,206.7,1015,206.7,1.7,Shrubland,0.179417593,14653.39535,69.0042038,-3.700400114,42.68128722,-3.745393426,5.039589882,57.09059906,10.7737999,54.58333333,52.91666667,55.08333333,53.16666667,5.300000191,6.349999905,6.449999809,5.400000095"
"1040,32022132,0-20 cm,32022132,2.3,150,1082,150,2.3,Woodland,0.186166099,14679.21429,70.53029633,-3.2042799,41.39277987,-3.404599865,4.187160015,35.74470139,11.12759972,33.58333333,32.58333333,34.5,32.75,4.849999905,5.949999809,6.099999905,5"
"1041,32022142,0-20 cm,32022142,1.8,559.3,1109,559.3,1.8,Bareland,0.132548573,14755.72093,64.11949921,-0.263850987,41.48157477,-3.424118143,0.162523001,36.36560059,11.13140011,34.16666667,33.16666667,35,33.16666667,4.949999809,6.050000191,6.150000095,5.050000191"
"1042,32022168,0-20 cm,32022168,0.8,122.3,975,122.3,0.8,Woodland,0.163235777,14664.5,54.84479904,-0.862146974,41.71237812,-3.475224748,0.564444005,33.17919922,11.48869991,31,30,31.66666667,30.08333333,5.400000095,6.550000191,6.650000095,5.5"
"1043,32022208,0-20 cm,32022208,1.2,76.7,1075,76.7,1.2,Woodland,0.23677108,14598.1,74.70240021,-3.603389978,42.06728212,-3.554876837,3.945820093,36.54729843,11.03409958,34.41666667,33.33333333,35.16666667,33.33333333,5.199999809,6.300000191,6.449999809,5.300000191"
"1044,32042218,0-20 cm,32042218,3.5,387.9,1120,387.9,3.5,Woodland,0.213484687,14600.12195,77.91130066,-3.205270052,42.1592131,-3.551156971,3.132040024,41.90399933,10.41769981,39.5,38.41666667,40.16666667,38.25,4.599999905,5.699999809,5.800000191,4.699999809"
"1045,32062178,0-20 cm,32062178,0.6,129.6,999,129.6,0.6,Bareland,0.145209006,14765.62791,63.16320038,-2.783849955,41.80755211,-3.447623162,2.279920101,33.98509979,11.27050018,31.75,30.66666667,32.33333333,30.75,5.300000191,6.449999809,6.550000191,5.400000095"
"1046,32062232,0-20 cm,32062232,3.7,104.1,1030,104.1,3.7,Grassland,0.168532045,14622.45,80.58110046,-1.747969985,42.2866084,-3.555519184,2.639139891,43.31190109,10.8071003,40.91666667,39.83333333,41.66666667,39.91666667,5,6.050000191,6.199999809,5.099999905"
"1047,32062244,0-20 cm,32062244,1.8,456,960,456,1.8,Cropland,0.185573308,14702.38462,78.99859619,-2.066479921,42.39301248,-3.579810633,2.705660105,45.87129974,10.9059,43.58333333,42.25,44.25,42.33333333,5.199999809,6.25,6.400000095,5.25"
"1048,32062286,0-20 cm,32062286,1.4,71.2,1086,71.2,1.4,Woodland,0.239100393,14543.46341,59.88000107,-4.063809872,42.76527622,-3.665749136,14.80210018,63.25680161,10.24549961,60.33333333,58.5,61.08333333,59,4.949999809,6,6.099999905,5.050000191"
"1049,32102216,0-20 cm,32102216,0.8,124.1,1109,124.1,0.8,Woodland,0.182338614,14688.33333,78.33229828,-2.214540005,42.15115324,-3.475651927,3.157140017,41.7582016,10.41250038,39.33333333,38.25,39.91666667,38.08333333,4.599999905,5.699999809,5.800000191,4.699999809"
"1050,32102244,0-20 cm,32102244,2.9,299.3,967,299.3,2.9,Cropland,0.199950329,14632.46154,78.99859619,5.552289963,42.3994902,-3.53196502,1.612570047,46.31150055,10.83710003,43.83333333,42.75,44.66666667,42.75,5.199999809,6.25,6.349999905,5.25"
"1051,32142120,0-20 cm,32142120,3.3,404.4,1322,404.4,3.3,Shrubland,0.192335508,14617.09302,65.59529877,0.757184982,41.30523837,-3.240193398,6.854020119,46.51160049,9.598690033,43.83333333,42.58333333,44.83333333,42.58333333,3.75,4.849999905,4.949999809,3.900000095"
"1052,32142162,0-20 cm,32142162,1.2,190.7,967,190.7,1.2,Cropland,0.161249842,14688.56098,63.97140121,-2.556030035,41.67828843,-3.321481653,2.641940117,33.85329819,11.34449959,31.58333333,30.5,32.16666667,30.5,5.25,6.400000095,6.5,5.400000095"
"1053,32142246,0-20 cm,32142246,1.2,68.4,1021,68.4,1.2,Grassland,0.19875115,14633.80488,83.08959961,-1.873289943,42.42368188,-3.488143143,0.609440029,48.15209961,10.7656002,45.66666667,44.33333333,46.41666667,44.5,5.199999809,6.25,6.349999905,5.25"
"1054,32162128,0-20 cm,32162128,1.4,483,1263,483,1.4,Cropland,0.140771842,14710.25,60.57849884,-3.825690031,41.37947032,-3.232026686,6.323279858,39.87009811,10.50360012,37.5,36.41666667,38.5,36.33333333,4.550000191,5.650000095,5.75,4.699999809"
"1055,32162236,0-20 cm,32162236,1.1,133.7,1091,133.7,1.1,Cropland,0.194267295,14665.44737,89.28209686,-1.78471005,42.33820831,-3.444107125,0.857044995,46.99649811,10.26369953,44.41666667,43.16666667,45.33333333,43.33333333,4.75,5.800000191,5.949999809,4.800000191"
"1056,32162304,0-20 cm,32162304,1.9,130.5,656,130.5,1.9,Bareland,0.225849121,14626.39024,77.91999817,-0.652702987,42.94106642,-3.582368634,0.309432,68.51429749,11.92280006,65.41666667,63.41666667,66,64,7.300000191,8.350000381,8.449999809,7.349999905"
"1057,32182144,0-20 cm,32182144,0.9,147.8,984,147.8,0.9,Shrubland,0.14927016,14687.5,63.74309921,-3.662100077,41.52476321,-3.239279354,6.788829803,33.97480011,11.43939972,31.83333333,30.83333333,32.5,30.91666667,5.300000191,6.400000095,6.550000191,5.400000095"
"1058,32182176,0-20 cm,32182176,1.5,340.8,1051,340.8,1.5,Grassland,0.177417328,14686,49.02190018,-3.608799934,41.80894439,-3.301466282,2.050479889,35.88660049,10.77219963,33.5,32.5,34.25,32.33333333,4.949999809,6,6.150000095,5"
"1059,32182292,0-20 cm,32182292,1.5,268.1,772,268.1,1.5,Shrubland,0.221442804,14637.1,78.86260223,-4.018229961,42.83796389,-3.533599476,13.48239994,68.17250061,10.48649979,65,63,65.58333333,63.5,5.599999905,6.650000095,6.75,5.699999809"
"1060,32202154,0-20 cm,32202154,0.9,346.7,1008,346.7,0.9,Cropland,0.144617871,14685.63636,53.1310997,-2.43727994,41.61674363,-3.234992745,1.505190015,33.36410141,11.54679966,31.16666667,30.08333333,31.83333333,30.16666667,5.449999809,6.599999905,6.699999809,5.550000191"
"1061,32202208,0-20 cm,32202208,3.1,319.1,1088,319.1,3.1,Woodland,0.213328748,14706.92308,58.3207016,-2.536119938,42.09617736,-3.340626633,2.320379972,40.55120087,10.39690018,38.08333333,37,38.91666667,36.83333333,4.650000095,5.75,5.849999905,4.800000191"
"1062,32202250,0-20 cm,32202250,1.7,452.5,881,452.5,1.7,Cropland,0.18567874,14649.8,81.40540314,-0.631253004,42.46880362,-3.424358498,2.905380011,49.48049927,10.81389999,47,45.33333333,47.75,45.58333333,5.349999905,6.449999809,6.5,5.449999809"
"1063,32202258,0-20 cm,32202258,1.9,297.8,999,297.8,1.9,Cropland,0.185049225,14684.61538,81.40540314,-3.244349957,42.53975375,-3.440466327,2.72777009,52.67959976,10.50599957,49.91666667,48.5,50.5,48.5,5.050000191,6.099999905,6.25,5.150000095"
"1064,32222200,0-20 cm,32222200,3,102.4,1075,102.4,3,Grassland,0.204283721,14667.7,76.06089783,-2.325040102,42.02835268,-3.301044929,1.328209996,36.87279892,10.76720047,34.66666667,33.5,35.25,33.58333333,4.949999809,6.050000191,6.150000095,5.050000191"
"1065,32222206,0-20 cm,32222206,2.2,214.7,1038,214.7,2.2,Shrubland,0.203329166,14660.275,76.06089783,-1.185119987,42.08160882,-3.312864028,5.096479893,39.3321991,10.4218998,37,35.75,37.58333333,35.83333333,4.699999809,5.800000191,5.949999809,4.800000191"
"1066,32222210,0-20 cm,32222210,2.2,198.4,1125,198.4,2.2,Shrubland,0.217399799,14694.84211,58.3207016,-3.190629959,42.11711028,-3.32075901,2.973380089,41.72499847,10.23729992,39.25,38,40.08333333,37.91666667,4.599999905,5.699999809,5.800000191,4.699999809"
"1067,32222272,0-20 cm,32222272,1.7,212.2,681,212.2,1.7,Bareland,0.175925233,14675.95122,59.50159836,-1.774780035,42.66711384,-3.444746116,1.207859993,55.89759827,11.96879959,52.91666667,51.33333333,53.66666667,51.66666667,6.900000095,7.949999809,8.050000191,7"
"1068,32242118,0-20 cm,32242118,0.9,63.4,1375,63.4,0.9,Woodland,0.176825542,14660.14634,71.36319733,-3.543659925,41.30316895,-3.118759253,4.451169968,43.45230103,9.999690056,40.75,39.66666667,41.66666667,39.66666667,4.050000191,5.199999809,5.300000191,4.199999809"
"1069,32262314,0-20 cm,32262314,2.6,213.2,738,213.2,2.6,Grassland,0.26183278,14638.14286,95.36219788,-0.881757021,43.04587637,-3.482133651,0.77620399,77.91829681,11.00699997,74.25,72.08333333,74.91666667,72.83333333,6.550000191,7.550000191,7.599999905,6.599999905"
"1070,32282118,0-20 cm,32282118,3,326.9,1280,326.9,3,Grassland,0.149223525,14635.06818,66.8809967,-1.859509945,41.30941042,-3.071706029,1.439659953,41.82099915,10.26200008,39.16666667,38.16666667,40.16666667,38.16666667,4.300000191,5.400000095,5.550000191,4.449999809"
"1071,32282136,0-20 cm,32282136,1.1,304.1,1038,304.1,1.1,Cropland,0.155611603,14713.95,59.89590073,-2.32930994,41.46938891,-3.105945253,1.674780011,34.6711998,11.38980007,32.41666667,31.5,33.25,31.41666667,5.25,6.349999905,6.5,5.349999905"
"1072,32302124,0-20 cm,32302124,7.1,454.1,1303,454.1,7.1,Shrubland,0.141937311,14731.5641,62.58039856,-3.024580002,41.3658569,-3.059543195,2.504699945,42.44919968,10.21619987,39.75,38.83333333,40.75,38.75,4.25,5.400000095,5.550000191,4.400000095"
"1073,32302254,0-20 cm,32302254,1.5,203.7,877,203.7,1.5,Cropland,0.200786012,14607.15,77.74530029,-2.43095994,42.520261,-3.31252627,3.279730082,49.7262001,11.20170021,47,45.58333333,47.58333333,45.75,5.900000095,6.949999809,7.050000191,5.949999809"
"1074,32302268,0-20 cm,32302268,2,367.3,698,367.3,2,Grassland,0.195006705,14728.125,63.12530136,-0.610423982,42.64444946,-3.340555369,0.317333996,54.27209854,11.91740036,51.41666667,49.66666667,51.91666667,50,6.75,7.800000191,7.900000095,6.800000191"
"1075,32322290,0-20 cm,32322290,1.8,134.8,8888,134.8,1.8,Woodland,0.226665567,14624.54762,66.28749847,-3.484230042,42.84275047,-3.360812785,5.838719845,66.13189697,11.58440018,62.83333333,61,63.25,61.33333333,6.849999905,7.900000095,8,6.949999809"
"1076,32322300,0-20 cm,32322300,1,114.3,792,114.3,1,Cropland,0.219825285,14533.7907,82.95619965,-2.147730112,42.93141803,-3.381072834,4.612120152,71.16470337,10.98719978,67.66666667,65.83333333,68.16666667,66.33333333,6.25,7.300000191,7.349999905,6.300000191"
"1077,32342232,0-20 cm,32342232,3.8,251.5,1069,251.5,3.8,Woodland,0.217608177,14545.86047,92.28279877,-4.409840107,42.33138502,-3.220976137,14.89439964,47.5530014,9.729399681,44.75,43.5,45.41666667,43.58333333,4.449999809,5.550000191,5.650000095,4.550000191"
"1078,32342304,0-20 cm,32342304,1.7,207.8,719,207.8,1.7,Cropland,0.218692888,14574.46341,92.99770355,-1.361940026,42.97008259,-3.365043001,3.669759989,73.78099823,11.06120014,70.16666667,68.25,70.75,68.66666667,6.349999905,7.349999905,7.449999809,6.400000095"
"1079,32402314,0-20 cm,32402314,2.1,124.4,428,124.4,2.1,Grassland,0.278372939,14589.53659,75.29560089,-1.726150036,43.06832353,-3.312794436,6.838759899,80.89859772,11.52540016,77,74.58333333,77.58333333,75.25,7.349999905,8.350000381,8.449999809,7.400000095"
"1080,32402318,0-20 cm,32402318,1.9,434.6,458,434.6,1.9,Grassland,0.311421955,14603.38095,75.29560089,-2.952169895,43.10378867,-3.32091129,1.625309944,82.64350128,12.61789989,78.66666667,76.25,79.08333333,76.91666667,8.75,9.75,9.899999619,8.800000191"
"1081,32422186,0-20 cm,32422186,3.4,78.9,1194,78.9,3.4,Woodland,0.236693903,14530.69767,54.38800049,-2.117899895,41.93546723,-3.036020515,4.280449867,46.09049988,9.102390289,43.16666667,41.91666667,44,41.66666667,3.799999952,4.900000095,5.050000191,3.900000095"
"1082,32422190,0-20 cm,32422190,2.8,233.6,1147,233.6,2.8,Grassland,0.272341707,14562.825,54.38800049,5.513679981,41.97100055,-3.043720684,0.509090006,42.70709991,9.558179855,40.08333333,38.58333333,40.83333333,38.75,4.099999905,5.199999809,5.400000095,4.25"
"1083,32462114,0-20 cm,32462114,4.6,357.3,1246,357.3,4.6,Shrubland,0.137845455,14672.08889,67.10140228,-2.804739952,41.30164693,-2.852404278,2.147819996,41.23020172,10.56709957,38.41666667,37.25,39.41666667,37.5,4.699999809,5.800000191,5.900000095,4.75"
"1084,32462150,0-20 cm,32462150,0.8,47.9,1061,47.9,0.8,Woodland,0.18304863,14616.2,57.66619873,-2.440320015,41.62174786,-2.919963126,1.340569973,35.83499908,10.7191,33.5,32.5,34.25,32.41666667,4.849999905,5.949999809,6.099999905,4.900000095"
"1085,32462168,0-20 cm,32462168,1.7,82.1,1208,82.1,1.7,Woodland,0.214801122,14564.78049,42.59830093,-3.785939932,41.78173471,-2.954102025,3.978729963,41.04560089,9.755789757,38.41666667,37.08333333,39.16666667,37,4.199999809,5.300000191,5.5,4.349999905"
"1086,32462180,0-20 cm,32462180,1.6,109.9,1283,109.9,1.6,Woodland,0.21973424,14494.4359,58.34859848,-3.812890053,41.88836914,-2.976995997,6.874070168,44.73329926,9.103469849,42,40.58333333,42.58333333,40.33333333,3.900000095,5,5.099999905,3.950000048"
"1087,32482146,0-20 cm,32482146,3,332.8,1058,332.8,3,Woodland,0.170898528,14639.7561,57.66619873,-2.154609919,41.58926627,-2.888769839,2.266149998,36.4048996,10.73630047,34,33,34.83333333,32.83333333,4.800000191,5.949999809,6.099999905,4.949999809"
"1088,32522178,0-20 cm,32522178,2.8,114.6,1204,114.6,2.8,Woodland,0.233498612,14468.19512,46.32960129,-2.289489985,41.87986149,-2.901931231,3.490869999,47.9068985,8.709179878,45,43.5,45.75,43.25,3.599999905,4.699999809,4.849999905,3.700000048"
"1089,32542122,0-20 cm,32542122,2.5,559.5,1019,559.5,2.5,Cropland,0.152838471,14710.23256,64.66860199,-2.008529902,41.38501958,-2.773077689,3.748759985,37.53079987,11.25020027,35,34,35.83333333,33.91666667,5.25,6.349999905,6.449999809,5.349999905"
"1090,32542140,0-20 cm,32542140,0.8,180.3,978,180.3,0.8,Cropland,0.181145501,14684.875,63.97140121,-0.394915998,41.54510927,-2.806608838,3.003109932,35.78990173,11.1626997,33.41666667,32.5,34.16666667,32.25,5.199999809,6.349999905,6.449999809,5.300000191"
"1091,32542176,0-20 cm,32542176,2.4,93.7,1165,93.7,2.4,Woodland,0.20856087,14478.19048,46.32960129,-1.780830026,41.86516229,-2.874386159,2.298990011,41.45550156,9.482560158,38.83333333,37.41666667,39.58333333,37.33333333,4.150000095,5.300000191,5.400000095,4.25"
"1092,32562186,0-20 cm,32562186,2.2,134.5,1530,134.5,2.2,Woodland,0.259896435,14422.17949,63.52069855,-3.180579901,41.95711126,-2.86960417,11.58520031,53.54779816,8.032950401,50.08333333,48.5,51.08333333,48.66666667,2.950000048,4.050000191,4.150000095,3"
"1093,32582174,0-20 cm,32582174,1.1,46.5,1167,46.5,1.1,Woodland,0.22045359,14441.16279,46.32960129,-2.616359949,41.85351816,-2.823112861,3.729670048,41.10699844,9.610420227,38.41666667,37.16666667,39.25,37,4.300000191,5.400000095,5.5,4.349999905"
"1094,32602106,0-20 cm,32602106,2.5,564.8,1184,564.8,2.5,Cropland,0.140285706,14714.40476,59.34189987,-2.337749958,41.25176768,-2.672910999,1.073330045,41.01839828,10.78829956,38.16666667,36.91666667,39.16666667,37.25,4.800000191,5.949999809,6.050000191,4.900000095"
"1095,32662124,0-20 cm,32662124,1.5,254.4,1099,254.4,1.5,Cropland,0.189845385,14610.04762,66.07679749,-1.850729942,41.42098511,-2.635305152,2.252660036,37.77199936,10.98130035,35.25,34.16666667,36,34.16666667,5,6.150000095,6.25,5.099999905"
"1096,32682112,0-20 cm,32682112,3.1,351.3,1162,351.3,3.1,Shrubland,0.148164086,14756.74419,62.2466011,-3.124010086,41.31720565,-2.589749488,3.395920038,41.12850189,10.70349979,38.33333333,37.08333333,39.25,37.25,4.75,5.900000095,6.050000191,4.900000095"
"1097,32702098,0-20 cm,32702098,2.5,213.9,1187,213.9,2.5,Grassland,0.181979293,14684.5,73.311203,-1.665629983,41.19558584,-2.540744935,2.58652997,43.76890182,10.72179985,41,39.66666667,41.83333333,39.66666667,4.800000191,5.900000095,6.099999905,4.900000095"
"1098,32702142,0-20 cm,32702142,0.3,65.8,1055,65.8,0.3,Woodland,0.207272415,14575.46512,60.56900024,1.853500009,41.58715719,-2.62121322,1.260010004,38.23490143,10.36219978,35.75,34.58333333,36.5,34.5,4.550000191,5.650000095,5.849999905,4.650000095"
"1099,32722274,0-20 cm,32722274,1.7,320.8,541,320.8,1.7,Cropland,0.208070459,14675.44186,76.07420349,-2.255199909,42.76346372,-2.847071605,1.310080051,62.08409882,11.83409977,58.66666667,56.83333333,59.16666667,57.25,6.949999809,8,8.100000381,7"
"1100,32742100,0-20 cm,32742100,1.9,291.7,1216,291.7,1.9,Cropland,0.139249416,14714.40909,71.54190063,-1.822890043,41.21935772,-2.497342179,2.183209896,42.59590149,10.83119965,39.75,38.5,40.75,38.58333333,4.900000095,6.050000191,6.150000095,5.050000191"
"1101,32762098,0-20 cm,32762098,1.4,535.6,1172,535.6,1.4,Grassland,0.113712404,14717.7619,71.54190063,-3.543070078,41.20452616,-2.470215714,4.13891983,44.28440094,10.70829964,41.5,40.16666667,42.33333333,40.33333333,4.800000191,5.949999809,6.099999905,4.900000095"
"1102,32762120,0-20 cm,32762120,1.3,446.3,1056,446.3,1.3,Cropland,0.157908955,14667.39535,65.12200165,-2.375329971,41.40037594,-2.510062209,1.222120047,39.66699982,10.99339962,37,35.83333333,37.83333333,36,5,6.150000095,6.300000191,5.150000095"
"1103,32782118,0-20 cm,32782118,0.5,169.1,1076,169.1,0.5,Cropland,0.145712756,14672.65909,65.12200165,-2.780600071,41.38555291,-2.482846924,1.144019961,39.29999924,11.1548996,36.5,35.5,37.41666667,35.66666667,5.150000095,6.300000191,6.400000095,5.25"
"1104,32782154,0-20 cm,32782154,3.6,343.5,1156,343.5,3.6,Grassland,0.157479192,14636.26667,57.81209946,-3.01925993,41.70592765,-2.548625871,2.088310003,39.81629944,10.20660019,37.25,36.08333333,38,35.91666667,4.449999809,5.550000191,5.650000095,4.5"
"1105,32802128,0-20 cm,32802128,2.4,376.8,1069,376.8,2.4,Shrubland,0.151039426,14715.775,55.92620087,-2.61548996,41.47754085,-2.477412373,1.941480041,38.16590118,11.12040043,35.58333333,34.5,36.33333333,34.5,5.150000095,6.25,6.400000095,5.199999809"
"1106,32802152,0-20 cm,32802152,0.6,103.6,1109,103.6,0.6,Cropland,0.148822653,14612.56818,63.56980133,-1.32712996,41.69112376,-2.521254712,1.744220018,39.54899979,10.21809959,37,35.83333333,37.75,35.66666667,4.449999809,5.599999905,5.699999809,4.550000191"
"1107,32862126,0-20 cm,32862126,1.3,214.6,1153,214.6,1.3,Bareland,0.132945715,14728.25581,55.92620087,-1.757290006,41.46863748,-2.402944954,0.55262202,41.24300003,10.64009953,38.25,37.25,39.41666667,37.33333333,4.75,5.900000095,6.050000191,4.900000095"
"1108,32862162,0-20 cm,32862162,0.7,69,1121,69,0.7,Grassland,0.184562984,14697.13333,71.28150177,-3.330039978,41.78904759,-2.468456276,1.836770058,40.23839951,10.29030037,37.66666667,36.41666667,38.41666667,36.33333333,4.599999905,5.699999809,5.849999905,4.699999809"
"1109,32882170,0-20 cm,32882170,0.6,42.6,1110,42.6,0.6,Woodland,0.198669963,14579.17391,82.86419678,-2.16979003,41.86320455,-2.459380641,1.350379944,40.68920135,10.04599953,38.16666667,36.83333333,38.83333333,36.75,4.400000095,5.5,5.650000095,4.5"
"1110,32882182,0-20 cm,32882182,2,92,1231,92,2,Woodland,0.261090997,14535.86047,78.00869751,-2.262140036,41.96996544,-2.48145454,2.744620085,48.40370178,8.906020164,45.41666667,43.83333333,46.33333333,43.83333333,3.5,4.599999905,4.75,3.599999905"
"1111,32902116,0-20 cm,32902116,1.5,108.8,1107,108.8,1.5,Woodland,0.187946505,14710.13636,60.03369904,-2.913009882,41.38550002,-2.337744877,2.110680103,39.87269974,11.04510021,37.08333333,36,38.08333333,36.25,5.099999905,6.25,6.349999905,5.25"
"1112,32902134,0-20 cm,32902134,2.5,379.2,1062,379.2,2.5,Cropland,0.155385656,14691.25,60.43939972,2.904040098,41.54576631,-2.370138877,1.489770055,38.72259903,10.84609985,36.08333333,35.08333333,37,34.91666667,4.949999809,6.050000191,6.199999809,5.050000191"
"1113,32902162,0-20 cm,32902162,2.3,212.2,1099,212.2,2.3,Shrubland,0.157722212,14672.93478,71.28150177,-1.555289984,41.79498792,-2.420987055,2.128170013,39.04940033,10.42479992,36.5,35.41666667,37.25,35.25,4.699999809,5.800000191,5.949999809,4.800000191"
"1114,32962142,0-20 cm,32962142,1,181.6,1033,181.6,1,Cropland,0.153024929,14677.4186,66.90170288,-0.107234001,41.62582111,-2.31358952,0.040630799,39.10879898,10.74870014,36.41666667,35.33333333,37.25,35.16666667,4.849999905,5.949999809,6.099999905,4.949999809"
"1115,32962154,0-20 cm,32962154,0.7,84.9,1077,84.9,0.7,Cropland,0.161134694,14654.72093,73.84559631,-2.032190084,41.73264825,-2.335262403,0.921086013,39.82139969,10.50189972,37.16666667,36,38,35.91666667,4.650000095,5.75,5.949999809,4.800000191"
"1116,33002132,0-20 cm,33002132,1.7,172.8,1103,172.8,1.7,Woodland,0.170851535,14711.06977,62.53820038,-0.714164019,41.54263915,-2.248315826,2.346149921,39.7560997,10.66539955,37,35.83333333,37.91666667,35.83333333,4.849999905,5.949999809,6.099999905,4.949999809"
"1117,33042156,0-20 cm,33042156,1.7,351.5,1148,351.5,1.7,Cropland,0.187213298,14621.82222,66.32700348,-1.478070021,41.76218499,-2.243977298,2.277390003,42.33409882,10.01679993,39.41666667,38.08333333,40.33333333,38.16666667,4.349999905,5.449999809,5.599999905,4.449999809"
"1118,33042198,0-20 cm,33042198,2.8,96,1284,96,2.8,Shrubland,0.229715102,14472.41463,71.68109894,-3.915280104,42.13601141,-2.320143562,12.04959965,49.71820068,9.186880112,46.66666667,44.91666667,47.5,45.08333333,4.050000191,5.150000095,5.300000191,4.150000095"
"1119,33162156,0-20 cm,33162156,2,170.7,1111,170.7,2,Cropland,0.167199385,14693.5,66.61329651,-0.235079005,41.77961749,-2.101556534,1.83901,42.11240005,10.17850018,39.25,38,40.08333333,38,4.5,5.599999905,5.75,4.599999905"
"1120,33182168,0-20 cm,33182168,2.1,92.5,1167,92.5,2.1,Cropland,0.183977431,14599.77273,59.49020004,-2.964659929,41.88937446,-2.09916554,2.379610062,42.53150177,10.23910046,39.75,38.25,40.58333333,38.33333333,4.849999905,6,6.099999905,4.949999809"
"1121,33222156,0-20 cm,33222156,1.8,153.5,1082,153.5,1.8,Cropland,0.171484736,14552.61364,66.61329651,1.38744998,41.7882579,-2.030319382,2.016439915,46.02809906,9.705400467,42.91666667,41.33333333,43.83333333,41.66666667,4.150000095,5.25,5.449999809,4.300000191"
"1122,33222166,0-20 cm,33222166,2,203.7,1062,203.7,2,Cropland,0.162001048,14681.66667,59.49020004,-3.085949898,41.87732823,-2.048039512,2.422820091,42.80339813,10.37139988,40,38.5,40.66666667,38.58333333,4.949999809,6.099999905,6.199999809,5.050000191"
"1123,31982074,0-20 cm,31982074,0.8,182.4,877,182.4,0.8,Bareland,0.17258767,14749.71739,38.78110123,-2.509530067,40.87116153,-3.339600018,6.260290146,32.8504982,12.3348999,30.91666667,29.91666667,31.83333333,30.08333333,6,7.099999905,7.199999809,6.150000095"
"1124,31982106,0-20 cm,31982106,1.8,81.7,1512,81.7,1.8,Shrubland,0.214464296,14426.09302,52.87820053,-4.08397007,41.15547655,-3.401129041,16.05290031,52.44449997,8.988889694,49.5,48.16666667,50.83333333,48.25,3.450000048,4.599999905,4.699999809,3.599999905"
"1125,32162062,0-20 cm,32162062,1.8,394.3,751,394.3,1.8,Cropland,0.202379676,14744.67391,38.59220123,-1.571149945,40.79280482,-3.106768564,1.981809974,33.48160172,13.14840031,31.33333333,30.41666667,32.25,30.66666667,6.699999809,7.800000191,7.900000095,6.800000191"
"1126,32202078,0-20 cm,32202078,1.2,435,900,435,1.2,Cropland,0.161526574,14798.32558,37.78889847,0.635442019,40.94132523,-3.090059384,1.310080051,34.19860077,12.36740017,32.08333333,31.16666667,33.08333333,31.16666667,6.050000191,7.199999809,7.349999905,6.199999809"
"1127,32202096,0-20 cm,32202096,2.2,75.6,1258,75.6,2.2,Shrubland,0.209370653,14591.68182,58.55619812,-2.849930048,41.10136294,-3.123998624,2.439419985,39.57030106,10.45460033,37.33333333,36.25,38.16666667,36.08333333,4.650000095,5.800000191,5.900000095,4.75"
"1128,32222062,0-20 cm,32222062,1.2,176.9,814,176.9,1.2,Bareland,0.149384299,14818.84091,52.10409927,-2.285890102,40.80213841,-3.036747135,1.674780011,34.6515007,12.90180016,32.5,31.58333333,33.5,31.58333333,6.5,7.599999905,7.699999809,6.650000095"
"1129,32262092,0-20 cm,32262092,1.1,56.3,1071,56.3,1.1,Grassland,0.201708113,14691.26667,48.7492981,-2.768189907,41.07514951,-3.046116213,1.38654995,36.14049911,11.21560001,33.91666667,32.91666667,34.91666667,32.91666667,5.25,6.400000095,6.5,5.349999905"
"1130,32262102,0-20 cm,32262102,9.9,172.8,1822,172.8,9.9,Shrubland,0.188708842,14542.09302,62.85319901,-4.25428009,41.16406137,-3.064948675,12.06480026,48.73059845,9.508640289,45.75,44.66666667,46.83333333,44.5,3.950000048,5.050000191,5.150000095,4.099999905"
"1131,32282068,0-20 cm,32282068,3.7,328.1,1075,328.1,3.7,Bareland,0.1681952,14682.02222,52.10409927,-3.046250105,40.86479848,-2.977848365,4.897819996,36.09859848,12.0802002,33.75,32.91666667,34.91666667,32.91666667,5.800000191,6.900000095,7.099999905,5.949999809"
"1132,32282078,0-20 cm,32282078,0.8,223.4,938,223.4,0.8,Grassland,0.156324382,14708.88636,37.78889847,-2.782900095,40.9537477,-2.996474178,1.875399947,34.55160141,12.39229965,32.41666667,31.5,33.33333333,31.5,6.099999905,7.199999809,7.349999905,6.25"
"1133,32282108,0-20 cm,32282108,4,266.2,1229,266.2,4,Shrubland,0.165769999,14594.56818,62.85319901,-2.63586998,41.22051482,-3.05278801,3.107270002,44.51150131,9.798299789,41.66666667,40.5,42.83333333,40.66666667,4.050000191,5.150000095,5.300000191,4.150000095"
"1134,32342062,0-20 cm,32342062,2.8,466,1076,466,2.8,Grassland,0.182490182,14690.15556,71.32520294,-1.627580047,40.82065701,-2.896649767,0.822655022,38.61569977,11.54819965,36.16666667,35.16666667,37.33333333,35.33333333,5.349999905,6.449999809,6.599999905,5.5"
"1135,32342070,0-20 cm,32342070,3.8,157.9,1076,157.9,3.8,Shrubland,0.163243959,14690.46667,56.0489006,-2.982630014,40.8918361,-2.911433864,6.761569977,38.28720093,11.67650032,35.83333333,34.75,37,34.91666667,5.449999809,6.650000095,6.75,5.599999905"
"1136,32382082,0-20 cm,32382082,1,150.5,984,150.5,1,Shrubland,0.171348339,14756.55556,44.03699875,-0.849857986,41.00473773,-2.886853777,3.185909986,36.58800125,11.85319996,34.16666667,33.25,35.25,33.25,5.699999809,6.800000191,6.900000095,5.800000191"
"1137,32382088,0-20 cm,32382088,0.9,85.2,965,85.2,0.9,Shrubland,0.151202561,14593.02222,44.03699875,2.789230108,41.05811289,-2.897985594,2.529560089,35.88840103,11.76439953,33.41666667,32.66666667,34.5,32.66666667,5.650000095,6.800000191,6.900000095,5.75"
"1138,32402080,0-20 cm,32402080,1.5,167.4,999,167.4,1.5,Shrubland,0.160995433,14797.09302,44.03699875,-3.72104001,40.99001017,-2.859731055,6.077950001,36.7417984,12.12870026,34.25,33.33333333,35.41666667,33.5,5.900000095,7.050000191,7.150000095,6.050000191"
"1139,32402110,0-20 cm,32402110,0.7,146.4,1170,146.4,0.7,Bareland,0.13513313,14672.64444,67.10140228,-2.610330105,41.25686138,-2.915511267,1.426419973,40.52679825,10.67879963,37.91666667,36.75,38.83333333,36.83333333,4.699999809,5.849999905,5.949999809,4.800000191"
"1140,32422106,0-20 cm,32422106,1.8,122.2,1217,122.2,1.8,Woodland,0.200877538,14641.93182,63.78939819,-2.53312993,41.22436104,-2.88453281,5.273009777,40.95159912,10.57320023,38.16666667,37.16666667,39.33333333,37.25,4.650000095,5.800000191,5.900000095,4.75"
"1141,32462078,0-20 cm,32462078,2.2,195.6,992,195.6,2.2,Shrubland,0.177183256,14729.90698,49.58470154,-3.584399939,40.98137536,-2.785788919,4.323299885,37.17279816,12.0880003,34.75,33.91666667,35.83333333,33.83333333,5.849999905,7,7.150000095,6"
"1142,32462108,0-20 cm,32462108,3.2,384.1,1174,384.1,3.2,Shrubland,0.139058882,14749.45238,63.78939819,-2.735909939,41.24828022,-2.841236682,4.912310123,40.15739822,10.77709961,37.5,36.41666667,38.75,36.58333333,4.849999905,5.949999809,6.150000095,5"
"1143,32562088,0-20 cm,32562088,2.1,326.6,1107,326.6,2.1,Shrubland,0.155887848,14721.69767,54.65330124,-4.585840225,41.08553734,-2.686921737,11.62959957,38.72790146,11.59070015,36.16666667,35.25,37.16666667,35.16666667,5.5,6.650000095,6.75,5.599999905"
"1144,32582102,0-20 cm,32582102,0.9,333.9,1013,333.9,0.9,Cropland,0.146438421,14739.69767,60.1568985,-2.640650034,41.21315107,-2.689085395,1.221449971,39.4435997,11.25039959,36.75,35.58333333,37.75,35.66666667,5.25,6.349999905,6.449999809,5.300000191"
"1145,32722080,0-20 cm,32722080,1.3,356.8,1202,356.8,1.3,Cropland,0.132948471,14675.13636,64.31459808,-2.755650043,41.03830208,-2.484773051,3.315370083,45.29899979,10.76980019,42.5,41.16666667,43.58333333,41.25,4.800000191,5.900000095,6.050000191,4.900000095"
"1146,32782060,0-20 cm,32782060,3.4,578.7,1170,578.7,3.4,Shrubland,0.160350564,14722.64444,59.82450104,0.400591999,40.86904323,-2.378798845,2.818569899,46.79109955,11.21959972,43.83333333,43,45.16666667,42.91666667,5.150000095,6.300000191,6.449999809,5.300000191"
"1147,32802056,0-20 cm,32802056,2.2,514.2,1182,514.2,2.2,Shrubland,0.174001491,14672.81395,59.82450104,-2.793469906,40.83634873,-2.34832867,3.125469923,46.20399857,11.39789963,43.25,42.33333333,44.5,42.41666667,5.300000191,6.5,6.599999905,5.449999809"
"1148,32802074,0-20 cm,32802074,1.8,195.4,1202,195.4,1.8,Shrubland,0.188923396,14598.27907,68.30639648,-3.006249905,40.99670947,-2.380260705,2.166160107,44.95349884,10.84729958,42,40.91666667,43.16666667,41.08333333,4.900000095,6.050000191,6.150000095,5"
"1149,32902068,0-20 cm,32902068,1.2,82.1,1267,82.1,1.2,Shrubland,0.181233833,14695.46341,65.48819733,-3.173150063,40.95792131,-2.252467633,6.068039894,45.75099945,11.0958004,42.75,41.75,43.91666667,41.91666667,5.150000095,6.300000191,6.400000095,5.300000191"
"1150,32902080,0-20 cm,32902080,3.5,225.1,1286,225.1,3.5,Shrubland,0.162426382,14748.4186,61.22109985,-2.163389921,41.06484363,-2.273637455,3.211349964,48.44919968,10.32009983,45.16666667,44,46.41666667,44.08333333,4.449999809,5.599999905,5.75,4.599999905"
"1151,33062062,0-20 cm,33062062,1.9,515.9,1292,515.9,1.9,Cropland,0.168414889,14641.68182,67.14070129,-2.392699957,40.92759971,-2.05457542,1.546800017,49.01499939,10.08549976,45.83333333,44.75,47.16666667,44.75,4.400000095,5.550000191,5.699999809,4.5"
"1152,33182064,0-20 cm,33182064,1.9,635.8,1256,635.8,1.9,Cropland,0.155143557,14753.51111,72.88469696,-1.080360055,40.96256373,-1.917411132,2.436719894,46.00690079,10.59609985,43.08333333,41.91666667,44.25,41.83333333,4.900000095,6.050000191,6.199999809,5.050000191"
"1153,33182082,0-20 cm,33182082,3.4,568.8,1093,568.8,3.4,Woodland,0.185318485,14596.52174,58.18209839,-3.217649937,41.12306987,-1.948341245,7.253419876,43.09609985,10.73320007,40.25,39,41.08333333,39.25,5.150000095,6.300000191,6.400000095,5.25"
"1154,33222058,0-20 cm,33222058,0.9,108.9,1213,108.9,0.9,Cropland,0.165721462,14643.84444,72.88469696,3.103149891,40.91471375,-1.860297436,0.891957998,44.07600021,10.83860016,41.41666667,40.16666667,42.41666667,40.25,5.099999905,6.25,6.400000095,5.199999809"
"1155,33222072,0-20 cm,33222072,0.8,178.2,1293,178.2,0.8,Cropland,0.16122146,14699.72727,62.19250107,-3.39628005,41.03957909,-1.884189041,3.363349915,45.35770035,10.60130024,42.5,41,43.5,41.25,4.949999809,6.099999905,6.25,5.099999905"
"1156,33362050,0-20 cm,33362050,0.8,154.5,1209,154.5,0.8,Grassland,0.147024411,14664.31111,59.49309921,-2.026170015,40.86296465,-1.682843963,1.205809951,43.23120117,10.75829983,40.66666667,39.16666667,41.66666667,39.33333333,4.900000095,6.099999905,6.25,5.050000191"
"1157,33402048,0-20 cm,33402048,0.9,269.6,1210,269.6,0.9,Cropland,0.154397561,14668.13333,59.49309921,-0.388199002,40.8506685,-1.632676381,1.13823998,41.58470154,10.96809959,39,37.66666667,40.08333333,37.83333333,5.099999905,6.300000191,6.400000095,5.199999809"
"1158,32702146,0-20 cm,32702146,0.6,46.1,1058,46.1,0.6,Woodland,0.201373069,14542.72093,60.56900024,-1.376780033,41.62274222,-2.628597567,1.765359998,36.90190125,10.67169952,34.41666667,33.33333333,35.16666667,33.25,4.75,5.849999905,6,4.849999905"
"1159,34822164,0-20 cm,34822164,1.4,100.5,523,100.5,1.4,Cropland,0.218381979,14793.93333,88.33270264,-2.319890022,42.07149049,-0.13642778,1.723780036,43.80410004,14.88669968,40.91666667,39.33333333,41.66666667,39.41666667,7.650000095,8.800000191,8.899999619,7.800000191"
"1160,34842090,0-20 cm,34842090,2.4,217,395,217,2.4,Cropland,0.1709196,14951.7381,59.98740005,-0.233538002,41.41181859,-0.003159008,0.146495998,33.55179977,15.1420002,31.66666667,30.5,32.5,30.5,8,9.199999809,9.350000381,8.149999619"
"1161,34882040,0-20 cm,34882040,1.6,175.8,462,175.8,1.6,Cropland,0.188331877,14813.82222,58.23939896,-3.110820055,40.96884081,0.115956695,2.679990053,37.5298996,14.4151001,35.33333333,34.25,36.5,34.16666667,8.050000191,9.199999809,9.300000191,8.199999809"
"1162,34882144,0-20 cm,34882144,1.4,116,527,116,1.4,Cropland,0.22587813,14777.37778,71.72750092,-0.785441995,41.89983263,-0.034920375,0.475560993,40.69889832,14.67940044,38.25,36.83333333,39,37.08333333,7.300000191,8.449999809,8.550000191,7.400000095"
"1163,34902136,0-20 cm,34902136,2,143.2,451,143.2,2,Cropland,0.195096427,14840.43182,71.65180206,-3.256059885,41.83065166,0.000739266,6.915989876,36.77320099,15.28489971,34.75,33.16666667,35.25,33.58333333,8.050000191,9.199999809,9.300000191,8.199999809"
"1164,34942070,0-20 cm,34942070,1.1,224.9,299,224.9,1.1,Cropland,0.1600314,14852.75556,40.84989929,-0.580424011,41.24459761,0.143903618,2.423500061,32.82590103,15.52509975,31.16666667,30,31.83333333,30.08333333,8.75,9.899999619,10,8.899999619"
"1165,34982150,0-20 cm,34982150,1.6,170,376,170,1.6,Cropland,0.266558444,14734.91111,81.29370117,-2.627799988,41.96543787,0.075602359,0.424190998,40.60559845,15.06400013,38.16666667,36.75,38.91666667,37.08333333,7.849999905,9.050000191,9.149999619,8.050000191"
"1166,35022090,0-20 cm,35022090,1.7,206.2,348,206.2,1.7,Cropland,0.161085104,14859.77273,45.86059952,-1.068570018,41.43307598,0.209966366,1.178130031,33.78689957,15.31270027,32,31,32.75,30.83333333,8.100000381,9.300000191,9.399999619,8.25"
"1167,35022094,0-20 cm,35022094,1.4,196.8,319,196.8,1.4,Bareland,0.141853588,14898.34091,47.75490189,-1.438140035,41.4688944,0.204257683,0.975892007,33.41650009,15.41790009,31.58333333,30.58333333,32.33333333,30.5,8.100000381,9.300000191,9.399999619,8.25"
"1168,35042146,0-20 cm,35042146,2.3,448.3,340,448.3,2.3,Grassland,0.27983075,14760.72727,73.76080322,-0.914381981,41.93673209,0.153095764,0.349514991,39.11420059,15.12629986,36.83333333,35.5,37.58333333,35.83333333,7.949999809,9.100000381,9.199999809,8.100000381"
"1169,35182124,0-20 cm,35182124,2.1,111.7,268,111.7,2.1,Cropland,0.340710536,14741.48889,72.22329712,-2.202510118,41.75609692,0.351624146,1.044499993,33.87049866,15.0241003,32,30.75,32.75,31.16666667,7.75,8.949999809,9.050000191,7.949999809"
"1170,35342172,0-20 cm,35342172,1,152.6,644,152.6,1,Cropland,0.225723802,14668.28261,79.49770355,-0.593616009,42.20418897,0.47479007,2.852519989,58.16970062,12.40960026,54.66666667,52.75,55.58333333,52.91666667,5.599999905,6.800000191,6.900000095,5.800000191"
"1171,35422176,0-20 cm,35422176,1.2,132.9,1148,132.9,1.2,Cropland,0.22169486,14555,105.2030029,-2.84649992,42.24907095,0.565154118,6.033639908,67.97550201,11.22299957,63.58333333,61.08333333,64.83333333,61.5,4.800000191,6,6.050000191,4.949999809"
"1172,35222098,0-20 cm,35222098,5.1,512,184,512,5.1,Cropland,0.24964448,14863.52273,29.88780022,0.153368995,41.52782739,0.435764816,0.902077019,30.3635006,15.48690033,28.5,27.75,29.33333333,27.66666667,8.300000191,9.550000191,9.649999619,8.5"
"1173,35222116,0-20 cm,35222116,1.4,119.6,301,119.6,1.4,Grassland,0.295438864,14742.93182,56.37310028,-2.667910099,41.68905132,0.410530635,3.964900017,32.07160187,14.92310047,30.41666667,29.33333333,30.91666667,29.41666667,7.650000095,8.850000381,8.949999809,7.800000191"
"1174,35262100,0-20 cm,35262100,2.5,403.1,191,403.1,2.5,Cropland,0.20642775,14865.09091,37.8030014,-2.268589973,41.55030006,0.480447086,1.305660009,30.11070061,15.40909958,28.41666667,27.5,29.08333333,27.5,8.199999809,9.399999619,9.5,8.350000381"
"1175,35282080,0-20 cm,35282080,0.8,210.9,409,210.9,0.8,Cropland,0.188173378,14855.67442,44.67789841,-2.715399981,41.3733731,0.531836864,1.842139959,36.94739914,14.6498003,35.08333333,33.91666667,35.91666667,33.91666667,7.550000191,8.75,8.850000381,7.699999809"
"1176,35302114,0-20 cm,35302114,1.5,169,332,169,1.5,Cropland,0.245938746,14802.61364,60.67689896,-3.236789942,41.68025264,0.508493297,3.207509995,33.4756012,14.52180004,31.58333333,30.58333333,32.25,30.83333333,7.099999905,8.300000191,8.399999619,7.25"
"1177,35342068,0-20 cm,35342068,0.9,184.4,364,184.4,0.9,Cropland,0.19441786,14813.61364,49.70750046,-2.313469887,41.27257442,0.619231899,3.421469927,36.94729996,15.34980011,34.91666667,33.83333333,35.83333333,33.66666667,8.600000381,9.850000381,9.899999619,8.800000191"
"1178,35382120,0-20 cm,35382120,3,202.2,308,202.2,3,Cropland,0.298344996,14816.62222,68.0861969,-0.58011198,41.74302895,0.595386468,0.891031981,33.07360077,14.65110016,31.25,30.16666667,31.91666667,30.41666667,7.25,8.449999809,8.550000191,7.400000095"
"1179,35462116,0-20 cm,35462116,2,266.4,253,266.4,2,Cropland,0.30339529,14783.44444,38.41590118,-2.895800114,41.71612929,0.696136483,1.374600053,33.08580017,14.66709995,31.16666667,30.16666667,31.75,30.41666667,7.400000095,8.600000381,8.75,7.599999905"
"1180,35502098,0-20 cm,35502098,2,208.4,290,208.4,2,Cropland,0.284088773,14818.47727,36.18920135,-2.110899925,41.55924333,0.768139859,2.579509974,33.42589951,14.61149979,31.58333333,30.33333333,32.25,30.41666667,7.650000095,8.850000381,8.899999619,7.800000191"
"1181,35582196,0-20 cm,35582196,4.6,253.5,1338,253.5,4.6,Woodland,0.277184196,14483.47727,72.37000275,-4.032989979,42.44605515,0.729634114,15.69900036,83.6536026,9.987270355,77.58333333,74.58333333,78.75,75.08333333,4.150000095,5.349999905,5.400000095,4.300000191"
"1182,35642110,0-20 cm,35642110,2.7,127.5,274,127.5,2.7,Cropland,0.305956757,14789.97727,54.32289886,-1.345849991,41.68211794,0.918488866,0.517131984,37.30130005,14.41149998,35.16666667,33.91666667,35.83333333,34.08333333,7.699999809,8.949999809,9,7.849999905"
"1183,35642116,0-20 cm,35642116,1.8,220.6,282,220.6,1.8,Cropland,0.313082347,14788.46512,66.41809845,2.010159969,41.73590303,0.910485565,0.473821998,36.96580124,14.40999985,34.83333333,33.75,35.58333333,33.75,7.599999905,8.850000381,8.899999619,7.800000191"
"1184,35662046,0-20 cm,35662046,1.1,218.2,146,218.2,1.1,Cropland,0.218146674,14911.30435,57.28789902,-1.89289999,41.11032007,1.026275667,1.150490046,45.05799866,16.14109993,42,40.58333333,43.33333333,40.08333333,10.85000038,12.05000019,12.14999962,11.05000019"
"1185,35662070,0-20 cm,35662070,1.7,155.5,1090,155.5,1.7,Woodland,0.255988769,14512.22222,67.25340271,-3.319030046,41.32560703,0.995030062,7.31595993,56.96770096,11.06980038,53.33333333,51.75,54.91666667,51.5,4.949999809,6.199999809,6.300000191,5.199999809"
"1186,35662100,0-20 cm,35662100,1.6,312.1,351,312.1,1.6,Cropland,0.268325863,14811.60465,44.39149857,-0.750575006,41.59463074,0.955555174,0.327573001,37.81129837,14.3362999,35.66666667,34.41666667,36.33333333,34.41666667,7.550000191,8.800000191,8.850000381,7.75"
"1187,35662118,0-20 cm,35662118,1.2,241.8,315,241.8,1.2,Cropland,0.286733803,14810.52381,66.41809845,1.465430021,41.75600007,0.931644476,0.610791981,39.84209824,14.09759998,37.58333333,36.25,38.25,36.41666667,7.300000191,8.5,8.600000381,7.449999809"
"1188,35662186,0-20 cm,35662186,3.4,156.1,1338,156.1,3.4,Shrubland,0.24190369,14475.93023,81.66410065,-3.067159891,42.36531825,0.839754694,5.627769947,81.67169952,8.951239586,76.08333333,73.16666667,77.08333333,73.41666667,3.200000048,4.449999809,4.5,3.400000095"
"1189,35682092,0-20 cm,35682092,1.3,144.3,451,144.3,1.3,Cropland,0.20400774,14863.44186,66.27610016,-1.452530026,41.52505459,0.989871644,2.987459898,42.28219986,13.97210026,39.58333333,38.5,40.5,38.33333333,7.150000095,8.399999619,8.449999809,7.300000191"
"1190,35702140,0-20 cm,35702140,3.7,221.1,1043,221.1,3.7,Woodland,0.255959185,14580.1087,93.28800201,-0.740791023,41.95752217,0.950004642,4.770629883,53.94250107,12.32629967,50.58333333,48.83333333,51.41666667,49.16666667,5.849999905,7.099999905,7.150000095,6.050000191"
"1191,35702144,0-20 cm,35702144,2.1,313.9,1056,313.9,2.1,Woodland,0.220362872,14537.06667,93.28800201,-3.190479994,41.99337142,0.944648653,6.652450085,63.47949982,10.62250042,59.41666667,57.33333333,60.58333333,57.83333333,4.449999809,5.699999809,5.75,4.650000095"
"1192,35702180,0-20 cm,35702180,2.9,114.7,1369,114.7,2.9,Woodland,0.246737893,14308.02273,73.38559723,-4.139080048,42.31594183,0.896058241,19.82690048,79.80760193,9.197299957,74.33333333,71.33333333,75.33333333,71.75,3.450000048,4.699999809,4.75,3.700000048"
"1193,35702222,0-20 cm,35702222,3.8,42.6,1514,42.6,3.8,Grassland,0.188086358,14204.55556,61.02700043,-4.876299858,42.69210998,0.838476836,20.27260017,100.572998,6.446680069,93.5,89.91666667,94.75,90.5,0.600000024,1.850000024,1.850000024,0.850000024"
"1194,35742184,0-20 cm,35742184,2.8,134.7,1176,134.7,2.8,Grassland,0.289762607,14514.3913,73.38559723,-3.254040003,42.35612315,0.938745119,10.56820011,75.59570313,10.06949997,70.25,67.33333333,71.41666667,67.75,4.199999809,5.449999809,5.5,4.400000095"
"1195,35762124,0-20 cm,35762124,1.9,271.8,395,271.8,1.9,Cropland,0.247201495,14830.88889,84.88549805,-1.695790052,41.82055591,1.042915745,2.443130016,43.80680084,13.96450043,41.25,39.91666667,42,39.83333333,7.150000095,8.350000381,8.449999809,7.300000191"
"1196,35802100,0-20 cm,35802100,0.8,183.6,429,183.6,0.8,Cropland,0.173536755,14872.06977,49.21720123,3.38696003,41.60961278,1.121984013,0.935308993,44.32839966,14.06729984,41.58333333,40.25,42.58333333,40.08333333,7.25,8.5,8.550000191,7.449999809"
"1197,35802196,0-20 cm,35802196,4.6,184.4,1441,184.4,4.6,Woodland,0.243727748,14356.58537,73.08750153,-4.73570013,42.4701147,0.994782092,10.68500042,102.2699966,5.308259964,95.5,92.08333333,96.66666667,92.5,-0.699999988,0.550000012,0.600000024,-0.449999988"
"1198,35842082,0-20 cm,35842082,0.8,350.1,532,350.1,0.8,Cropland,0.176779283,14736.3913,87.28279877,-2.001290083,41.45238123,1.192741151,1.991770029,46.85020065,13.7784996,44,42.66666667,45,42.41666667,7.599999905,8.800000191,8.899999619,7.800000191"
"1199,35842172,0-20 cm,35842172,2.3,140.8,1265,140.8,2.3,Woodland,0.239220172,14414.97826,103.4049988,-2.885279894,42.259358,1.075101335,6.647580147,68.46140289,9.997220039,63.75,61.41666667,64.5,61.5,4.050000191,5.300000191,5.349999905,4.25"
"1200,35862110,0-20 cm,35862110,2.3,467.9,450,467.9,2.3,Cropland,0.210148108,14842.15556,76.27300262,-2.281749964,41.70563876,1.180410019,1.108870029,47.07759857,13.82110023,44.33333333,42.91666667,45.25,42.75,7.050000191,8.300000191,8.350000381,7.25"
"1201,35882060,0-20 cm,35882060,0.9,291.9,231,291.9,0.9,Cropland,0.210555303,14868.26667,70.39920044,5.438710213,41.25917309,1.268165205,0.699005008,45.87400055,15.14949989,42.91666667,41.5,43.91666667,41.33333333,9.699999809,10.89999962,11,9.899999619"
"1202,35922084,0-20 cm,35922084,1.3,331.5,609,331.5,1.3,Cropland,0.200938936,14721.41304,101.1200027,-2.624150038,41.4786919,1.28510104,2.105989933,51.59349823,12.90159988,48.5,47,49.5,46.75,6.75,7.949999809,8.050000191,6.949999809"
"1203,35942062,0-20 cm,35942062,0.8,146.1,305,146.1,0.8,Cropland,0.204040501,14887.27907,70.39920044,1.199830055,41.28334901,1.336612675,0.37459299,47.84609985,14.96570015,44.83333333,43.33333333,45.83333333,43,9.449999809,10.69999981,10.75,9.600000381"
"1204,35982064,0-20 cm,35982064,0.4,255.6,356,255.6,0.4,Cropland,0.188569461,14810.61364,70.39920044,-3.160360098,41.30542382,1.381438422,4.674849987,49.60229874,14.39039993,46.66666667,45,47.66666667,44.75,8.850000381,10.05000019,10.14999962,9.050000191"
"1205,35982118,0-20 cm,35982118,2.3,451.7,569,451.7,2.3,Cropland,0.239707197,14752.84444,78.89849854,-2.624150038,41.78994108,1.313139564,1.580549955,52.74689865,13.17959976,49.58333333,48,50.5,48,6.599999905,7.849999905,7.900000095,6.800000191"
"1206,35982132,0-20 cm,35982132,1.7,125.4,662,125.4,1.7,Cropland,0.238201934,14644.04545,80.8404007,-1.269829988,41.91550848,1.2951925,1.681650043,53.11510086,12.98110008,49.91666667,48.25,50.75,48.33333333,6.5,7.75,7.800000191,6.699999809"
"1207,36002120,0-20 cm,36002120,2.1,378.8,513,378.8,2.1,Cropland,0.232506359,14767.2,78.89849854,-0.639286995,41.80995429,1.334444455,2.277390003,52.25389862,13.36100006,49.16666667,47.58333333,49.91666667,47.66666667,6.800000191,8.050000191,8.100000381,7"
"1208,36042102,0-20 cm,36042102,2,119.4,771,119.4,2,Cropland,0.239102612,14645.35556,90.22299957,-2.798490047,41.65259674,1.40493619,2.940000057,56.40909958,12.48019981,53.25,51.5,54.16666667,51.33333333,6.150000095,7.400000095,7.449999809,6.349999905"
"1209,36062122,0-20 cm,36062122,1.9,209.4,593,209.4,1.9,Cropland,0.231658031,14703.64444,76.66390228,-2.134429932,41.83408343,1.403508657,1.25146997,55.8614006,12.79759979,52.58333333,50.66666667,53.33333333,50.83333333,6.400000095,7.599999905,7.699999809,6.550000191"
"1210,36182164,0-20 cm,36182164,3,422.9,1056,422.9,3,Woodland,0.230043626,14390.3913,71.86810303,1.816949964,42.22308349,1.494007981,4.807340145,70.96700287,9.013349533,66.25,64,67.41666667,64,3.150000095,4.400000095,4.449999809,3.400000095"
"1211,36302074,0-20 cm,36302074,1.4,351.8,308,351.8,1.4,Cropland,0.219094038,14754.28889,81.59429932,-2.76364994,41.42741856,1.748364044,2.614069939,51.98899841,14.89669991,49.25,47.58333333,50,47.25,9.399999619,10.60000038,10.69999981,9.550000191"
"1212,36362152,0-20 cm,36362152,2.8,153.7,1345,153.7,2.8,Woodland,0.230632889,14426.37778,92.97949982,-4.67964983,42.13349808,1.72511547,4.827879906,80.67240143,8.260569572,76.16666667,73.5,77.08333333,73.66666667,3,4.25,4.300000191,3.200000048"
"1213,36382078,0-20 cm,36382078,0.6,130.8,203,130.8,0.6,Cropland,0.218820334,14766.53333,62.48649979,-1.703780055,41.47117793,1.838525502,4.215829849,51.44589996,15.25909996,48.66666667,47.08333333,49.5,46.83333333,9.649999619,10.89999962,11,9.850000381"
"1214,36482182,0-20 cm,36482182,5.4,94.4,1238,94.4,5.4,Grassland,0.256953271,14572.65217,52.8409996,-3.885230064,42.41448102,1.832658984,7.413310051,76.5007019,8.83411026,72.08333333,69.16666667,72.75,69.58333333,3.150000095,4.349999905,4.400000095,3.349999905"
"1215,36522178,0-20 cm,36522178,5.7,404.1,1163,404.1,5.7,Grassland,0.28263126,14488.28261,52.8409996,-0.312263995,42.38248773,1.885749323,1.781630039,73.47380066,9.394060135,69.25,66.5,70,66.91666667,3.5,4.75,4.800000191,3.75"
"1216,36722152,0-20 cm,36722152,4.7,447.3,846,447.3,4.7,Grassland,0.281318066,14447.6087,78.73750305,-4.286379814,42.16820189,2.157328875,8.767270088,66.92079926,10.65200043,63.58333333,61.08333333,64.16666667,61.33333333,5.25,6.5,6.550000191,5.5"
"1217,36722164,0-20 cm,36722164,3,126.9,1221,126.9,3,Woodland,0.286313648,14364.84091,86.23670197,-2.657860041,42.2759432,2.143295334,15.4453001,75.38960266,9.429470062,72.08333333,69.58333333,72.75,69.75,4.300000191,5.5,5.599999905,4.5"
"1218,36802106,0-20 cm,36802106,2.8,307.6,1084,307.6,2.8,Woodland,0.26998384,14474.28889,107.060997,-4.498350143,41.76246898,2.305971881,18.45269966,71.82360077,10.94040012,68.83333333,66.5,69.66666667,66.5,5.699999809,6.900000095,7,5.900000095"
"1219,36842110,0-20 cm,36842110,3.5,249.6,1253,249.6,3.5,Woodland,0.281994154,14447.69565,107.060997,-4.678450108,41.80207593,2.349210251,13.89710045,76.15059662,9.858719826,73.16666667,71.08333333,74.08333333,70.91666667,4.5,5.75,5.849999905,4.75"
"1220,37322140,0-20 cm,37322140,2,245.6,132,245.6,2,Cropland,0.278624926,14763.04444,72.84899902,2.911339998,42.11405091,2.891328209,2.016849995,53.62519836,14.68470001,51.91666667,50.25,52.16666667,50,9.25,10.44999981,10.55000019,9.5"
"1221,37462124,0-20 cm,37462124,1.4,149.5,80,149.5,1.4,Bareland,0.25440084,14853.04348,69.32430267,3.676939964,41.98194343,3.075944863,0.935308993,47.38880157,15.18879986,45.75,44.25,45.66666667,44.08333333,9.649999619,10.89999962,10.94999981,9.899999619"
"1222,37502154,0-20 cm,37502154,1.4,204.7,57,204.7,1.4,Cropland,0.253990917,14841.80435,80.09449768,1.279060006,42.25500537,3.093171077,0.203152999,43.9679985,15.48910046,42.83333333,41.33333333,42.58333333,41,10.10000038,11.35000038,11.39999962,10.35000038"
